"longitude","latitude"
-147.270833333333,66.8125
-112.270833333333,47.6875
-153.770833333333,42.4375
-128.395833333333,42.3541666666667
-99.6458333333333,33.4791666666667
-144.895833333333,67.1875
-144.145833333333,34.2708333333333
-136.979166666667,31.1458333333333
-97.6041666666667,55.2291666666667
-144.479166666667,51.7708333333333
-135.770833333333,42.6041666666667
-145.145833333333,61.2708333333333
-134.104166666667,30.1041666666667
-108.229166666667,44.0208333333333
-97.7708333333333,51.8125
-137.479166666667,34.8541666666667
-127.604166666667,47.8541666666667
-102.604166666667,51.2291666666667
-99.3541666666667,65.9791666666667
-102.770833333333,65.3125
-152.229166666667,30.7291666666667
-147.4375,51.6875
-131.3125,51.2291666666667
-102.145833333333,62.4375
-146.145833333333,52.7291666666667
-132.9375,49.0208333333333
-146.4375,46.2291666666667
-132.145833333333,37.5208333333333
-113.854166666667,50.4791666666667
-99.2291666666667,40.8541666666667
-114.6875,50.8541666666667
-145.895833333333,29.3541666666667
-139.0625,56.1041666666667
-139.8125,68.5208333333333
-123.020833333333,41.4375
-134.9375,66.0625
-137.770833333333,56.6458333333333
-146.645833333333,39.7291666666667
-156.5625,64.7291666666667
-106.645833333333,40.9791666666667
-155.479166666667,31.1458333333333
-154.6875,70.5208333333333
-120.9375,32.3541666666667
-138.9375,70.0208333333333
-119.604166666667,63.4791666666667
-138.729166666667,69.0208333333333
-142.354166666667,56.8541666666667
-118.9375,36.6041666666667
-115.1875,35.1875
-156.0625,38.1875
-129.6875,38.5208333333333
-104.0625,42.3958333333333
-147.854166666667,37.1458333333333
-153.6875,63.0625
-97.5625,47.5208333333333
-129.479166666667,30.2291666666667
-115.9375,32.6041666666667
-116.5625,60.6041666666667
-97.7291666666667,36.0625
-138.229166666667,45.5625
-141.145833333333,55.6041666666667
-137.8125,35.6041666666667
-141.1875,69.8125
-130.229166666667,52.6875
-129.145833333333,63.3541666666667
-115.3125,43.6458333333333
-110.229166666667,56.9791666666667
-142.8125,35.4791666666667
-99.3958333333333,49.0208333333333
-113.9375,56.1458333333333
-115.395833333333,38.8958333333333
-111.729166666667,47.9791666666667
-110.4375,56.1458333333333
-115.145833333333,41.8125
-135.6875,31.7291666666667
-97.6875,61.2291666666667
-132.395833333333,39.1041666666667
-112.3125,38.8125
-142.4375,43.8958333333333
-148.8125,54.1041666666667
-104.770833333333,47.9375
-149.0625,61.1875
-154.729166666667,36.1875
-107.5625,41.2708333333333
-156.104166666667,37.1875
-154.604166666667,49.4791666666667
-153.895833333333,46.3541666666667
-153.6875,41.2708333333333
-101.0625,51.9375
-145.354166666667,63.1458333333333
-122.9375,56.2708333333333
-119.354166666667,60.7708333333333
-109.270833333333,37.5625
-133.6875,29.8541666666667
-130.104166666667,30.7708333333333
-106.5625,29.3958333333333
-125.3125,45.3125
-138.8125,34.1458333333333
-104.020833333333,54.2291666666667
-140.145833333333,60.3958333333333
-134.770833333333,44.7708333333333
-126.020833333333,36.3541666666667
-145.854166666667,70.3958333333333
-153.645833333333,52.8958333333333
-122.854166666667,48.1875
-156.270833333333,33.8125
-99.4375,47.9375
-144.979166666667,60.7708333333333
-131.1875,31.2291666666667
-147.520833333333,68.1041666666667
-109.979166666667,41.2291666666667
-99.0208333333333,32.7708333333333
-118.895833333333,34.8541666666667
-138.145833333333,30.2708333333333
-116.3125,60.6041666666667
-142.0625,36.6875
-111.395833333333,50.2291666666667
-146.145833333333,69.8125
-151.4375,37.4791666666667
-133.145833333333,33.5625
-104.854166666667,33.1875
-126.979166666667,67.4791666666667
-116.770833333333,36.0625
-150.729166666667,49.7708333333333
-102.979166666667,31.4791666666667
-138.1875,31.3958333333333
-131.729166666667,44.8125
-134.645833333333,47.2708333333333
-152.479166666667,40.0625
-118.0625,32.4791666666667
-101.8125,62.4375
-126.145833333333,33.8125
-147.6875,61.6458333333333
-103.645833333333,42.6041666666667
-151.145833333333,47.8541666666667
-131.020833333333,69.7291666666667
-149.645833333333,56.8541666666667
-130.770833333333,69.0208333333333
-107.354166666667,35.1458333333333
-130.8125,55.3958333333333
-134.145833333333,57.7291666666667
-116.395833333333,50.7291666666667
-134.145833333333,32.9791666666667
-110.104166666667,43.3958333333333
-141.9375,29.6041666666667
-143.895833333333,58.6458333333333
-153.604166666667,32.2291666666667
-143.9375,42.6041666666667
-120.395833333333,60.3541666666667
-115.770833333333,55.8541666666667
-113.270833333333,35.8958333333333
-144.895833333333,42.5625
-151.5625,53.8125
-105.8125,49.4791666666667
-145.479166666667,39.5625
-140.604166666667,60.5208333333333
-111.270833333333,34.1041666666667
-100.979166666667,38.3125
-110.895833333333,57.6041666666667
-100.979166666667,43.3125
-120.8125,44.5625
-109.354166666667,42.4375
-138.3125,37.8958333333333
-145.270833333333,72.1458333333333
-119.770833333333,63.5625
-141.020833333333,32.7708333333333
-113.604166666667,49.8125
-128.3125,31.6041666666667
-131.354166666667,43.3125
-123.270833333333,72.1041666666667
-109.895833333333,29.7708333333333
-121.3125,66.8125
-128.5625,29.7708333333333
-154.520833333333,53.9791666666667
-132.854166666667,41.1875
-146.395833333333,41.1875
-109.5625,49.5625
-142.4375,46.5625
-156.770833333333,38.3125
-114.729166666667,45.5625
-152.270833333333,39.5208333333333
-105.1875,47.6041666666667
-116.3125,50.7708333333333
-114.520833333333,46.5625
-121.645833333333,32.8125
-131.0625,65.6875
-151.479166666667,35.3541666666667
-113.770833333333,37.3125
-124.9375,32.8125
-153.1875,41.5625
-106.6875,64.2708333333333
-118.895833333333,55.3541666666667
-156.604166666667,39.8958333333333
-153.395833333333,32.8541666666667
-125.9375,54.9791666666667
-132.5625,36.7291666666667
-133.354166666667,47.1458333333333
-129.770833333333,53.8958333333333
-121.645833333333,47.8958333333333
-105.729166666667,47.0208333333333
-146.479166666667,53.8125
-115.395833333333,30.3125
-141.020833333333,41.2291666666667
-122.229166666667,48.8125
-123.6875,54.1458333333333
-99.1875,51.0208333333333
-122.0625,56.9375
-120.229166666667,45.5208333333333
-142.770833333333,54.8125
-139.0625,44.5208333333333
-119.8125,53.2291666666667
-149.145833333333,40.1041666666667
-121.104166666667,50.1041666666667
-111.729166666667,50.1041666666667
-132.645833333333,50.1041666666667
-148.354166666667,35.7291666666667
-148.270833333333,65.3958333333333
-113.729166666667,35.7291666666667
-153.8125,56.1875
-109.395833333333,49.2291666666667
-100.645833333333,34.3541666666667
-128.979166666667,39.9375
-121.604166666667,35.9791666666667
-114.9375,61.2708333333333
-110.520833333333,33.5625
-119.8125,34.6041666666667
-127.8125,51.3541666666667
-134.229166666667,51.4375
-111.520833333333,32.1458333333333
-119.6875,40.9791666666667
-129.479166666667,53.5208333333333
-127.229166666667,40.6041666666667
-110.770833333333,33.6875
-139.270833333333,54.1041666666667
-122.604166666667,66.4791666666667
-153.645833333333,52.1041666666667
-106.8125,38.3958333333333
-120.604166666667,71.1041666666667
-154.770833333333,32.2708333333333
-144.3125,65.5625
-117.3125,50.3125
-129.895833333333,34.3958333333333
-103.729166666667,31.1041666666667
-133.1875,43.9375
-114.479166666667,35.5625
-156.770833333333,56.0625
-113.479166666667,44.4791666666667
-107.9375,64.8541666666667
-142.770833333333,34.3541666666667
-102.1875,35.5625
-142.395833333333,41.6041666666667
-133.6875,61.2291666666667
-134.5625,54.8541666666667
-146.8125,33.6041666666667
-126.229166666667,57.7291666666667
-135.270833333333,32.9791666666667
-119.479166666667,71.2708333333333
-133.5625,47.6458333333333
-120.979166666667,63.0208333333333
-130.479166666667,59.2291666666667
-120.979166666667,40.1458333333333
-152.604166666667,38.5208333333333
-103.354166666667,67.3125
-100.3125,33.9375
-143.354166666667,32.0208333333333
-113.8125,38.1041666666667
-143.520833333333,36.1458333333333
-136.395833333333,58.0625
-153.895833333333,53.1875
-131.4375,54.5208333333333
-110.6875,29.1458333333333
-123.0625,56.0208333333333
-145.5625,51.3958333333333
-109.270833333333,68.6458333333333
-114.8125,43.2708333333333
-120.354166666667,47.2291666666667
-138.645833333333,51.6875
-135.520833333333,41.2708333333333
-125.270833333333,47.1041666666667
-140.645833333333,29.1458333333333
-106.729166666667,31.6041666666667
-118.520833333333,45.7291666666667
-122.5625,29.0208333333333
-143.520833333333,49.0208333333333
-104.145833333333,30.8125
-146.270833333333,49.9375
-133.770833333333,34.3958333333333
-130.895833333333,62.4375
-101.3125,46.3125
-136.895833333333,65.8541666666667
-97.6458333333333,69.3125
-110.9375,30.6458333333333
-118.354166666667,64.2291666666667
-137.145833333333,37.1458333333333
-146.479166666667,36.2291666666667
-145.104166666667,42.9375
-101.979166666667,70.4375
-116.645833333333,72.4791666666667
-120.145833333333,39.2291666666667
-117.979166666667,69.9375
-151.354166666667,36.1875
-101.395833333333,44.8125
-105.854166666667,31.1041666666667
-112.4375,50.9375
-131.854166666667,67.3125
-107.020833333333,58.5208333333333
-153.770833333333,48.0625
-143.6875,29.1875
-153.5625,35.2708333333333
-139.645833333333,60.4791666666667
-112.104166666667,56.8125
-117.354166666667,63.2708333333333
-116.5625,34.1041666666667
-142.604166666667,47.0208333333333
-117.770833333333,52.6875
-126.145833333333,31.0208333333333
-128.145833333333,55.0625
-133.8125,70.7291666666667
-106.145833333333,36.1458333333333
-149.9375,50.8125
-98.1875,38.1041666666667
-150.520833333333,71.5208333333333
-128.229166666667,37.2291666666667
-112.604166666667,36.7708333333333
-146.4375,59.3541666666667
-117.1875,67.1041666666667
-118.3125,57.8541666666667
-137.395833333333,45.7708333333333
-97.4791666666667,62.4375
-97.3958333333333,67.0208333333333
-128.604166666667,50.6875
-143.6875,46.6875
-127.729166666667,64.4791666666667
-150.729166666667,53.4791666666667
-98.4791666666667,72.9375
-100.104166666667,49.3125
-133.770833333333,60.6458333333333
-115.729166666667,65.4375
-102.729166666667,52.3125
-147.5625,54.6875
-119.895833333333,39.9375
-110.645833333333,56.3958333333333
-97.8541666666667,55.4375
-124.645833333333,65.9375
-145.729166666667,36.3541666666667
-152.3125,63.7708333333333
-119.479166666667,63.5625
-117.645833333333,58.4791666666667
-152.395833333333,59.5208333333333
-99.7291666666667,30.3541666666667
-110.770833333333,33.9791666666667
-131.604166666667,30.9375
-127.604166666667,48.8125
-117.520833333333,44.3958333333333
-140.104166666667,70.8541666666667
-106.4375,64.9791666666667
-154.020833333333,65.2291666666667
-153.770833333333,45.9791666666667
-105.354166666667,44.9375
-127.479166666667,57.8958333333333
-138.729166666667,35.9375
-114.020833333333,48.8125
-140.979166666667,34.0625
-99.6041666666667,51.3958333333333
-122.479166666667,45.4375
-117.729166666667,68.4791666666667
-104.854166666667,56.3541666666667
-142.270833333333,31.8125
-132.395833333333,47.2291666666667
-120.354166666667,50.3958333333333
-155.645833333333,36.6875
-113.145833333333,56.3541666666667
-107.895833333333,37.1875
-124.4375,58.3125
-121.229166666667,56.1875
-104.604166666667,32.5208333333333
-154.520833333333,46.5208333333333
-115.854166666667,38.9375
-127.395833333333,46.9375
-103.104166666667,33.7291666666667
-99.2291666666667,54.9791666666667
-113.729166666667,33.0625
-133.3125,34.2291666666667
-146.270833333333,61.4791666666667
-150.3125,30.9791666666667
-104.895833333333,39.5208333333333
-109.520833333333,49.1875
-143.5625,39.6458333333333
-142.729166666667,31.6041666666667
-107.020833333333,31.0625
-100.979166666667,32.5208333333333
-135.5625,41.3958333333333
-113.3125,53.0208333333333
-140.395833333333,70.3541666666667
-126.854166666667,30.2708333333333
-119.229166666667,68.5208333333333
-133.645833333333,49.5208333333333
-100.395833333333,51.8125
-111.520833333333,33.6875
-146.145833333333,34.6458333333333
-125.604166666667,34.1458333333333
-106.395833333333,58.5625
-140.229166666667,44.4375
-130.729166666667,54.8541666666667
-109.8125,42.2291666666667
-134.1875,44.1458333333333
-143.729166666667,48.8958333333333
-128.354166666667,59.9791666666667
-133.229166666667,32.0625
-126.729166666667,51.4375
-125.6875,51.1875
-127.9375,48.5208333333333
-137.0625,56.8958333333333
-147.520833333333,62.3125
-135.104166666667,61.7291666666667
-153.104166666667,55.1041666666667
-120.3125,30.1458333333333
-123.854166666667,46.3958333333333
-130.5625,43.2291666666667
-131.4375,63.1458333333333
-101.395833333333,38.0208333333333
-114.645833333333,67.4375
-120.8125,40.3125
-138.645833333333,55.6875
-148.395833333333,61.1041666666667
-152.3125,32.0625
-112.729166666667,31.1041666666667
-117.604166666667,43.4791666666667
-155.770833333333,61.3541666666667
-155.520833333333,62.3541666666667
-152.104166666667,34.0625
-113.729166666667,40.4791666666667
-110.604166666667,70.3541666666667
-98.0625,63.4791666666667
-102.895833333333,71.1458333333333
-120.270833333333,60.6875
-143.8125,39.2291666666667
-155.5625,61.6041666666667
-138.9375,29.1875
-130.4375,31.4791666666667
-149.979166666667,34.7291666666667
-149.395833333333,34.7291666666667
-153.729166666667,48.7291666666667
-151.4375,49.6041666666667
-127.5625,65.6875
-98.5625,43.6875
-118.3125,38.3541666666667
-135.270833333333,45.0625
-129.1875,36.9791666666667
-121.020833333333,67.5625
-141.895833333333,64.1041666666667
-156.6875,67.1875
-143.0625,32.6041666666667
-147.979166666667,32.1458333333333
-128.979166666667,40.6041666666667
-139.270833333333,42.0625
-134.770833333333,30.0625
-97.8958333333333,38.8541666666667
-153.145833333333,39.5625
-115.479166666667,56.3125
-109.520833333333,71.4791666666667
-133.520833333333,50.5208333333333
-113.854166666667,60.2708333333333
-150.270833333333,50.0208333333333
-106.5625,53.3958333333333
-115.8125,46.2291666666667
-114.854166666667,65.3125
-121.3125,37.5625
-151.1875,54.8541666666667
-145.770833333333,46.6458333333333
-136.479166666667,30.3125
-114.229166666667,41.7708333333333
-155.770833333333,43.6875
-128.104166666667,29.8125
-126.9375,46.8125
-128.0625,44.5208333333333
-151.979166666667,31.6875
-100.270833333333,40.9375
-116.104166666667,52.4375
-133.895833333333,40.0208333333333
-127.1875,35.8958333333333
-137.604166666667,36.3125
-151.4375,35.2708333333333
-132.5625,61.3958333333333
-123.479166666667,61.1041666666667
-103.1875,35.8958333333333
-110.770833333333,64.7708333333333
-154.895833333333,31.3541666666667
-110.0625,35.8541666666667
-102.520833333333,46.4791666666667
-149.145833333333,31.1041666666667
-141.1875,44.2708333333333
-111.270833333333,71.4791666666667
-104.854166666667,49.6458333333333
-138.854166666667,44.9375
-140.979166666667,58.7291666666667
-127.145833333333,49.0208333333333
-156.520833333333,58.6875
-151.9375,49.6458333333333
-111.0625,69.1041666666667
-122.0625,70.2708333333333
-117.3125,55.5208333333333
-125.854166666667,48.9791666666667
-122.9375,40.4791666666667
-137.770833333333,42.1458333333333
-132.645833333333,54.8958333333333
-129.354166666667,47.6458333333333
-122.354166666667,72.6041666666667
-122.895833333333,48.9375
-126.895833333333,49.7708333333333
-134.229166666667,51.8958333333333
-108.1875,68.7708333333333
-108.479166666667,44.7708333333333
-156.770833333333,36.1041666666667
-97.8125,57.4791666666667
-105.770833333333,72.1458333333333
-147.020833333333,56.5625
-119.6875,41.1041666666667
-131.354166666667,34.6458333333333
-100.9375,44.4375
-126.3125,60.7708333333333
-100.0625,48.4375
-149.270833333333,43.8541666666667
-98.5208333333333,68.3125
-111.520833333333,30.2291666666667
-105.020833333333,48.1458333333333
-123.354166666667,56.9375
-146.604166666667,47.0625
-128.9375,38.0208333333333
-117.395833333333,43.4375
-139.979166666667,30.9791666666667
-129.9375,35.0208333333333
-115.854166666667,49.7708333333333
-142.604166666667,54.8958333333333
-149.104166666667,32.3958333333333
-109.354166666667,29.3541666666667
-102.4375,60.8958333333333
-142.5625,34.1458333333333
-135.729166666667,49.7291666666667
-126.770833333333,39.8125
-149.145833333333,59.4375
-147.6875,54.2291666666667
-124.604166666667,50.6458333333333
-152.3125,35.6041666666667
-122.6875,36.4375
-129.895833333333,34.8541666666667
-132.895833333333,39.0625
-154.145833333333,31.1875
-136.395833333333,67.9375
-122.5625,40.8958333333333
-148.520833333333,62.0208333333333
-105.354166666667,31.1041666666667
-150.4375,29.5208333333333
-149.104166666667,65.7291666666667
-143.5625,54.0625
-155.979166666667,71.3541666666667
-115.479166666667,32.3541666666667
-129.354166666667,58.9791666666667
-142.4375,35.7291666666667
-111.104166666667,42.7291666666667
-121.520833333333,58.1875
-155.9375,48.1041666666667
-137.520833333333,43.6458333333333
-145.895833333333,49.5208333333333
-132.5625,49.8958333333333
-132.479166666667,55.3541666666667
-125.729166666667,56.7708333333333
-108.479166666667,53.9375
-156.520833333333,35.0625
-117.104166666667,40.1458333333333
-119.895833333333,36.7708333333333
-118.5625,47.1041666666667
-110.395833333333,30.1458333333333
-153.979166666667,70.1875
-150.479166666667,52.3541666666667
-97.4791666666667,30.6458333333333
-148.5625,37.7708333333333
-151.895833333333,59.6041666666667
-143.229166666667,35.3541666666667
-105.229166666667,31.6041666666667
-114.5625,37.8125
-101.729166666667,43.6458333333333
-142.645833333333,48.2708333333333
-153.520833333333,40.3541666666667
-141.895833333333,30.9375
-121.1875,58.6875
-129.4375,69.3125
-154.6875,63.8541666666667
-127.604166666667,44.2708333333333
-142.604166666667,71.6875
-107.604166666667,62.6458333333333
-143.104166666667,59.8958333333333
-104.729166666667,28.9375
-138.020833333333,45.5625
-97.5208333333333,43.1041666666667
-122.3125,52.7291666666667
-103.520833333333,30.8541666666667
-98.1875,58.1041666666667
-146.895833333333,39.0208333333333
-111.5625,51.3958333333333
-153.729166666667,35.0208333333333
-144.5625,52.6875
-110.979166666667,44.4375
-109.4375,58.9791666666667
-151.604166666667,56.3958333333333
-153.020833333333,54.3541666666667
-139.854166666667,29.8958333333333
-111.6875,56.8958333333333
-123.395833333333,44.3125
-144.104166666667,37.5208333333333
-103.0625,29.5625
-146.645833333333,67.6875
-156.3125,38.9791666666667
-151.270833333333,46.1458333333333
-136.1875,53.6041666666667
-137.145833333333,59.5208333333333
-103.354166666667,61.3125
-139.9375,44.3958333333333
-106.145833333333,58.7708333333333
-113.0625,46.4791666666667
-148.604166666667,69.5625
-142.520833333333,31.2708333333333
-111.0625,39.3125
-130.1875,46.8541666666667
-122.1875,31.2708333333333
-117.520833333333,38.3541666666667
-123.604166666667,30.7291666666667
-124.395833333333,49.3958333333333
-133.270833333333,67.6458333333333
-116.645833333333,29.0208333333333
-127.895833333333,57.5625
-108.4375,67.0625
-127.270833333333,35.3958333333333
-123.354166666667,60.7708333333333
-129.395833333333,45.2708333333333
-101.729166666667,36.5208333333333
-150.1875,41.5625
-98.0208333333333,62.3125
-117.729166666667,50.9791666666667
-103.270833333333,29.2708333333333
-126.3125,40.2708333333333
-107.6875,38.2291666666667
-143.9375,29.1875
-108.270833333333,31.9375
-111.145833333333,72.1458333333333
-147.395833333333,32.1041666666667
-155.270833333333,48.8958333333333
-105.0625,47.5208333333333
-128.3125,34.5625
-152.895833333333,34.8125
-134.979166666667,33.1875
-127.354166666667,45.1458333333333
-139.0625,69.8125
-144.229166666667,32.4375
-107.3125,72.3541666666667
-129.729166666667,32.2708333333333
-116.3125,65.3958333333333
-150.520833333333,33.0208333333333
-131.229166666667,30.6041666666667
-122.395833333333,52.5625
-153.0625,56.3541666666667
-145.020833333333,42.7291666666667
-124.979166666667,44.0625
-151.895833333333,41.5625
-141.8125,35.6041666666667
-118.229166666667,30.5208333333333
-154.5625,31.3541666666667
-139.0625,38.7708333333333
-144.5625,59.1875
-108.604166666667,57.5208333333333
-135.729166666667,42.4791666666667
-130.4375,44.5625
-138.145833333333,54.7708333333333
-99.7291666666667,40.0625
-103.3125,53.0625
-112.104166666667,49.3125
-153.854166666667,36.7708333333333
-98.4375,31.5208333333333
-152.479166666667,52.9791666666667
-126.479166666667,67.0208333333333
-119.0625,46.3125
-118.645833333333,46.3541666666667
-119.1875,57.8541666666667
-147.270833333333,42.9791666666667
-98.0208333333333,32.9791666666667
-135.4375,46.6458333333333
-150.854166666667,54.8958333333333
-102.5625,46.5208333333333
-97.7708333333333,66.1041666666667
-150.479166666667,61.9375
-111.9375,63.7708333333333
-113.729166666667,64.9375
-104.854166666667,41.9791666666667
-146.1875,53.1458333333333
-134.354166666667,31.2708333333333
-117.979166666667,64.2708333333333
-143.5625,48.4375
-119.104166666667,43.0208333333333
-131.104166666667,31.5625
-104.895833333333,34.1875
-142.6875,34.8958333333333
-145.104166666667,43.1875
-121.354166666667,41.6458333333333
-149.3125,37.1458333333333
-153.854166666667,64.1875
-117.3125,40.0625
-102.104166666667,56.1041666666667
-104.854166666667,58.6041666666667
-154.604166666667,45.9791666666667
-119.229166666667,62.0625
-107.3125,44.8958333333333
-97.9375,36.3541666666667
-156.4375,30.9791666666667
-119.729166666667,31.2708333333333
-149.104166666667,42.7291666666667
-152.3125,64.3958333333333
-133.979166666667,59.8958333333333
-133.145833333333,58.9791666666667
-148.1875,36.0208333333333
-134.854166666667,40.8125
-119.979166666667,40.7708333333333
-98.6875,40.7708333333333
-130.604166666667,64.4791666666667
-124.9375,38.5625
-109.479166666667,42.5208333333333
-142.854166666667,34.1458333333333
-138.354166666667,63.3958333333333
-137.395833333333,36.0625
-102.1875,32.2291666666667
-109.5625,33.1875
-129.354166666667,44.2291666666667
-146.354166666667,55.0208333333333
-129.645833333333,68.3541666666667
-138.729166666667,30.4791666666667
-149.770833333333,40.5625
-114.8125,59.2708333333333
-152.854166666667,39.3958333333333
-110.145833333333,55.8958333333333
-145.1875,50.1458333333333
-100.354166666667,59.2291666666667
-144.6875,40.8958333333333
-119.1875,67.6458333333333
-114.0625,34.1458333333333
-145.479166666667,45.7291666666667
-126.979166666667,51.5625
-125.3125,38.7708333333333
-128.854166666667,37.3958333333333
-144.1875,43.8958333333333
-110.1875,42.2708333333333
-138.270833333333,53.6041666666667
-104.8125,30.1041666666667
-108.395833333333,61.8125
-121.229166666667,54.4375
-117.645833333333,65.8541666666667
-128.229166666667,42.6041666666667
-116.729166666667,60.3958333333333
-140.1875,45.4791666666667
-116.9375,53.5208333333333
-99.9375,57.9375
-138.729166666667,72.3541666666667
-133.854166666667,58.0208333333333
-141.9375,46.2708333333333
-137.270833333333,67.1875
-143.0625,47.0208333333333
-151.6875,29.8125
-142.479166666667,47.6458333333333
-125.229166666667,34.5208333333333
-117.979166666667,55.6458333333333
-151.0625,39.2708333333333
-156.0625,40.3541666666667
-141.4375,72.1041666666667
-136.270833333333,54.2708333333333
-130.0625,67.5625
-133.020833333333,33.8125
-121.1875,29.8958333333333
-140.854166666667,50.5625
-119.645833333333,30.8125
-146.520833333333,29.8958333333333
-113.479166666667,30.2708333333333
-146.3125,30.5625
-122.145833333333,39.4791666666667
-104.6875,48.6875
-135.3125,68.6458333333333
-129.1875,52.6875
-109.104166666667,54.1458333333333
-151.0625,31.8541666666667
-152.3125,44.9375
-117.604166666667,56.0625
-128.395833333333,62.2291666666667
-121.104166666667,65.9375
-107.145833333333,43.1041666666667
-112.270833333333,47.5625
-142.4375,53.1875
-151.520833333333,57.2708333333333
-100.895833333333,39.9375
-125.020833333333,54.9375
-126.104166666667,55.3125
-133.4375,44.7708333333333
-153.395833333333,36.2291666666667
-132.604166666667,45.3958333333333
-100.604166666667,62.8541666666667
-129.270833333333,57.9791666666667
-135.020833333333,61.2291666666667
-153.604166666667,63.3541666666667
-141.270833333333,35.0208333333333
-151.770833333333,51.5625
-132.645833333333,58.3958333333333
-103.5625,64.4375
-113.104166666667,37.9791666666667
-136.8125,41.0625
-125.354166666667,37.0208333333333
-152.020833333333,51.7291666666667
-124.395833333333,49.5208333333333
-131.645833333333,33.1458333333333
-133.895833333333,40.4791666666667
-119.6875,50.7291666666667
-116.270833333333,31.3541666666667
-134.104166666667,32.3125
-142.5625,61.1458333333333
-122.5625,72.3125
-97.7291666666667,54.5208333333333
-118.104166666667,36.2708333333333
-138.9375,39.2708333333333
-141.729166666667,45.8125
-129.979166666667,42.3958333333333
-101.854166666667,55.6458333333333
-141.104166666667,41.2291666666667
-119.354166666667,48.1458333333333
-104.229166666667,64.8541666666667
-137.8125,56.3958333333333
-126.020833333333,33.4791666666667
-104.5625,32.5625
-147.1875,30.8125
-102.4375,48.1875
-138.979166666667,64.1458333333333
-134.9375,46.6458333333333
-128.854166666667,47.5625
-144.1875,41.6875
-136.104166666667,53.6875
-155.395833333333,49.9791666666667
-132.520833333333,50.5208333333333
-97.9791666666667,44.4375
-144.395833333333,36.8125
-119.229166666667,37.4375
-134.9375,43.1875
-121.5625,32.3125
-116.0625,51.1458333333333
-147.270833333333,45.1458333333333
-123.0625,61.6041666666667
-142.8125,54.1875
-147.145833333333,52.4791666666667
-124.479166666667,41.2708333333333
-147.229166666667,58.1458333333333
-141.479166666667,41.0208333333333
-152.270833333333,43.2291666666667
-155.4375,49.3958333333333
-108.5625,40.2708333333333
-128.229166666667,63.9375
-131.1875,29.7291666666667
-99.8958333333333,39.1458333333333
-122.395833333333,33.6041666666667
-125.1875,48.4375
-142.895833333333,36.6041666666667
-100.1875,63.1875
-125.979166666667,53.7291666666667
-120.9375,53.4375
-154.3125,33.0625
-140.520833333333,36.2291666666667
-127.270833333333,42.1041666666667
-138.145833333333,64.0208333333333
-100.645833333333,39.8541666666667
-136.229166666667,37.9791666666667
-119.270833333333,40.4791666666667
-123.729166666667,32.6041666666667
-154.1875,31.5208333333333
-116.4375,42.9375
-105.895833333333,31.2291666666667
-110.270833333333,28.9791666666667
-99.6458333333333,49.5208333333333
-137.145833333333,34.3541666666667
-154.1875,60.3541666666667
-105.895833333333,36.1875
-131.354166666667,59.1875
-153.520833333333,45.0625
-125.979166666667,30.4791666666667
-143.854166666667,32.8958333333333
-120.645833333333,58.8125
-125.8125,44.7708333333333
-123.479166666667,32.8541666666667
-125.4375,41.1041666666667
-116.145833333333,72.5625
-109.395833333333,58.8541666666667
-122.395833333333,63.3541666666667
-146.645833333333,28.9791666666667
-106.3125,35.6041666666667
-114.854166666667,47.5208333333333
-132.9375,51.9791666666667
-150.604166666667,67.1041666666667
-137.770833333333,35.8541666666667
-143.020833333333,46.0625
-121.770833333333,35.8541666666667
-137.354166666667,62.1458333333333
-132.3125,37.8958333333333
-142.6875,57.9791666666667
-141.520833333333,44.6458333333333
-105.395833333333,57.6875
-109.3125,44.6875
-145.104166666667,37.6875
-142.270833333333,41.1875
-121.3125,39.7708333333333
-109.0625,30.7291666666667
-142.3125,29.7708333333333
-138.5625,30.0625
-148.520833333333,64.9375
-139.020833333333,68.2291666666667
-133.479166666667,51.1458333333333
-116.145833333333,38.1458333333333
-132.645833333333,36.9375
-142.395833333333,42.3125
-154.1875,39.6458333333333
-143.1875,52.7291666666667
-156.604166666667,36.0208333333333
-145.645833333333,32.2708333333333
-156.104166666667,30.6458333333333
-134.4375,32.3958333333333
-115.3125,47.2708333333333
-121.5625,30.7708333333333
-100.354166666667,36.0625
-109.104166666667,51.1041666666667
-126.770833333333,58.8958333333333
-104.0625,69.4791666666667
-100.9375,56.2291666666667
-138.604166666667,33.1041666666667
-116.9375,57.7708333333333
-125.354166666667,48.9791666666667
-151.479166666667,38.4375
-110.229166666667,43.9791666666667
-113.520833333333,39.7708333333333
-132.354166666667,34.1458333333333
-143.770833333333,61.7708333333333
-154.9375,42.3125
-143.604166666667,30.2708333333333
-128.395833333333,59.1041666666667
-146.4375,46.6041666666667
-100.4375,31.9791666666667
-98.5208333333333,35.9791666666667
-129.8125,43.3541666666667
-137.979166666667,72.7708333333333
-138.5625,31.6875
-101.8125,31.6041666666667
-107.479166666667,30.1875
-108.0625,44.3541666666667
-101.395833333333,35.2708333333333
-135.479166666667,38.7291666666667
-98.7708333333333,51.6875
-108.3125,29.7291666666667
-114.145833333333,67.2708333333333
-139.0625,43.1875
-146.270833333333,36.3958333333333
-149.645833333333,50.2291666666667
-121.6875,40.5208333333333
-122.5625,37.1041666666667
-122.6875,50.9375
-140.520833333333,45.1041666666667
-120.479166666667,32.6875
-149.145833333333,55.6458333333333
-103.5625,40.4791666666667
-155.270833333333,29.3541666666667
-150.520833333333,49.5208333333333
-120.520833333333,46.9791666666667
-121.979166666667,67.1458333333333
-143.895833333333,42.7708333333333
-137.729166666667,37.7708333333333
-129.104166666667,29.8958333333333
-114.645833333333,67.0208333333333
-140.479166666667,57.6458333333333
-128.770833333333,41.9375
-148.4375,48.3541666666667
-155.8125,36.2708333333333
-98.9375,35.5625
-102.729166666667,34.9375
-107.604166666667,39.2291666666667
-100.0625,43.1041666666667
-146.854166666667,44.6875
-123.354166666667,42.6458333333333
-146.479166666667,57.1041666666667
-111.895833333333,67.5625
-99.3125,50.8958333333333
-133.1875,29.1875
-143.895833333333,40.2291666666667
-139.145833333333,48.6041666666667
-103.0625,52.2291666666667
-110.895833333333,59.8125
-115.5625,37.9791666666667
-145.020833333333,70.9375
-133.854166666667,39.5208333333333
-141.5625,43.1041666666667
-120.520833333333,61.6041666666667
-99.8958333333333,29.1458333333333
-139.145833333333,36.0208333333333
-129.770833333333,30.9375
-124.979166666667,30.5208333333333
-97.9791666666667,67.2291666666667
-142.229166666667,34.6041666666667
-101.6875,36.1875
-149.3125,65.3958333333333
-103.770833333333,58.8958333333333
-130.395833333333,57.0625
-99.8125,44.9791666666667
-97.6041666666667,35.2708333333333
-144.6875,45.5625
-153.479166666667,35.9791666666667
-121.645833333333,39.6875
-150.395833333333,61.1041666666667
-142.395833333333,57.6458333333333
-124.6875,34.8541666666667
-115.979166666667,29.1875
-129.645833333333,41.3958333333333
-152.354166666667,45.7291666666667
-140.729166666667,32.7708333333333
-118.395833333333,32.1458333333333
-150.3125,56.1458333333333
-98.3541666666667,33.3541666666667
-149.270833333333,40.1875
-138.145833333333,64.3958333333333
-137.479166666667,42.6875
-150.354166666667,57.6041666666667
-116.895833333333,32.4375
-156.0625,55.7708333333333
-152.395833333333,60.7291666666667
-106.895833333333,34.5625
-146.145833333333,44.1875
-110.604166666667,61.7291666666667
-111.6875,35.3541666666667
-106.479166666667,57.6041666666667
-139.729166666667,54.8125
-114.270833333333,39.8958333333333
-116.020833333333,64.6458333333333
-142.979166666667,61.2708333333333
-98.3541666666667,44.8541666666667
-136.1875,34.4791666666667
-140.645833333333,49.7708333333333
-137.520833333333,43.9375
-122.854166666667,60.6875
-105.104166666667,60.1458333333333
-121.520833333333,33.9375
-146.6875,50.3541666666667
-128.395833333333,30.3958333333333
-126.0625,61.9375
-111.6875,33.3541666666667
-116.979166666667,43.6041666666667
-123.145833333333,48.1041666666667
-115.145833333333,42.2708333333333
-132.520833333333,41.0625
-108.604166666667,50.9375
-138.229166666667,43.1041666666667
-128.895833333333,37.1041666666667
-120.020833333333,40.8541666666667
-114.8125,35.2291666666667
-137.479166666667,48.8125
-124.3125,35.8541666666667
-121.979166666667,70.9791666666667
-105.3125,36.8958333333333
-134.3125,55.7708333333333
-152.479166666667,30.9375
-120.770833333333,44.3125
-121.0625,47.6458333333333
-133.020833333333,53.0208333333333
-116.1875,62.2291666666667
-112.020833333333,55.3541666666667
-153.020833333333,49.4791666666667
-108.354166666667,38.8958333333333
-97.7291666666667,42.6875
-132.645833333333,53.9375
-100.854166666667,42.5208333333333
-108.354166666667,50.1875
-126.770833333333,61.7291666666667
-144.8125,62.3958333333333
-115.5625,43.0625
-134.895833333333,69.3541666666667
-105.8125,52.2708333333333
-110.895833333333,40.0625
-143.1875,30.3125
-152.729166666667,49.5208333333333
-133.6875,52.7291666666667
-102.020833333333,50.7291666666667
-103.854166666667,66.8541666666667
-117.645833333333,51.3958333333333
-106.479166666667,57.8541666666667
-133.645833333333,52.4375
-149.020833333333,52.2291666666667
-107.270833333333,31.1875
-108.479166666667,43.0208333333333
-107.9375,42.7291666666667
-128.979166666667,38.5625
-155.895833333333,32.9791666666667
-134.020833333333,59.1041666666667
-119.979166666667,68.9791666666667
-105.354166666667,62.1875
-139.854166666667,60.0625
-109.6875,48.7708333333333
-130.479166666667,42.2708333333333
-120.645833333333,58.9791666666667
-150.604166666667,58.4375
-122.104166666667,32.6041666666667
-148.854166666667,65.1041666666667
-123.979166666667,53.3958333333333
-98.1875,31.0208333333333
-117.645833333333,68.2708333333333
-121.9375,60.4791666666667
-113.520833333333,71.1458333333333
-133.9375,45.9375
-149.104166666667,43.6458333333333
-144.979166666667,37.1458333333333
-110.4375,53.1041666666667
-131.6875,65.8125
-107.604166666667,36.3125
-153.645833333333,62.2708333333333
-104.395833333333,29.7291666666667
-98.1041666666667,36.6875
-114.354166666667,54.6875
-136.729166666667,46.3125
-146.395833333333,30.5625
-113.854166666667,69.6041666666667
-138.770833333333,40.6458333333333
-134.354166666667,38.7291666666667
-102.229166666667,49.3125
-153.604166666667,33.1875
-118.895833333333,34.7291666666667
-150.854166666667,58.5208333333333
-98.2708333333333,43.7291666666667
-130.6875,35.5208333333333
-111.645833333333,44.5208333333333
-140.645833333333,33.2708333333333
-115.4375,48.8958333333333
-102.9375,53.5208333333333
-153.4375,37.3125
-138.354166666667,58.2708333333333
-147.229166666667,71.8125
-113.5625,29.7708333333333
-119.395833333333,41.2708333333333
-121.270833333333,68.2708333333333
-118.979166666667,29.7708333333333
-119.729166666667,50.2291666666667
-156.854166666667,51.9791666666667
-137.9375,41.6875
-136.8125,31.7291666666667
-143.479166666667,28.9375
-129.229166666667,46.4791666666667
-119.854166666667,37.2708333333333
-114.6875,33.6041666666667
-126.4375,54.5625
-104.770833333333,59.1458333333333
-97.4375,46.4375
-125.479166666667,48.8541666666667
-114.854166666667,37.6875
-110.270833333333,42.7708333333333
-104.020833333333,54.9375
-138.395833333333,35.4375
-132.9375,38.4375
-122.270833333333,38.0625
-150.895833333333,52.9375
-133.3125,41.6875
-137.4375,66.6041666666667
-130.895833333333,37.0208333333333
-119.229166666667,46.1041666666667
-105.229166666667,48.5625
-101.3125,49.0208333333333
-127.9375,66.3541666666667
-155.479166666667,62.1041666666667
-144.1875,32.3958333333333
-136.6875,45.8541666666667
-102.604166666667,48.3125
-128.9375,43.4791666666667
-144.3125,66.8541666666667
-149.104166666667,56.3541666666667
-108.604166666667,46.1041666666667
-122.729166666667,65.9375
-131.9375,43.5208333333333
-103.3125,64.5625
-136.4375,52.3958333333333
-150.270833333333,30.3958333333333
-153.770833333333,70.3958333333333
-102.354166666667,67.5625
-99.6458333333333,51.5625
-120.145833333333,32.6875
-107.895833333333,63.3541666666667
-112.8125,40.3125
-145.8125,57.8125
-150.479166666667,34.0208333333333
-108.4375,60.7708333333333
-126.395833333333,51.1458333333333
-135.0625,37.3958333333333
-97.5625,32.2708333333333
-122.6875,36.7291666666667
-145.104166666667,38.8125
-126.145833333333,40.0625
-100.895833333333,51.9791666666667
-144.645833333333,44.3541666666667
-151.5625,31.6041666666667
-133.354166666667,64.3958333333333
-131.770833333333,34.1041666666667
-98.8541666666667,32.5625
-112.8125,48.3125
-109.895833333333,32.7708333333333
-128.895833333333,63.8958333333333
-146.5625,34.8541666666667
-150.3125,31.1041666666667
-149.145833333333,50.0625
-127.979166666667,31.1041666666667
-149.0625,55.2708333333333
-104.979166666667,40.5625
-155.729166666667,43.2708333333333
-100.645833333333,34.5625
-99.2291666666667,42.3125
-144.020833333333,39.2708333333333
-121.604166666667,69.5625
-147.854166666667,44.7291666666667
-128.5625,29.1458333333333
-147.5625,30.1041666666667
-100.0625,40.5208333333333
-101.4375,68.8541666666667
-141.020833333333,32.4375
-132.645833333333,72.8125
-148.020833333333,40.7708333333333
-149.3125,51.3125
-121.979166666667,41.0208333333333
-100.6875,32.3125
-99.6875,67.9375
-130.520833333333,63.0625
-107.6875,59.8125
-111.645833333333,56.2708333333333
-109.354166666667,42.3541666666667
-132.3125,40.8958333333333
-152.020833333333,50.0625
-120.854166666667,46.8541666666667
-154.4375,56.2291666666667
-150.145833333333,57.3958333333333
-99.7708333333333,54.1458333333333
-155.604166666667,34.2708333333333
-134.5625,30.0625
-150.020833333333,32.5208333333333
-112.4375,35.6458333333333
-141.5625,55.0208333333333
-99.9375,40.2291666666667
-103.270833333333,54.2708333333333
-151.145833333333,48.1875
-115.6875,57.3125
-143.3125,47.1041666666667
-101.854166666667,30.0208333333333
-117.520833333333,36.3541666666667
-147.270833333333,71.0208333333333
-129.229166666667,55.1041666666667
-111.0625,39.1458333333333
-113.0625,50.2291666666667
-130.270833333333,30.2708333333333
-145.395833333333,66.8541666666667
-136.6875,45.2708333333333
-127.770833333333,47.8958333333333
-148.729166666667,47.1458333333333
-156.770833333333,45.5625
-103.5625,55.9375
-116.229166666667,41.3541666666667
-141.854166666667,35.9791666666667
-113.229166666667,58.5208333333333
-106.354166666667,40.9791666666667
-155.895833333333,38.6458333333333
-130.3125,34.8125
-112.0625,69.7291666666667
-107.270833333333,57.8958333333333
-109.604166666667,58.8958333333333
-120.9375,42.3125
-138.729166666667,61.9375
-137.854166666667,48.4375
-114.479166666667,56.1875
-135.895833333333,53.9791666666667
-140.354166666667,47.5625
-111.479166666667,51.3958333333333
-154.9375,32.6041666666667
-108.479166666667,32.1458333333333
-138.145833333333,41.7708333333333
-105.729166666667,42.3958333333333
-108.479166666667,67.9375
-119.479166666667,62.8958333333333
-153.4375,46.9791666666667
-127.895833333333,49.9791666666667
-126.770833333333,40.6458333333333
-133.645833333333,39.6875
-107.020833333333,42.9791666666667
-154.3125,68.0625
-120.270833333333,60.0208333333333
-143.6875,66.6458333333333
-134.0625,31.1458333333333
-101.3125,61.0208333333333
-106.520833333333,53.3958333333333
-103.1875,51.8125
-153.104166666667,31.4375
-132.729166666667,67.5208333333333
-110.645833333333,59.9375
-153.8125,33.3541666666667
-113.854166666667,58.2708333333333
-155.229166666667,31.1041666666667
-128.4375,57.1041666666667
-117.520833333333,36.9791666666667
-133.020833333333,35.1875
-136.395833333333,60.9791666666667
-156.979166666667,40.8125
-116.729166666667,31.8125
-155.0625,31.4375
-124.9375,48.3125
-107.4375,44.1458333333333
-116.020833333333,30.5625
-145.104166666667,48.3958333333333
-98.7291666666667,66.6041666666667
-121.645833333333,61.7708333333333
-117.104166666667,47.6458333333333
-106.9375,34.2708333333333
-149.145833333333,29.7291666666667
-118.1875,37.3958333333333
-103.729166666667,33.4791666666667
-99.1875,52.9791666666667
-105.645833333333,54.1458333333333
-100.854166666667,33.1875
-153.854166666667,57.9791666666667
-129.5625,54.7291666666667
-102.145833333333,31.8125
-150.6875,57.0625
-142.354166666667,53.4375
-134.520833333333,29.6875
-134.104166666667,61.8125
-116.020833333333,44.9375
-126.395833333333,60.4375
-135.9375,41.0625
-122.770833333333,41.5625
-115.104166666667,53.6041666666667
-149.9375,33.6875
-146.520833333333,61.6041666666667
-102.4375,30.7708333333333
-102.3125,46.8125
-120.1875,41.4791666666667
-113.4375,48.8958333333333
-105.354166666667,51.7708333333333
-121.604166666667,31.1458333333333
-101.0625,65.1041666666667
-138.6875,52.3125
-152.854166666667,57.4375
-134.645833333333,39.7291666666667
-134.9375,29.3541666666667
-105.229166666667,63.7291666666667
-147.770833333333,30.6041666666667
-119.354166666667,62.8541666666667
-142.9375,49.8958333333333
-149.395833333333,50.7291666666667
-122.520833333333,57.5208333333333
-128.4375,34.2708333333333
-98.8125,34.8541666666667
-136.354166666667,31.5625
-133.145833333333,31.1041666666667
-105.895833333333,64.3125
-123.229166666667,69.5625
-149.479166666667,33.5208333333333
-127.0625,52.9791666666667
-110.729166666667,40.6041666666667
-145.854166666667,39.8958333333333
-132.229166666667,40.1458333333333
-122.6875,70.9791666666667
-133.4375,32.8125
-110.145833333333,32.3125
-141.6875,45.4791666666667
-140.604166666667,53.8541666666667
-130.0625,59.2291666666667
-148.020833333333,36.3125
-152.229166666667,57.8541666666667
-141.9375,43.6041666666667
-143.270833333333,30.2708333333333
-132.354166666667,40.6041666666667
-115.5625,33.4375
-108.020833333333,42.1875
-143.854166666667,31.5625
-135.5625,53.3958333333333
-98.9791666666667,46.3541666666667
-121.9375,45.9791666666667
-121.4375,45.0625
-138.145833333333,63.7708333333333
-98.3541666666667,36.7708333333333
-105.479166666667,39.5208333333333
-97.6875,56.4791666666667
-102.895833333333,65.8958333333333
-105.895833333333,58.1875
-110.520833333333,37.6875
-100.0625,60.3125
-155.6875,39.1458333333333
-133.8125,57.5208333333333
-125.020833333333,58.5208333333333
-132.479166666667,54.8541666666667
-152.8125,36.5208333333333
-129.270833333333,33.0625
-100.520833333333,38.6041666666667
-105.020833333333,44.8125
-143.979166666667,32.3125
-129.979166666667,45.7708333333333
-111.979166666667,46.9375
-108.770833333333,31.5625
-114.270833333333,48.9375
-117.6875,48.1875
-136.479166666667,34.5208333333333
-153.229166666667,42.9791666666667
-133.0625,72.9375
-154.8125,55.8541666666667
-121.770833333333,67.5625
-156.145833333333,31.8541666666667
-140.229166666667,59.5625
-150.479166666667,44.2708333333333
-118.270833333333,54.1041666666667
-138.479166666667,55.4791666666667
-127.854166666667,52.3958333333333
-128.895833333333,35.1458333333333
-134.270833333333,64.1458333333333
-118.854166666667,32.1458333333333
-133.979166666667,72.4375
-140.479166666667,47.6875
-127.1875,66.5208333333333
-126.520833333333,29.6041666666667
-118.854166666667,60.8958333333333
-148.9375,47.2291666666667
-149.395833333333,43.1875
-117.479166666667,32.6875
-108.520833333333,45.7291666666667
-105.0625,54.7708333333333
-107.5625,43.4375
-112.1875,29.1458333333333
-103.4375,49.6041666666667
-114.0625,35.8125
-116.604166666667,61.1875
-124.0625,68.2291666666667
-120.1875,30.6875
-131.229166666667,42.1041666666667
-154.270833333333,32.6875
-103.854166666667,60.5208333333333
-111.604166666667,49.2291666666667
-109.104166666667,38.7708333333333
-107.770833333333,44.3958333333333
-122.895833333333,37.3958333333333
-126.229166666667,34.7291666666667
-113.520833333333,69.6875
-106.0625,29.6875
-110.1875,32.4791666666667
-120.145833333333,63.9791666666667
-124.6875,52.4791666666667
-115.229166666667,31.0208333333333
-141.854166666667,29.8958333333333
-99.7708333333333,68.8958333333333
-110.104166666667,50.2708333333333
-108.979166666667,59.6875
-128.270833333333,34.9791666666667
-156.229166666667,72.3125
-121.229166666667,71.3541666666667
-151.479166666667,41.1041666666667
-152.020833333333,44.1875
-156.6875,65.5625
-129.9375,62.7291666666667
-105.395833333333,40.7291666666667
-156.8125,49.5625
-140.9375,52.3125
-138.8125,66.1458333333333
-112.770833333333,44.8541666666667
-141.354166666667,54.0208333333333
-144.645833333333,32.5625
-106.3125,52.7708333333333
-112.895833333333,37.0208333333333
-152.770833333333,36.0208333333333
-117.1875,41.8958333333333
-144.270833333333,66.6875
-141.104166666667,34.6458333333333
-129.645833333333,40.4791666666667
-131.395833333333,48.8125
-150.0625,62.4375
-117.104166666667,48.8541666666667
-101.520833333333,66.3125
-137.145833333333,51.8541666666667
-117.479166666667,42.2291666666667
-105.645833333333,44.3541666666667
-155.104166666667,51.6041666666667
-132.645833333333,52.2708333333333
-134.479166666667,55.6458333333333
-131.729166666667,37.7291666666667
-146.520833333333,64.2708333333333
-97.8958333333333,49.7291666666667
-135.5625,60.1041666666667
-111.354166666667,42.4375
-152.0625,41.1875
-128.8125,58.2708333333333
-128.8125,43.1458333333333
-135.604166666667,61.4375
-116.479166666667,33.6458333333333
-104.020833333333,41.5625
-123.4375,52.2291666666667
-131.979166666667,40.9791666666667
-156.729166666667,63.9375
-128.6875,57.1875
-125.9375,53.9375
-103.479166666667,56.0208333333333
-109.854166666667,31.6041666666667
-152.3125,72.6458333333333
-130.520833333333,64.3125
-151.6875,55.6458333333333
-129.854166666667,46.1041666666667
-140.1875,42.6041666666667
-116.479166666667,44.9791666666667
-141.9375,72.2708333333333
-154.854166666667,68.6458333333333
-138.854166666667,29.1041666666667
-150.979166666667,57.5625
-114.5625,41.6458333333333
-126.895833333333,51.6458333333333
-112.5625,63.9375
-105.4375,34.7708333333333
-144.5625,45.8125
-107.270833333333,59.3125
-154.1875,43.3125
-136.979166666667,52.6041666666667
-105.1875,49.2291666666667
-120.854166666667,35.1458333333333
-119.9375,55.6041666666667
-116.8125,34.4791666666667
-127.895833333333,69.7291666666667
-126.645833333333,40.5625
-109.6875,51.2291666666667
-117.479166666667,39.3541666666667
-99.1458333333333,48.8541666666667
-150.6875,59.2708333333333
-148.354166666667,59.5625
-136.520833333333,44.8958333333333
-143.479166666667,34.5625
-131.020833333333,29.7708333333333
-105.5625,44.9375
-134.395833333333,31.6875
-101.645833333333,65.0625
-104.4375,51.2291666666667
-149.4375,49.0208333333333
-119.979166666667,35.3541666666667
-104.5625,64.5208333333333
-97.7708333333333,44.0208333333333
-104.645833333333,40.0208333333333
-147.0625,33.0625
-141.9375,44.5208333333333
-132.729166666667,30.0625
-141.395833333333,69.3125
-125.520833333333,42.7708333333333
-109.6875,40.6458333333333
-128.270833333333,60.3125
-139.020833333333,33.5208333333333
-139.604166666667,52.5208333333333
-105.8125,46.8541666666667
-154.604166666667,35.8125
-125.104166666667,50.5625
-153.104166666667,40.9375
-142.145833333333,30.6875
-144.145833333333,70.5208333333333
-124.270833333333,35.9375
-106.0625,70.8125
-119.229166666667,52.8125
-127.645833333333,39.2291666666667
-105.979166666667,65.0208333333333
-108.354166666667,48.8541666666667
-129.729166666667,36.0625
-140.979166666667,34.2708333333333
-100.6875,50.4375
-128.8125,38.0208333333333
-125.520833333333,40.2708333333333
-99.8958333333333,40.3541666666667
-147.9375,48.3125
-142.770833333333,35.5208333333333
-152.0625,63.8541666666667
-122.729166666667,36.9375
-136.604166666667,47.4375
-101.5625,58.5208333333333
-121.729166666667,48.4791666666667
-120.3125,69.3958333333333
-134.854166666667,54.6041666666667
-134.5625,47.0208333333333
-124.9375,34.4791666666667
-151.604166666667,28.9791666666667
-143.395833333333,54.6875
-124.520833333333,55.3125
-125.3125,30.2291666666667
-129.604166666667,49.1041666666667
-111.770833333333,29.2708333333333
-102.270833333333,39.1458333333333
-101.520833333333,68.2708333333333
-145.1875,32.2291666666667
-121.979166666667,61.2291666666667
-141.4375,34.1875
-102.520833333333,61.6875
-124.354166666667,37.6458333333333
-116.5625,68.0208333333333
-130.1875,39.1875
-111.520833333333,60.2708333333333
-107.229166666667,46.9791666666667
-147.8125,38.1041666666667
-154.6875,40.1458333333333
-145.895833333333,61.8541666666667
-153.0625,46.1458333333333
-102.270833333333,30.0208333333333
-141.895833333333,31.7291666666667
-124.145833333333,56.6458333333333
-136.8125,33.3541666666667
-143.270833333333,45.9375
-130.8125,37.7708333333333
-146.604166666667,44.9375
-141.104166666667,65.5208333333333
-129.3125,33.3125
-120.520833333333,72.8541666666667
-140.270833333333,48.8958333333333
-128.520833333333,65.9791666666667
-100.5625,53.0625
-139.145833333333,33.5208333333333
-101.354166666667,30.2291666666667
-153.104166666667,32.3541666666667
-100.645833333333,41.7291666666667
-146.6875,55.3541666666667
-151.9375,51.5625
-113.145833333333,60.4791666666667
-137.479166666667,66.1875
-106.8125,64.3958333333333
-145.6875,35.0625
-101.229166666667,60.6458333333333
-98.5208333333333,36.1458333333333
-125.229166666667,47.3125
-111.229166666667,47.8958333333333
-112.395833333333,64.3958333333333
-136.020833333333,59.9791666666667
-149.395833333333,55.8958333333333
-143.104166666667,64.5208333333333
-116.604166666667,32.2708333333333
-136.3125,64.1041666666667
-117.0625,29.2291666666667
-134.395833333333,44.8541666666667
-150.729166666667,52.7708333333333
-123.354166666667,47.9375
-144.229166666667,34.0625
-150.479166666667,55.6458333333333
-139.020833333333,54.7291666666667
-146.895833333333,38.6875
-137.1875,36.6458333333333
-106.145833333333,61.9791666666667
-118.1875,65.8541666666667
-120.645833333333,69.2291666666667
-111.5625,46.3541666666667
-108.1875,46.3958333333333
-130.4375,35.0208333333333
-103.104166666667,41.0208333333333
-128.354166666667,54.8958333333333
-130.854166666667,34.1458333333333
-155.770833333333,60.5625
-119.979166666667,36.5625
-132.1875,67.2291666666667
-118.9375,70.1458333333333
-135.020833333333,70.8125
-98.6875,58.1041666666667
-132.4375,31.9375
-152.979166666667,63.2291666666667
-141.520833333333,60.8125
-133.3125,71.8125
-116.8125,34.9375
-101.354166666667,56.8958333333333
-132.895833333333,72.7291666666667
-105.1875,49.6875
-151.479166666667,39.3125
-123.0625,48.3125
-114.479166666667,52.4375
-143.8125,52.5208333333333
-110.3125,35.6041666666667
-128.604166666667,53.2708333333333
-142.895833333333,31.7291666666667
-104.270833333333,53.6458333333333
-117.604166666667,46.1041666666667
-102.0625,31.3541666666667
-132.395833333333,60.8958333333333
-148.104166666667,53.1875
-152.479166666667,35.6458333333333
-150.1875,66.0208333333333
-104.729166666667,66.3125
-110.270833333333,39.7708333333333
-156.520833333333,51.8125
-140.520833333333,46.6041666666667
-124.6875,62.4791666666667
-119.770833333333,70.6875
-148.354166666667,61.3958333333333
-125.1875,37.3125
-156.520833333333,48.9375
-132.104166666667,43.1041666666667
-135.5625,32.5625
-148.6875,32.8958333333333
-149.604166666667,67.7291666666667
-111.145833333333,35.0208333333333
-122.3125,65.1875
-156.8125,35.6458333333333
-123.020833333333,41.8125
-113.5625,44.0625
-148.6875,34.4791666666667
-143.020833333333,32.1041666666667
-154.520833333333,58.6458333333333
-132.4375,31.9791666666667
-100.520833333333,54.3958333333333
-134.8125,72.8958333333333
-138.5625,69.8541666666667
-102.8125,34.8125
-141.645833333333,50.5208333333333
-152.854166666667,50.9375
-127.479166666667,36.6041666666667
-140.3125,72.6875
-113.229166666667,37.7708333333333
-139.479166666667,39.5625
-156.604166666667,30.5625
-128.645833333333,50.3125
-101.479166666667,35.9375
-127.1875,32.1458333333333
-106.854166666667,49.5625
-127.395833333333,33.1875
-147.5625,34.8958333333333
-127.020833333333,65.8541666666667
-139.354166666667,56.6041666666667
-143.979166666667,33.9791666666667
-106.270833333333,44.9375
-99.2291666666667,46.3958333333333
-144.979166666667,48.3541666666667
-152.9375,41.3958333333333
-129.5625,48.9791666666667
-150.604166666667,60.1875
-154.604166666667,30.8125
-149.854166666667,36.0208333333333
-138.4375,32.6041666666667
-154.520833333333,29.2291666666667
-123.6875,34.6041666666667
-136.354166666667,57.4791666666667
-145.604166666667,47.6041666666667
-129.729166666667,37.6875
-128.9375,41.6041666666667
-121.395833333333,45.4375
-123.5625,55.0625
-117.5625,45.8958333333333
-105.645833333333,51.8125
-115.354166666667,39.4791666666667
-127.5625,34.2291666666667
-124.770833333333,62.4791666666667
-147.729166666667,36.9375
-149.604166666667,54.0208333333333
-155.354166666667,42.3541666666667
-144.104166666667,31.0625
-115.395833333333,33.4375
-139.770833333333,63.5625
-132.9375,48.2708333333333
-138.104166666667,30.9791666666667
-144.145833333333,47.3125
-107.270833333333,58.4791666666667
-134.729166666667,30.1041666666667
-133.979166666667,48.0625
-141.6875,49.9375
-107.729166666667,29.8958333333333
-124.229166666667,44.7708333333333
-124.5625,58.3541666666667
-136.6875,45.0625
-119.895833333333,53.6458333333333
-148.3125,43.5625
-154.4375,60.9791666666667
-123.395833333333,29.1875
-97.6875,34.7291666666667
-124.479166666667,43.3541666666667
-105.770833333333,50.1041666666667
-144.145833333333,31.1041666666667
-110.520833333333,42.4791666666667
-103.895833333333,64.7291666666667
-116.645833333333,50.6041666666667
-139.4375,32.8125
-156.770833333333,70.2291666666667
-103.1875,68.8125
-149.3125,51.4375
-116.020833333333,35.4791666666667
-124.1875,65.5625
-122.145833333333,67.7708333333333
-138.104166666667,62.1041666666667
-124.229166666667,33.5208333333333
-151.895833333333,65.0625
-126.229166666667,58.0625
-126.395833333333,55.1041666666667
-120.270833333333,45.7708333333333
-110.979166666667,58.1041666666667
-129.229166666667,53.1875
-105.0625,40.5625
-140.145833333333,50.1041666666667
-139.395833333333,42.7708333333333
-132.229166666667,59.7708333333333
-108.229166666667,32.1458333333333
-129.895833333333,42.7708333333333
-117.4375,72.0625
-140.979166666667,72.5208333333333
-111.8125,41.1458333333333
-119.1875,31.3958333333333
-121.0625,32.8125
-148.395833333333,32.1041666666667
-154.3125,52.8125
-131.145833333333,34.9791666666667
-106.1875,67.0208333333333
-122.229166666667,32.9791666666667
-135.0625,38.8125
-124.8125,44.7291666666667
-144.979166666667,53.5625
-112.4375,45.3125
-150.145833333333,63.6875
-124.104166666667,30.4375
-103.770833333333,48.7291666666667
-136.354166666667,39.4791666666667
-131.229166666667,37.6458333333333
-131.479166666667,38.8541666666667
-145.270833333333,29.3958333333333
-99.1875,35.2708333333333
-141.520833333333,38.1875
-106.229166666667,57.1875
-134.145833333333,42.8958333333333
-105.229166666667,34.1041666666667
-123.520833333333,68.2291666666667
-142.395833333333,61.4791666666667
-136.895833333333,43.4791666666667
-98.6875,46.1458333333333
-103.395833333333,39.2708333333333
-124.104166666667,40.0208333333333
-144.9375,60.8125
-114.1875,42.8541666666667
-149.020833333333,38.2291666666667
-148.1875,56.1041666666667
-153.229166666667,38.5625
-144.270833333333,55.8958333333333
-98.8541666666667,33.3541666666667
-119.354166666667,49.7708333333333
-143.645833333333,65.2291666666667
-135.270833333333,53.3125
-139.5625,49.3958333333333
-137.270833333333,29.4375
-128.979166666667,33.5208333333333
-104.979166666667,61.1458333333333
-141.020833333333,34.6875
-108.354166666667,48.3958333333333
-125.645833333333,50.6875
-114.145833333333,30.5208333333333
-137.770833333333,31.4375
-138.4375,40.3541666666667
-119.229166666667,33.3125
-150.8125,63.7708333333333
-103.895833333333,66.3541666666667
-119.5625,38.2291666666667
-125.979166666667,65.6458333333333
-102.1875,55.6458333333333
-125.645833333333,34.1458333333333
-140.979166666667,38.6458333333333
-148.479166666667,37.5208333333333
-111.1875,42.6875
-151.9375,55.3125
-135.8125,58.3125
-146.895833333333,50.4375
-146.395833333333,45.2291666666667
-134.020833333333,36.3125
-105.020833333333,32.7291666666667
-146.354166666667,36.6875
-128.729166666667,35.3125
-132.354166666667,33.8958333333333
-98.4791666666667,32.1041666666667
-135.8125,31.1041666666667
-148.729166666667,36.6875
-100.270833333333,32.9375
-155.520833333333,32.8958333333333
-103.895833333333,62.8125
-143.020833333333,35.7708333333333
-139.895833333333,45.5625
-127.645833333333,33.2291666666667
-154.020833333333,46.9375
-122.270833333333,29.1041666666667
-116.354166666667,47.9791666666667
-138.6875,65.2708333333333
-140.0625,70.3541666666667
-126.0625,65.9375
-144.395833333333,67.7708333333333
-98.3541666666667,57.2291666666667
-100.9375,61.2291666666667
-118.3125,48.1458333333333
-146.8125,42.2708333333333
-130.3125,35.1458333333333
-117.895833333333,51.3958333333333
-110.979166666667,66.3541666666667
-116.270833333333,56.6041666666667
-132.9375,41.4375
-155.1875,44.1875
-121.895833333333,36.3958333333333
-140.6875,69.5625
-119.5625,42.0208333333333
-120.145833333333,42.0208333333333
-105.395833333333,30.6041666666667
-109.4375,32.6875
-143.729166666667,62.0625
-117.145833333333,72.2708333333333
-120.0625,57.0625
-126.895833333333,67.8958333333333
-137.895833333333,34.5625
-137.1875,60.1458333333333
-113.104166666667,30.4375
-102.395833333333,52.4375
-148.895833333333,40.5625
-156.354166666667,31.3125
-147.9375,40.0208333333333
-103.145833333333,34.8541666666667
-123.270833333333,36.1041666666667
-134.645833333333,72.4375
-144.895833333333,62.6458333333333
-119.770833333333,59.2291666666667
-152.8125,45.8125
-148.8125,34.0625
-144.770833333333,68.5208333333333
-105.770833333333,37.6041666666667
-141.895833333333,43.4375
-147.1875,60.1875
-139.3125,43.7291666666667
-113.145833333333,48.7708333333333
-140.520833333333,29.1875
-154.6875,33.6458333333333
-125.4375,37.4375
-114.979166666667,44.8958333333333
-133.4375,58.0625
-98.7708333333333,42.1875
-150.229166666667,55.8958333333333
-123.229166666667,36.7708333333333
-124.020833333333,50.8125
-100.229166666667,32.7291666666667
-111.0625,32.3125
-144.645833333333,29.2708333333333
-111.854166666667,38.6875
-122.9375,46.3541666666667
-130.604166666667,42.7291666666667
-123.979166666667,71.1458333333333
-122.104166666667,44.9791666666667
-99.6041666666667,52.6458333333333
-132.3125,62.9791666666667
-132.354166666667,45.7708333333333
-146.895833333333,53.5208333333333
-119.145833333333,29.2291666666667
-132.645833333333,53.8541666666667
-124.770833333333,67.4375
-148.645833333333,43.4791666666667
-107.0625,51.4375
-102.854166666667,36.4375
-145.5625,50.1041666666667
-147.895833333333,46.0625
-116.8125,47.0625
-137.854166666667,39.1041666666667
-114.770833333333,63.7291666666667
-133.8125,55.1875
-150.3125,57.8541666666667
-135.270833333333,47.0208333333333
-139.479166666667,29.0625
-150.9375,44.2708333333333
-129.979166666667,71.5625
-108.354166666667,65.6458333333333
-136.9375,43.6458333333333
-136.354166666667,35.8958333333333
-155.979166666667,37.7291666666667
-99.6875,50.3125
-152.104166666667,63.3125
-110.229166666667,48.5208333333333
-129.6875,62.1875
-136.6875,39.5208333333333
-118.854166666667,51.1458333333333
-124.770833333333,55.6041666666667
-149.0625,37.4375
-122.5625,62.5208333333333
-137.104166666667,55.4791666666667
-118.729166666667,70.8958333333333
-106.0625,40.6458333333333
-138.6875,36.6458333333333
-101.645833333333,55.6458333333333
-134.020833333333,71.6458333333333
-137.1875,67.2708333333333
-144.520833333333,65.6875
-114.145833333333,54.8125
-150.895833333333,36.3958333333333
-107.6875,66.4375
-120.145833333333,41.6875
-131.520833333333,55.5625
-105.104166666667,29.8125
-105.854166666667,33.5625
-154.3125,50.0208333333333
-151.1875,35.8541666666667
-141.5625,48.8125
-135.645833333333,37.6041666666667
-115.520833333333,65.0208333333333
-114.770833333333,55.5208333333333
-134.645833333333,32.2708333333333
-109.9375,30.8958333333333
-118.895833333333,40.4375
-151.770833333333,38.1041666666667
-111.770833333333,50.0625
-135.8125,69.0208333333333
-120.8125,64.6458333333333
-153.9375,60.3125
-143.6875,61.6041666666667
-102.9375,41.1458333333333
-154.520833333333,54.3958333333333
-99.1875,58.8125
-143.1875,31.1041666666667
-115.6875,45.2708333333333
-106.395833333333,56.6458333333333
-129.145833333333,56.7708333333333
-127.479166666667,48.5625
-154.4375,45.2291666666667
-130.104166666667,49.8541666666667
-98.2291666666667,63.7708333333333
-102.645833333333,40.6041666666667
-141.1875,30.0625
-123.895833333333,43.9791666666667
-138.270833333333,42.0625
-116.6875,39.0208333333333
-124.979166666667,30.9375
-136.854166666667,46.3541666666667
-133.0625,41.2708333333333
-156.520833333333,45.6458333333333
-145.6875,29.6875
-138.854166666667,53.0208333333333
-115.270833333333,65.8541666666667
-128.229166666667,40.3541666666667
-106.020833333333,67.7708333333333
-148.270833333333,55.3958333333333
-127.145833333333,29.8541666666667
-150.895833333333,51.2291666666667
-130.979166666667,57.5208333333333
-142.729166666667,51.5625
-97.8541666666667,45.0625
-144.979166666667,58.2708333333333
-104.270833333333,64.8541666666667
-119.645833333333,36.0208333333333
-128.6875,72.0208333333333
-132.229166666667,34.5208333333333
-114.895833333333,50.9791666666667
-119.854166666667,49.2708333333333
-153.145833333333,65.8958333333333
-123.895833333333,46.8125
-144.854166666667,59.4375
-147.9375,44.2291666666667
-120.145833333333,33.9791666666667
-106.479166666667,30.5625
-132.5625,54.6041666666667
-111.979166666667,30.4375
-139.479166666667,57.4791666666667
-155.979166666667,43.3125
-98.4791666666667,38.9791666666667
-110.354166666667,67.8541666666667
-145.479166666667,29.6458333333333
-142.729166666667,44.8125
-107.6875,45.8125
-104.520833333333,51.0208333333333
-145.770833333333,39.5625
-156.104166666667,51.0625
-134.895833333333,31.3125
-120.1875,36.3958333333333
-108.854166666667,30.8125
-156.9375,30.1875
-156.020833333333,54.2708333333333
-113.020833333333,55.1875
-114.604166666667,43.2708333333333
-129.229166666667,46.3541666666667
-135.354166666667,72.8125
-129.8125,33.4791666666667
-145.8125,43.8541666666667
-151.145833333333,43.0625
-106.4375,58.2291666666667
-118.104166666667,45.1875
-136.270833333333,30.9791666666667
-113.770833333333,64.8958333333333
-126.979166666667,54.2708333333333
-136.020833333333,34.1458333333333
-109.270833333333,55.0208333333333
-127.5625,37.1875
-149.020833333333,32.0625
-110.520833333333,32.3958333333333
-151.895833333333,66.6875
-103.4375,38.5208333333333
-155.270833333333,31.9375
-132.895833333333,53.4375
-140.854166666667,40.9791666666667
-104.270833333333,47.5208333333333
-136.520833333333,56.7291666666667
-99.0208333333333,36.9375
-131.9375,33.6458333333333
-116.729166666667,35.6458333333333
-153.8125,49.3541666666667
-140.104166666667,41.3541666666667
-153.395833333333,30.6458333333333
-98.6875,43.0208333333333
-110.104166666667,53.7291666666667
-129.895833333333,44.9375
-147.354166666667,66.8125
-101.104166666667,48.8541666666667
-151.229166666667,31.1875
-121.9375,43.6875
-109.479166666667,69.6875
-140.729166666667,57.8541666666667
-111.479166666667,43.3125
-98.4791666666667,57.8125
-141.895833333333,39.9375
-119.729166666667,49.1458333333333
-131.145833333333,30.5625
-150.6875,39.5208333333333
-141.145833333333,40.2291666666667
-138.645833333333,37.9791666666667
-138.520833333333,47.0625
-151.145833333333,51.3125
-139.1875,55.8958333333333
-105.1875,71.2291666666667
-133.729166666667,36.8541666666667
-104.104166666667,72.1875
-120.145833333333,37.2291666666667
-101.229166666667,47.1458333333333
-125.3125,71.9791666666667
-129.0625,31.7708333333333
-140.895833333333,40.8541666666667
-104.354166666667,36.1041666666667
-112.9375,60.8541666666667
-120.479166666667,62.9791666666667
-117.0625,60.1041666666667
-148.4375,56.7291666666667
-150.3125,35.6458333333333
-98.6041666666667,68.9375
-144.979166666667,36.8125
-122.6875,51.6875
-145.1875,66.3958333333333
-97.8125,31.1875
-120.0625,56.7708333333333
-123.520833333333,45.6875
-148.854166666667,66.3541666666667
-144.520833333333,38.7708333333333
-118.395833333333,32.8958333333333
-107.4375,46.9791666666667
-120.229166666667,57.5625
-138.979166666667,66.1458333333333
-136.020833333333,36.6041666666667
-128.354166666667,57.2291666666667
-144.020833333333,53.1458333333333
-141.145833333333,53.1875
-114.479166666667,43.7708333333333
-117.479166666667,54.6458333333333
-110.770833333333,39.3958333333333
-140.645833333333,37.3958333333333
-103.5625,47.9375
-110.979166666667,47.5625
-144.8125,43.1875
-133.104166666667,62.4791666666667
-136.9375,31.1041666666667
-144.854166666667,46.4791666666667
-125.5625,40.1875
-146.479166666667,63.9375
-99.3958333333333,63.1458333333333
-131.354166666667,54.3125
-125.854166666667,29.6041666666667
-107.6875,36.0208333333333
-101.895833333333,48.4791666666667
-113.645833333333,43.4791666666667
-152.729166666667,44.1875
-128.5625,53.4375
-123.9375,40.0625
-110.854166666667,57.5625
-139.979166666667,64.8958333333333
-142.5625,57.0208333333333
-152.5625,34.0208333333333
-135.9375,38.1041666666667
-154.270833333333,52.5625
-125.145833333333,33.8125
-104.0625,28.9791666666667
-102.9375,57.0625
-110.145833333333,37.7708333333333
-97.4375,55.5625
-120.895833333333,49.2708333333333
-134.770833333333,39.1458333333333
-135.270833333333,43.3958333333333
-141.229166666667,54.6458333333333
-117.770833333333,40.6458333333333
-100.354166666667,51.1041666666667
-118.020833333333,33.3541666666667
-99.9791666666667,41.0208333333333
-137.8125,71.1875
-98.7708333333333,39.3125
-97.4375,52.3541666666667
-128.020833333333,69.8958333333333
-128.104166666667,56.0625
-135.9375,34.6041666666667
-102.9375,30.5208333333333
-126.645833333333,41.6875
-151.645833333333,69.1458333333333
-117.729166666667,60.9375
-106.770833333333,30.5625
-137.604166666667,39.2708333333333
-146.354166666667,36.1041666666667
-133.4375,62.3958333333333
-151.729166666667,55.3125
-137.895833333333,55.7708333333333
-116.0625,43.8958333333333
-151.3125,34.8541666666667
-107.145833333333,53.8541666666667
-143.020833333333,50.3541666666667
-135.104166666667,38.1041666666667
-144.8125,68.3125
-99.0208333333333,42.8958333333333
-141.9375,53.8125
-123.0625,65.2291666666667
-111.5625,60.6041666666667
-120.9375,30.2291666666667
-153.270833333333,55.4791666666667
-128.6875,54.1041666666667
-151.020833333333,52.8541666666667
-138.854166666667,43.0625
-145.395833333333,42.6041666666667
-155.729166666667,52.4791666666667
-109.854166666667,49.3541666666667
-140.854166666667,30.6041666666667
-119.395833333333,47.6458333333333
-151.395833333333,52.0208333333333
-148.104166666667,55.2291666666667
-121.8125,53.4791666666667
-118.604166666667,45.6875
-155.9375,56.4375
-144.8125,32.2291666666667
-101.229166666667,70.4791666666667
-99.3958333333333,45.1458333333333
-141.229166666667,69.8541666666667
-114.520833333333,67.0208333333333
-115.895833333333,46.2708333333333
-145.0625,33.6875
-112.270833333333,32.6041666666667
-134.5625,32.8125
-134.1875,60.6041666666667
-102.5625,29.7708333333333
-131.354166666667,67.0208333333333
-118.604166666667,36.3958333333333
-115.229166666667,35.1875
-148.5625,67.9375
-113.8125,48.8541666666667
-106.020833333333,48.2708333333333
-142.8125,72.5208333333333
-108.104166666667,35.6875
-100.854166666667,46.6041666666667
-124.020833333333,67.0208333333333
-107.3125,46.2291666666667
-115.229166666667,55.5208333333333
-102.895833333333,41.6041666666667
-153.5625,39.1041666666667
-104.1875,40.7708333333333
-103.145833333333,64.9791666666667
-136.604166666667,58.3958333333333
-140.104166666667,48.7708333333333
-107.645833333333,39.1041666666667
-104.6875,38.9791666666667
-155.270833333333,44.3125
-124.354166666667,34.6458333333333
-125.0625,50.8125
-148.395833333333,39.3125
-156.520833333333,50.6041666666667
-151.479166666667,61.7291666666667
-113.1875,43.3125
-106.270833333333,32.2291666666667
-126.854166666667,65.7708333333333
-119.104166666667,50.3541666666667
-102.354166666667,33.1041666666667
-156.729166666667,50.7291666666667
-138.8125,52.9791666666667
-102.145833333333,58.0208333333333
-99.0625,36.2708333333333
-112.520833333333,51.6041666666667
-134.145833333333,32.7708333333333
-133.1875,29.6041666666667
-118.0625,42.2708333333333
-120.5625,63.1458333333333
-115.104166666667,45.3958333333333
-145.104166666667,37.2708333333333
-98.6041666666667,33.3958333333333
-118.854166666667,47.2708333333333
-131.5625,33.2708333333333
-153.270833333333,44.0625
-127.1875,41.6875
-136.645833333333,58.0625
-131.8125,72.8541666666667
-131.1875,43.2708333333333
-151.729166666667,69.0625
-98.1875,62.8541666666667
-147.229166666667,33.0208333333333
-124.9375,63.3958333333333
-144.645833333333,36.5208333333333
-138.0625,48.1041666666667
-116.6875,71.0625
-152.395833333333,51.6458333333333
-116.0625,56.2291666666667
-103.229166666667,38.6458333333333
-105.645833333333,58.2291666666667
-136.479166666667,45.5625
-145.770833333333,29.3958333333333
-152.479166666667,33.3958333333333
-118.229166666667,34.9375
-144.0625,59.3125
-107.5625,43.8125
-109.9375,55.9375
-140.4375,40.5208333333333
-147.395833333333,43.1041666666667
-116.479166666667,51.8541666666667
-147.9375,54.5208333333333
-116.9375,34.8958333333333
-119.520833333333,63.1875
-151.0625,72.0625
-119.229166666667,38.2291666666667
-142.479166666667,45.0208333333333
-127.354166666667,60.7708333333333
-153.854166666667,35.2708333333333
-99.6458333333333,43.3958333333333
-102.520833333333,42.8958333333333
-134.5625,49.8125
-153.9375,70.9375
-147.645833333333,33.3541666666667
-130.229166666667,36.0625
-149.979166666667,50.8125
-150.8125,41.3541666666667
-106.270833333333,38.0208333333333
-142.895833333333,36.8125
-123.0625,44.0625
-102.520833333333,38.1458333333333
-143.354166666667,42.2708333333333
-109.1875,52.4791666666667
-151.104166666667,46.1875
-138.9375,55.9375
-150.979166666667,50.2291666666667
-152.854166666667,69.4791666666667
-105.3125,63.8125
-107.104166666667,55.4791666666667
-105.8125,46.7708333333333
-117.604166666667,65.5625
-118.8125,52.3125
-132.770833333333,45.3958333333333
-130.270833333333,56.4375
-129.979166666667,30.1458333333333
-103.645833333333,43.9375
-137.770833333333,51.5625
-130.5625,34.1875
-142.9375,51.7291666666667
-103.020833333333,32.0208333333333
-118.229166666667,70.0208333333333
-148.270833333333,60.3541666666667
-148.1875,36.5625
-137.145833333333,33.2291666666667
-120.5625,35.8125
-135.645833333333,39.1875
-109.895833333333,66.7708333333333
-110.895833333333,70.0625
-140.770833333333,44.9791666666667
-131.0625,65.6041666666667
-120.020833333333,69.6458333333333
-135.6875,31.3541666666667
-148.020833333333,55.5625
-113.145833333333,35.7291666666667
-133.729166666667,39.3125
-130.729166666667,64.9375
-117.8125,34.7708333333333
-146.979166666667,30.6041666666667
-109.0625,45.1875
-119.104166666667,45.8958333333333
-113.895833333333,69.4791666666667
-141.604166666667,70.4375
-152.6875,53.6875
-154.5625,58.7291666666667
-107.4375,43.3541666666667
-109.479166666667,46.4791666666667
-140.3125,30.9375
-140.645833333333,67.7708333333333
-105.4375,62.2708333333333
-153.604166666667,50.5625
-134.104166666667,41.2708333333333
-143.104166666667,37.5625
-112.6875,44.1041666666667
-108.729166666667,70.6458333333333
-106.8125,39.5625
-132.645833333333,49.5625
-97.3541666666667,64.3958333333333
-136.854166666667,37.3125
-106.854166666667,35.3125
-117.4375,31.0625
-135.729166666667,45.2708333333333
-148.979166666667,50.4791666666667
-130.354166666667,29.8541666666667
-108.770833333333,58.1041666666667
-132.729166666667,34.5208333333333
-122.1875,67.2708333333333
-146.145833333333,57.7708333333333
-137.104166666667,67.6875
-150.8125,63.1875
-107.1875,64.6041666666667
-105.6875,52.4791666666667
-145.645833333333,63.2708333333333
-116.9375,38.2708333333333
-147.020833333333,52.6041666666667
-105.6875,33.6875
-144.104166666667,59.8958333333333
-141.5625,69.1875
-129.270833333333,30.9375
-134.604166666667,58.5208333333333
-122.895833333333,47.0208333333333
-139.1875,68.3541666666667
-128.979166666667,71.3125
-98.3541666666667,55.5208333333333
-113.270833333333,69.3125
-153.604166666667,63.2291666666667
-110.8125,30.3541666666667
-155.8125,51.0625
-119.895833333333,48.5208333333333
-115.979166666667,35.3958333333333
-145.645833333333,60.7291666666667
-135.5625,53.0625
-101.020833333333,60.3541666666667
-118.1875,35.9791666666667
-136.479166666667,29.6041666666667
-133.854166666667,48.2708333333333
-146.645833333333,32.3125
-125.020833333333,64.1875
-155.8125,32.3958333333333
-153.9375,56.4375
-150.770833333333,61.8125
-97.8125,51.8125
-107.604166666667,38.9375
-115.395833333333,29.6041666666667
-101.6875,65.7291666666667
-117.979166666667,68.6875
-107.895833333333,67.3125
-114.479166666667,61.5208333333333
-107.229166666667,47.8958333333333
-106.104166666667,41.5208333333333
-121.854166666667,63.5625
-115.604166666667,52.6875
-99.1458333333333,29.1041666666667
-127.895833333333,55.1875
-123.979166666667,51.3125
-98.3541666666667,43.5625
-149.9375,55.0625
-135.5625,66.3125
-142.354166666667,59.8958333333333
-114.979166666667,71.3958333333333
-141.229166666667,58.8541666666667
-122.6875,40.6458333333333
-126.895833333333,39.6041666666667
-155.8125,55.2291666666667
-147.395833333333,51.6458333333333
-128.4375,31.6041666666667
-140.895833333333,64.8958333333333
-106.6875,47.1875
-128.104166666667,52.3958333333333
-112.354166666667,49.1875
-138.854166666667,54.1458333333333
-126.229166666667,38.9375
-140.604166666667,55.8541666666667
-130.770833333333,36.2708333333333
-114.895833333333,51.5208333333333
-116.270833333333,45.5208333333333
-126.020833333333,29.7291666666667
-110.020833333333,39.5625
-115.1875,48.2708333333333
-112.8125,29.4375
-154.104166666667,33.9375
-153.229166666667,48.1875
-103.1875,41.8125
-127.229166666667,47.8541666666667
-130.9375,38.8958333333333
-137.604166666667,37.7708333333333
-122.895833333333,29.7291666666667
-109.1875,45.3541666666667
-102.0625,57.4375
-115.8125,29.6041666666667
-127.604166666667,32.9791666666667
-112.0625,56.9375
-106.645833333333,29.9791666666667
-107.4375,71.9791666666667
-135.770833333333,71.1041666666667
-128.395833333333,51.4375
-149.104166666667,41.5208333333333
-134.645833333333,44.2708333333333
-111.520833333333,63.0625
-144.395833333333,29.8541666666667
-153.4375,59.1041666666667
-121.1875,44.1875
-151.979166666667,36.7708333333333
-133.0625,29.6875
-128.3125,36.5625
-105.9375,43.6875
-128.4375,30.1875
-116.729166666667,51.1458333333333
-143.604166666667,58.7291666666667
-154.4375,51.8125
-107.479166666667,50.8125
-152.770833333333,29.3541666666667
-108.8125,33.6041666666667
-147.520833333333,32.6041666666667
-100.479166666667,29.9791666666667
-137.395833333333,58.7291666666667
-100.520833333333,56.1875
-137.854166666667,66.1458333333333
-110.645833333333,45.7708333333333
-146.270833333333,53.7291666666667
-112.104166666667,34.5625
-99.9375,40.6458333333333
-140.145833333333,48.3541666666667
-121.104166666667,70.6875
-150.395833333333,41.0625
-130.895833333333,41.1041666666667
-120.9375,44.4791666666667
-105.020833333333,64.4375
-112.854166666667,51.9791666666667
-109.3125,30.5625
-101.604166666667,52.7291666666667
-152.645833333333,31.2291666666667
-101.854166666667,63.4375
-108.729166666667,36.0208333333333
-126.395833333333,47.2291666666667
-140.0625,30.0625
-140.979166666667,32.1458333333333
-111.895833333333,58.3541666666667
-102.604166666667,39.6875
-116.645833333333,58.5208333333333
-100.0625,61.9375
-140.104166666667,59.3125
-113.0625,39.6458333333333
-142.645833333333,41.2708333333333
-124.854166666667,41.2291666666667
-133.770833333333,40.5208333333333
-124.8125,30.6458333333333
-131.520833333333,65.1041666666667
-101.354166666667,33.6041666666667
-153.229166666667,33.6041666666667
-116.270833333333,63.8541666666667
-107.1875,63.5625
-113.6875,28.9375
-103.4375,36.8958333333333
-121.6875,37.6458333333333
-121.604166666667,61.8958333333333
-148.895833333333,55.9375
-108.3125,44.8125
-154.104166666667,50.0208333333333
-120.354166666667,30.3541666666667
-107.395833333333,41.3958333333333
-125.979166666667,36.7708333333333
-148.645833333333,54.5625
-127.229166666667,51.6875
-111.0625,69.0625
-154.104166666667,39.4375
-130.020833333333,47.1458333333333
-124.6875,62.6041666666667
-155.854166666667,53.5208333333333
-148.5625,56.0208333333333
-139.520833333333,47.5208333333333
-135.270833333333,35.8958333333333
-117.020833333333,68.9791666666667
-148.8125,45.6875
-111.4375,39.5625
-112.145833333333,53.7708333333333
-147.0625,40.2291666666667
-145.395833333333,63.3541666666667
-122.979166666667,36.3958333333333
-124.520833333333,31.6875
-109.645833333333,70.9791666666667
-103.229166666667,33.0625
-153.979166666667,52.1875
-106.9375,45.0208333333333
-110.479166666667,42.3125
-156.604166666667,58.8125
-141.5625,72.0208333333333
-153.395833333333,31.9791666666667
-122.854166666667,38.2708333333333
-116.395833333333,39.4791666666667
-140.5625,63.5625
-149.895833333333,47.6875
-132.270833333333,57.3958333333333
-128.9375,36.8541666666667
-156.3125,65.8541666666667
-112.645833333333,49.9791666666667
-118.604166666667,67.0208333333333
-137.770833333333,59.6458333333333
-100.8125,62.2291666666667
-132.104166666667,49.7708333333333
-124.854166666667,31.2291666666667
-129.479166666667,61.8541666666667
-120.6875,48.2708333333333
-156.520833333333,39.3958333333333
-139.645833333333,42.5208333333333
-131.854166666667,52.2291666666667
-127.395833333333,45.6041666666667
-97.3958333333333,56.5625
-109.770833333333,59.1041666666667
-108.895833333333,49.2708333333333
-130.895833333333,57.9375
-105.854166666667,42.6041666666667
-133.854166666667,67.7291666666667
-109.604166666667,40.6458333333333
-121.6875,34.6875
-128.4375,39.2291666666667
-148.5625,43.7708333333333
-140.020833333333,69.2291666666667
-98.5208333333333,62.6458333333333
-101.3125,33.1041666666667
-148.104166666667,63.7708333333333
-150.6875,39.6458333333333
-130.895833333333,56.5208333333333
-129.479166666667,54.1041666666667
-121.3125,35.4375
-116.145833333333,37.6458333333333
-112.1875,69.5208333333333
-118.520833333333,57.4791666666667
-141.395833333333,40.6041666666667
-135.395833333333,53.1875
-137.104166666667,54.8541666666667
-112.729166666667,49.8958333333333
-152.4375,62.6041666666667
-99.5208333333333,35.4791666666667
-141.1875,35.6875
-132.1875,54.4791666666667
-108.979166666667,37.8125
-122.770833333333,39.8125
-108.145833333333,39.2708333333333
-126.645833333333,35.1875
-138.645833333333,63.2708333333333
-104.770833333333,59.6041666666667
-105.895833333333,35.3958333333333
-133.8125,65.5208333333333
-138.104166666667,65.9791666666667
-126.6875,34.1458333333333
-108.6875,54.7291666666667
-130.4375,38.3958333333333
-139.895833333333,31.3958333333333
-140.479166666667,42.1875
-126.8125,52.4791666666667
-122.729166666667,53.8958333333333
-154.4375,47.1458333333333
-104.020833333333,37.6041666666667
-138.520833333333,49.0625
-133.9375,39.4791666666667
-147.645833333333,33.2708333333333
-104.5625,35.2291666666667
-138.0625,42.3958333333333
-142.020833333333,47.9791666666667
-145.104166666667,33.7291666666667
-99.2291666666667,31.3541666666667
-111.8125,32.1041666666667
-121.520833333333,43.8958333333333
-99.6875,45.2291666666667
-135.020833333333,44.8958333333333
-97.6041666666667,33.6458333333333
-108.020833333333,72.1458333333333
-138.604166666667,44.8958333333333
-122.979166666667,37.6041666666667
-135.770833333333,54.2708333333333
-98.8541666666667,36.4791666666667
-132.770833333333,37.3958333333333
-119.229166666667,48.8125
-151.145833333333,65.5208333333333
-122.520833333333,38.4375
-122.520833333333,70.6875
-150.729166666667,58.7291666666667
-103.6875,29.1875
-156.979166666667,55.6875
-145.604166666667,30.2291666666667
-112.354166666667,57.6458333333333
-102.0625,47.8125
-145.854166666667,63.7708333333333
-142.479166666667,50.6041666666667
-127.479166666667,56.4791666666667
-136.770833333333,40.1458333333333
-112.145833333333,34.3125
-102.0625,71.4375
-140.729166666667,35.2291666666667
-125.0625,34.0625
-154.3125,42.1458333333333
-97.6875,33.0625
-153.604166666667,41.4375
-105.770833333333,43.1875
-152.4375,61.6875
-124.9375,65.1458333333333
-103.770833333333,53.6875
-110.479166666667,37.1041666666667
-130.229166666667,32.1041666666667
-136.770833333333,32.4791666666667
-143.479166666667,71.7291666666667
-120.0625,68.1041666666667
-110.3125,42.5625
-135.4375,31.3125
-138.145833333333,47.4375
-110.8125,42.8958333333333
-127.729166666667,40.7708333333333
-146.020833333333,61.3958333333333
-143.479166666667,70.0625
-146.8125,38.8125
-107.1875,30.6875
-152.4375,45.2708333333333
-135.479166666667,66.5208333333333
-98.1041666666667,35.8958333333333
-104.354166666667,48.9375
-122.6875,45.2291666666667
-112.145833333333,37.0625
-147.104166666667,67.6875
-142.854166666667,54.5625
-109.5625,57.6041666666667
-140.229166666667,55.1458333333333
-128.479166666667,41.1041666666667
-106.3125,41.3958333333333
-142.9375,34.2291666666667
-135.3125,53.9791666666667
-117.229166666667,55.1875
-144.979166666667,44.8958333333333
-101.729166666667,68.5208333333333
-116.729166666667,39.8958333333333
-135.729166666667,51.2291666666667
-139.354166666667,43.9791666666667
-132.4375,37.2708333333333
-135.979166666667,37.6041666666667
-146.895833333333,31.9375
-112.895833333333,62.1875
-106.145833333333,44.0625
-98.1875,72.9375
-112.979166666667,61.0208333333333
-97.4791666666667,47.1875
-129.895833333333,36.0208333333333
-107.354166666667,40.3541666666667
-108.895833333333,37.1458333333333
-147.145833333333,38.3125
-110.6875,37.1458333333333
-114.479166666667,38.8958333333333
-116.1875,53.4375
-119.479166666667,48.3125
-137.0625,48.8541666666667
-112.229166666667,71.6875
-130.604166666667,40.1458333333333
-144.8125,34.2291666666667
-142.979166666667,30.1875
-145.729166666667,37.1875
-120.020833333333,35.8125
-124.9375,68.2291666666667
-146.8125,54.8125
-102.1875,68.5208333333333
-109.895833333333,34.8125
-150.354166666667,31.1875
-152.9375,32.3958333333333
-119.1875,31.6041666666667
-119.645833333333,68.7708333333333
-109.229166666667,50.6041666666667
-108.729166666667,35.1041666666667
-128.6875,34.6875
-108.020833333333,57.1458333333333
-156.479166666667,40.6458333333333
-136.270833333333,54.4791666666667
-156.604166666667,36.8125
-126.229166666667,40.4375
-103.770833333333,54.0625
-108.8125,31.0208333333333
-154.645833333333,65.4375
-140.1875,42.4791666666667
-116.6875,48.2708333333333
-111.9375,39.6041666666667
-102.3125,39.5208333333333
-109.645833333333,50.3958333333333
-121.1875,70.2291666666667
-152.020833333333,55.7708333333333
-127.1875,30.6875
-130.979166666667,49.5625
-103.229166666667,29.8125
-117.229166666667,39.7291666666667
-110.479166666667,31.1458333333333
-131.3125,32.4375
-108.270833333333,34.8958333333333
-103.9375,45.1458333333333
-148.104166666667,42.1458333333333
-104.770833333333,65.3541666666667
-145.020833333333,52.1875
-150.6875,65.2291666666667
-131.770833333333,38.1875
-99.4375,35.1458333333333
-124.9375,55.2291666666667
-126.479166666667,29.8958333333333
-103.270833333333,53.6458333333333
-147.354166666667,50.7708333333333
-122.729166666667,53.6875
-120.0625,29.4791666666667
-116.5625,39.7291666666667
-105.0625,40.9375
-100.395833333333,33.5625
-144.604166666667,52.2291666666667
-130.104166666667,42.7291666666667
-101.854166666667,44.7291666666667
-151.645833333333,48.9791666666667
-105.354166666667,61.1458333333333
-134.270833333333,39.5625
-144.6875,44.6458333333333
-140.229166666667,29.8541666666667
-126.854166666667,36.2291666666667
-151.104166666667,56.2708333333333
-127.895833333333,61.6458333333333
-146.270833333333,69.5208333333333
-100.8125,40.3541666666667
-117.979166666667,44.3958333333333
-116.9375,70.7708333333333
-103.895833333333,45.3958333333333
-103.729166666667,36.2708333333333
-132.770833333333,43.9791666666667
-129.270833333333,43.6041666666667
-106.8125,67.4375
-101.854166666667,38.3541666666667
-119.520833333333,35.7291666666667
-146.729166666667,61.0208333333333
-110.104166666667,65.8125
-131.395833333333,32.1875
-143.5625,38.4375
-123.270833333333,38.4791666666667
-102.1875,36.8541666666667
-138.270833333333,35.9791666666667
-100.395833333333,55.2291666666667
-103.520833333333,65.2291666666667
-104.3125,60.0208333333333
-139.270833333333,50.6458333333333
-141.104166666667,61.8541666666667
-106.270833333333,29.2708333333333
-139.8125,36.5208333333333
-152.145833333333,40.1458333333333
-104.4375,65.6875
-101.020833333333,53.9791666666667
-130.645833333333,63.1458333333333
-128.5625,55.6875
-99.4375,52.2708333333333
-149.854166666667,55.6875
-112.9375,30.5625
-139.604166666667,49.5208333333333
-132.354166666667,51.5208333333333
-110.3125,44.5625
-156.729166666667,45.1875
-119.895833333333,45.7291666666667
-98.2708333333333,52.5208333333333
-123.354166666667,66.0208333333333
-152.770833333333,41.6041666666667
-121.979166666667,49.8125
-136.729166666667,55.7291666666667
-119.354166666667,64.0208333333333
-100.8125,48.3541666666667
-146.645833333333,31.3958333333333
-138.520833333333,58.0208333333333
-117.4375,34.7291666666667
-155.729166666667,38.1041666666667
-115.229166666667,40.2708333333333
-146.6875,41.6875
-115.4375,31.4791666666667
-97.3541666666667,42.9375
-102.3125,68.1458333333333
-112.770833333333,54.7708333333333
-131.604166666667,40.4375
-146.854166666667,31.3958333333333
-105.020833333333,30.2708333333333
-135.8125,39.7708333333333
-113.604166666667,58.4791666666667
-152.3125,72.6875
-103.1875,66.2708333333333
-140.645833333333,32.6875
-110.270833333333,34.0208333333333
-153.6875,51.4791666666667
-131.8125,65.9791666666667
-144.020833333333,39.3125
-110.895833333333,49.8958333333333
-98.6875,36.1041666666667
-127.854166666667,67.2708333333333
-154.6875,53.2708333333333
-127.104166666667,47.3958333333333
-122.479166666667,39.5625
-110.0625,47.1458333333333
-97.6458333333333,55.6458333333333
-137.479166666667,34.9375
-104.104166666667,55.8125
-129.395833333333,43.6041666666667
-136.354166666667,55.4375
-108.770833333333,32.0208333333333
-156.395833333333,29.9375
-140.520833333333,40.1458333333333
-112.979166666667,48.3125
-133.479166666667,62.1458333333333
-125.770833333333,44.8125
-135.104166666667,49.2708333333333
-142.145833333333,66.9375
-97.3541666666667,57.3958333333333
-127.145833333333,39.5208333333333
-122.6875,67.6041666666667
-125.145833333333,53.9791666666667
-100.3125,68.2708333333333
-99.8125,47.0625
-143.729166666667,42.5208333333333
-135.145833333333,39.3541666666667
-148.770833333333,41.0208333333333
-120.145833333333,33.2708333333333
-150.020833333333,58.5625
-120.270833333333,40.0208333333333
-108.9375,39.8958333333333
-149.270833333333,51.1458333333333
-129.270833333333,31.8958333333333
-123.4375,59.8125
-141.895833333333,31.1458333333333
-117.729166666667,68.1875
-120.3125,53.1875
-126.4375,68.3125
-99.1041666666667,53.2708333333333
-99.4375,30.4791666666667
-99.8541666666667,38.1875
-154.270833333333,39.5625
-130.020833333333,50.7708333333333
-154.020833333333,69.0625
-137.854166666667,62.4375
-136.3125,55.8958333333333
-122.854166666667,34.3541666666667
-97.9791666666667,31.1041666666667
-99.6041666666667,61.9375
-153.145833333333,71.4375
-114.729166666667,71.2708333333333
-136.020833333333,67.1875
-151.4375,41.3125
-154.145833333333,58.2291666666667
-122.104166666667,61.4375
-150.9375,38.1458333333333
-123.895833333333,35.0208333333333
-127.104166666667,66.4791666666667
-124.770833333333,64.6458333333333
-103.354166666667,55.8958333333333
-120.479166666667,35.8958333333333
-156.854166666667,45.8958333333333
-100.5625,58.4791666666667
-113.729166666667,35.3541666666667
-134.3125,45.6041666666667
-127.770833333333,30.8958333333333
-107.770833333333,57.2291666666667
-109.104166666667,50.5208333333333
-130.979166666667,31.2708333333333
-143.354166666667,29.0208333333333
-132.979166666667,38.3125
-97.7291666666667,57.2708333333333
-103.0625,50.3958333333333
-107.145833333333,71.6041666666667
-131.729166666667,72.0625
-106.770833333333,43.4791666666667
-146.0625,36.3541666666667
-101.854166666667,65.1875
-152.3125,49.2291666666667
-99.2708333333333,62.7708333333333
-142.5625,47.8541666666667
-112.729166666667,35.1041666666667
-144.104166666667,53.8125
-149.645833333333,70.6875
-130.229166666667,42.3125
-124.729166666667,31.5625
-124.9375,34.2708333333333
-123.604166666667,30.3958333333333
-146.645833333333,34.6458333333333
-155.479166666667,68.9791666666667
-151.395833333333,69.4791666666667
-148.979166666667,43.8541666666667
-142.854166666667,49.0208333333333
-108.9375,35.0625
-123.395833333333,47.0208333333333
-147.104166666667,59.4791666666667
-121.895833333333,44.6875
-130.0625,32.8958333333333
-148.8125,51.4791666666667
-123.5625,64.6458333333333
-153.729166666667,71.5625
-118.895833333333,61.6875
-108.479166666667,42.3125
-136.8125,44.1041666666667
-105.4375,70.0208333333333
-135.479166666667,39.5208333333333
-109.479166666667,68.8541666666667
-108.104166666667,70.7291666666667
-132.895833333333,33.0625
-151.104166666667,50.5625
-124.020833333333,61.8125
-127.895833333333,63.8541666666667
-122.5625,44.4375
-120.145833333333,57.1875
-122.354166666667,53.8958333333333
-97.9791666666667,51.9791666666667
-108.354166666667,37.4375
-136.604166666667,46.4791666666667
-125.395833333333,49.2291666666667
-127.604166666667,72.6875
-147.604166666667,50.4791666666667
-130.6875,42.3958333333333
-112.979166666667,30.2291666666667
-129.395833333333,53.9375
-125.854166666667,58.5625
-138.520833333333,36.8125
-143.104166666667,58.4375
-141.770833333333,34.4375
-147.854166666667,65.6875
-98.0625,40.9791666666667
-123.895833333333,37.7291666666667
-138.104166666667,33.7708333333333
-138.645833333333,60.1041666666667
-145.854166666667,67.3541666666667
-127.479166666667,39.6458333333333
-140.104166666667,70.1875
-106.1875,41.8958333333333
-131.479166666667,41.1458333333333
-138.0625,41.5625
-106.4375,30.2708333333333
-131.9375,48.1458333333333
-155.8125,65.4791666666667
-131.520833333333,29.2291666666667
-100.229166666667,46.1041666666667
-124.854166666667,51.6458333333333
-154.104166666667,63.3541666666667
-106.4375,48.3125
-151.0625,32.4375
-144.3125,36.5625
-129.3125,53.6458333333333
-155.229166666667,54.0208333333333
-148.4375,31.3958333333333
-99.2708333333333,38.8125
-100.145833333333,62.1458333333333
-133.020833333333,41.0208333333333
-102.395833333333,61.5208333333333
-134.5625,52.8541666666667
-120.4375,62.2708333333333
-121.5625,56.8125
-128.104166666667,55.2291666666667
-111.145833333333,54.8541666666667
-137.895833333333,30.6875
-105.5625,33.9791666666667
-131.729166666667,71.4375
-127.770833333333,41.7291666666667
-141.270833333333,69.6875
-143.229166666667,67.8125
-117.395833333333,31.7708333333333
-111.0625,34.8958333333333
-119.6875,50.2291666666667
-122.395833333333,54.0625
-138.770833333333,55.7708333333333
-106.104166666667,55.8958333333333
-127.854166666667,43.5625
-156.645833333333,68.6041666666667
-128.604166666667,50.1458333333333
-133.979166666667,40.6875
-146.0625,45.6875
-144.729166666667,39.1041666666667
-143.479166666667,65.1875
-135.4375,54.6041666666667
-114.6875,58.4791666666667
-125.854166666667,33.9375
-125.020833333333,54.5208333333333
-137.4375,62.3125
-141.229166666667,44.1875
-104.270833333333,64.2708333333333
-107.895833333333,43.2291666666667
-139.0625,47.8541666666667
-137.979166666667,53.1458333333333
-155.729166666667,52.3125
-146.354166666667,59.3125
-100.270833333333,72.4375
-119.354166666667,30.0208333333333
-147.145833333333,43.6458333333333
-106.520833333333,45.1458333333333
-131.854166666667,65.8958333333333
-121.895833333333,45.1875
-120.229166666667,58.6875
-151.979166666667,42.9791666666667
-142.604166666667,54.6875
-142.8125,36.8541666666667
-143.645833333333,31.9791666666667
-110.104166666667,51.6875
-125.4375,32.6458333333333
-138.0625,32.6458333333333
-133.0625,71.7291666666667
-131.5625,65.5208333333333
-148.979166666667,45.6458333333333
-134.1875,39.3541666666667
-98.6041666666667,63.6875
-140.104166666667,30.8541666666667
-121.6875,56.3125
-154.479166666667,31.5625
-106.354166666667,66.2291666666667
-104.229166666667,45.5625
-141.770833333333,37.9791666666667
-138.0625,46.4375
-125.979166666667,29.3541666666667
-143.604166666667,29.7708333333333
-132.395833333333,30.1458333333333
-147.229166666667,37.6041666666667
-149.854166666667,49.3125
-113.604166666667,30.5208333333333
-120.1875,48.5625
-135.9375,52.3541666666667
-118.479166666667,48.3125
-155.729166666667,50.9791666666667
-121.020833333333,64.8541666666667
-131.479166666667,39.5208333333333
-148.645833333333,52.7291666666667
-125.729166666667,42.1875
-101.9375,34.8125
-135.4375,36.1458333333333
-98.6875,48.6458333333333
-151.020833333333,62.5208333333333
-137.895833333333,68.5625
-142.645833333333,68.4375
-116.3125,70.0208333333333
-147.895833333333,33.4375
-113.854166666667,48.2708333333333
-126.6875,63.6041666666667
-137.520833333333,35.2708333333333
-115.9375,46.8541666666667
-123.145833333333,39.3541666666667
-108.854166666667,31.7291666666667
-141.4375,36.1875
-148.270833333333,44.8958333333333
-136.604166666667,40.9375
-139.395833333333,70.9791666666667
-107.1875,64.4791666666667
-114.1875,68.7291666666667
-152.145833333333,36.5625
-113.604166666667,52.1458333333333
-124.729166666667,50.9791666666667
-99.7708333333333,45.8125
-115.395833333333,36.6458333333333
-151.395833333333,32.6458333333333
-156.270833333333,45.1041666666667
-113.770833333333,55.8125
-129.770833333333,30.3958333333333
-107.5625,59.5208333333333
-129.520833333333,46.6458333333333
-138.8125,32.7708333333333
-154.895833333333,35.8125
-147.895833333333,43.8125
-132.9375,39.3125
-154.6875,64.2291666666667
-141.0625,43.7291666666667
-107.895833333333,30.2291666666667
-147.145833333333,32.0208333333333
-100.520833333333,31.8125
-135.145833333333,39.6875
-100.229166666667,68.0208333333333
-111.479166666667,42.0208333333333
-101.270833333333,42.8958333333333
-149.0625,31.9791666666667
-98.6875,41.6458333333333
-128.520833333333,29.3125
-99.0625,37.6875
-102.979166666667,44.8125
-106.0625,66.5625
-98.3958333333333,49.3125
-119.1875,59.1458333333333
-135.104166666667,61.6041666666667
-140.145833333333,31.1458333333333
-104.604166666667,41.4791666666667
-100.270833333333,47.6875
-138.0625,72.3125
-119.854166666667,32.3541666666667
-113.354166666667,72.0208333333333
-112.520833333333,51.1041666666667
-129.479166666667,51.7291666666667
-129.0625,36.5208333333333
-98.0625,70.8125
-105.4375,61.9375
-152.604166666667,36.0625
-141.5625,29.1458333333333
-109.729166666667,36.0208333333333
-100.8125,63.8541666666667
-103.604166666667,50.2291666666667
-100.229166666667,36.1458333333333
-133.520833333333,55.0208333333333
-155.645833333333,72.0625
-155.770833333333,39.4375
-151.770833333333,35.4375
-130.020833333333,56.5208333333333
-122.895833333333,55.4791666666667
-108.229166666667,43.9791666666667
-148.5625,34.3125
-120.270833333333,45.0208333333333
-153.770833333333,33.8125
-134.145833333333,41.7708333333333
-122.4375,54.1875
-114.5625,29.9791666666667
-125.729166666667,36.5208333333333
-143.1875,46.3125
-128.979166666667,38.4791666666667
-118.479166666667,69.3125
-101.3125,29.6875
-136.979166666667,51.7291666666667
-110.520833333333,67.8125
-146.145833333333,56.6041666666667
-148.270833333333,55.7708333333333
-133.895833333333,35.5208333333333
-114.270833333333,35.3541666666667
-99.2291666666667,61.3541666666667
-137.4375,52.0208333333333
-146.5625,62.1875
-109.229166666667,31.1458333333333
-123.604166666667,55.2708333333333
-138.604166666667,63.2291666666667
-121.354166666667,32.1875
-105.895833333333,60.7291666666667
-110.104166666667,61.3125
-98.1458333333333,59.6458333333333
-156.520833333333,31.5208333333333
-155.854166666667,70.2708333333333
-144.479166666667,43.8125
-98.1875,50.4791666666667
-139.8125,45.4375
-107.9375,44.5208333333333
-151.895833333333,35.7291666666667
-153.8125,30.2708333333333
-124.645833333333,60.2291666666667
-127.6875,40.9375
-133.1875,31.6041666666667
-116.979166666667,51.3541666666667
-117.645833333333,63.3958333333333
-118.895833333333,32.7291666666667
-135.854166666667,47.9791666666667
-134.0625,34.1041666666667
-145.270833333333,47.2291666666667
-112.979166666667,62.2708333333333
-119.979166666667,34.3541666666667
-97.6041666666667,46.6458333333333
-139.145833333333,56.8541666666667
-140.9375,68.6041666666667
-97.2708333333333,42.8958333333333
-141.645833333333,36.7291666666667
-144.729166666667,67.4375
-149.520833333333,62.0208333333333
-114.395833333333,40.1458333333333
-137.4375,37.5625
-145.520833333333,33.8125
-121.354166666667,59.8125
-99.5625,43.1458333333333
-104.4375,60.3958333333333
-104.104166666667,40.2291666666667
-144.3125,63.4375
-112.0625,40.2708333333333
-151.8125,35.2708333333333
-131.5625,63.7708333333333
-105.354166666667,45.1875
-145.520833333333,28.9375
-111.479166666667,70.5208333333333
-124.145833333333,50.3125
-114.4375,56.6875
-117.270833333333,41.2708333333333
-106.3125,60.0208333333333
-111.604166666667,45.3125
-101.145833333333,61.2291666666667
-123.354166666667,28.9791666666667
-133.520833333333,55.5208333333333
-155.979166666667,72.6041666666667
-145.979166666667,35.3541666666667
-145.229166666667,38.8958333333333
-107.604166666667,71.9375
-127.4375,46.9375
-107.5625,56.1875
-105.770833333333,30.0208333333333
-137.229166666667,45.8958333333333
-115.1875,67.7708333333333
-127.020833333333,34.8541666666667
-106.520833333333,38.1458333333333
-97.9375,55.5625
-134.4375,61.4791666666667
-136.895833333333,51.3125
-144.520833333333,42.0208333333333
-147.0625,30.3125
-120.8125,56.1875
-137.770833333333,30.6875
-141.645833333333,34.3125
-122.979166666667,43.2291666666667
-102.229166666667,35.1875
-116.6875,30.6041666666667
-121.729166666667,50.2291666666667
-147.6875,51.6458333333333
-131.854166666667,41.3958333333333
-99.3541666666667,54.8541666666667
-132.5625,38.1041666666667
-134.854166666667,31.5625
-134.6875,56.1458333333333
-151.229166666667,31.2708333333333
-113.729166666667,68.1041666666667
-148.854166666667,51.3125
-146.104166666667,44.6458333333333
-128.604166666667,48.8125
-133.1875,57.7291666666667
-113.104166666667,29.6875
-154.145833333333,52.9375
-132.479166666667,42.0208333333333
-131.895833333333,72.5625
-97.8958333333333,62.9375
-115.9375,58.4791666666667
-110.729166666667,40.6875
-123.395833333333,45.5625
-138.979166666667,53.3541666666667
-98.4791666666667,65.3958333333333
-154.6875,56.3125
-147.145833333333,61.7708333333333
-130.229166666667,46.1041666666667
-132.4375,29.3958333333333
-140.604166666667,34.0625
-136.1875,67.5208333333333
-153.229166666667,48.6041666666667
-101.6875,55.9375
-134.395833333333,45.6875
-139.604166666667,39.2708333333333
-106.8125,59.4791666666667
-137.5625,71.8958333333333
-145.104166666667,56.6875
-105.3125,39.8125
-120.9375,29.6875
-135.395833333333,37.9791666666667
-115.5625,36.8541666666667
-137.9375,53.4375
-99.1041666666667,44.8541666666667
-145.6875,39.0208333333333
-97.8958333333333,34.3125
-117.645833333333,43.1458333333333
-143.3125,48.5208333333333
-117.229166666667,45.4375
-127.5625,52.3125
-124.770833333333,63.4375
-140.020833333333,55.6875
-142.520833333333,33.8958333333333
-145.854166666667,72.2708333333333
-97.3125,65.5625
-137.395833333333,47.4375
-135.020833333333,72.6458333333333
-132.0625,32.1458333333333
-139.104166666667,41.3541666666667
-143.270833333333,56.3125
-150.145833333333,34.2708333333333
-109.145833333333,67.2291666666667
-120.020833333333,30.3958333333333
-109.9375,38.8958333333333
-119.520833333333,38.7708333333333
-149.270833333333,55.0625
-148.3125,43.8125
-132.395833333333,31.4375
-150.5625,51.4791666666667
-144.3125,64.6041666666667
-125.520833333333,51.4375
-124.354166666667,44.9791666666667
-116.270833333333,59.8125
-111.229166666667,56.7708333333333
-111.5625,32.3958333333333
-134.729166666667,49.0625
-98.7291666666667,49.2708333333333
-138.8125,33.6875
-147.3125,35.2291666666667
-119.104166666667,55.4375
-102.0625,30.6875
-139.604166666667,35.8125
-103.645833333333,41.3125
-106.895833333333,36.6458333333333
-142.520833333333,42.6458333333333
-119.020833333333,43.8541666666667
-149.104166666667,49.1041666666667
-110.1875,33.2291666666667
-130.104166666667,45.3125
-110.604166666667,36.0625
-139.979166666667,42.3958333333333
-113.520833333333,63.9791666666667
-153.479166666667,50.4375
-109.729166666667,72.5625
-128.6875,59.1458333333333
-139.104166666667,46.5625
-142.895833333333,59.0625
-121.395833333333,30.8958333333333
-133.229166666667,34.8125
-155.895833333333,40.0625
-125.479166666667,64.2708333333333
-108.4375,69.9375
-154.229166666667,58.5625
-136.854166666667,42.0208333333333
-115.979166666667,29.3541666666667
-128.6875,36.3541666666667
-140.979166666667,32.8958333333333
-132.145833333333,41.1458333333333
-121.145833333333,41.6041666666667
-101.0625,54.1458333333333
-154.729166666667,34.0208333333333
-110.6875,44.0625
-139.020833333333,58.2291666666667
-142.770833333333,62.3958333333333
-123.729166666667,36.7708333333333
-137.145833333333,69.9375
-144.1875,51.8541666666667
-112.020833333333,72.8958333333333
-106.270833333333,40.1875
-133.9375,54.8541666666667
-144.0625,39.4791666666667
-142.270833333333,40.1041666666667
-144.854166666667,48.3125
-98.4791666666667,46.8125
-99.5208333333333,40.5625
-116.854166666667,43.1875
-144.895833333333,44.2708333333333
-117.604166666667,44.6875
-151.145833333333,44.1875
-128.1875,42.5208333333333
-133.145833333333,67.7291666666667
-142.895833333333,33.9791666666667
-115.354166666667,64.3541666666667
-129.479166666667,30.2708333333333
-122.229166666667,49.1875
-137.895833333333,44.6875
-118.104166666667,49.7708333333333
-123.729166666667,42.1875
-116.854166666667,57.3958333333333
-104.0625,52.7291666666667
-100.479166666667,72.1041666666667
-123.479166666667,36.9375
-124.895833333333,54.1041666666667
-120.3125,50.9791666666667
-144.520833333333,61.2708333333333
-154.645833333333,30.0208333333333
-117.270833333333,28.9375
-124.270833333333,47.9375
-102.3125,61.3541666666667
-154.6875,35.0625
-101.6875,45.6041666666667
-116.8125,41.5208333333333
-154.1875,48.3958333333333
-113.3125,50.5625
-129.6875,50.4791666666667
-129.604166666667,43.8541666666667
-155.354166666667,37.8125
-135.8125,54.8541666666667
-112.4375,72.5208333333333
-137.229166666667,48.0208333333333
-131.270833333333,65.2291666666667
-113.395833333333,31.6875
-134.1875,63.0625
-155.1875,66.7708333333333
-101.9375,70.6458333333333
-132.854166666667,31.1041666666667
-106.3125,42.9375
-105.0625,30.1458333333333
-111.9375,29.4375
-139.354166666667,52.0625
-147.395833333333,56.9375
-143.479166666667,39.7291666666667
-104.104166666667,55.4375
-111.770833333333,50.7291666666667
-125.6875,43.2291666666667
-97.8125,56.9791666666667
-116.270833333333,41.3958333333333
-133.4375,29.2291666666667
-134.479166666667,59.0208333333333
-101.020833333333,33.6458333333333
-97.9791666666667,40.7708333333333
-128.729166666667,53.3125
-127.5625,55.3958333333333
-114.229166666667,46.1041666666667
-129.270833333333,55.1875
-98.6458333333333,65.6041666666667
-109.479166666667,67.6041666666667
-151.9375,52.7708333333333
-113.229166666667,42.8125
-130.895833333333,29.3125
-102.770833333333,30.5208333333333
-123.729166666667,46.6041666666667
-128.479166666667,39.9375
-148.5625,35.2291666666667
-156.3125,32.1458333333333
-131.604166666667,52.7291666666667
-133.0625,44.1875
-97.8958333333333,39.0625
-137.1875,41.7291666666667
-117.645833333333,30.4375
-148.854166666667,71.2291666666667
-129.895833333333,29.4791666666667
-136.479166666667,44.1458333333333
-148.729166666667,43.1875
-102.645833333333,48.0625
-139.9375,32.8958333333333
-115.145833333333,45.1041666666667
-152.1875,61.9375
-130.145833333333,29.0208333333333
-136.3125,61.6875
-98.5625,34.7708333333333
-133.6875,31.4791666666667
-151.5625,37.4791666666667
-133.854166666667,54.6458333333333
-104.854166666667,35.2291666666667
-99.6041666666667,39.4375
-115.8125,43.2291666666667
-130.6875,33.1458333333333
-106.229166666667,52.6041666666667
-134.229166666667,48.3958333333333
-104.145833333333,29.7291666666667
-140.8125,58.8958333333333
-122.9375,43.0625
-123.145833333333,29.7291666666667
-117.0625,48.0625
-122.229166666667,65.3125
-143.979166666667,44.1458333333333
-129.854166666667,63.8958333333333
-151.270833333333,43.7708333333333
-127.6875,55.7291666666667
-132.604166666667,30.4375
-130.8125,32.2708333333333
-104.229166666667,31.6875
-138.479166666667,31.8125
-122.6875,44.0208333333333
-104.645833333333,44.9375
-126.270833333333,56.7291666666667
-128.770833333333,34.5625
-138.3125,39.9375
-146.895833333333,54.6458333333333
-131.520833333333,47.3958333333333
-118.270833333333,34.2291666666667
-113.3125,59.3541666666667
-121.729166666667,39.8541666666667
-146.354166666667,42.0625
-131.479166666667,30.1875
-138.270833333333,56.1458333333333
-101.8125,34.5625
-120.895833333333,48.7291666666667
-112.020833333333,46.8125
-109.8125,57.4375
-101.770833333333,38.8541666666667
-116.020833333333,56.1458333333333
-152.6875,30.4375
-112.229166666667,55.1041666666667
-120.979166666667,72.8125
-124.229166666667,66.1041666666667
-146.229166666667,34.3125
-106.145833333333,65.1041666666667
-139.9375,38.1041666666667
-107.145833333333,63.9791666666667
-145.0625,30.9791666666667
-142.854166666667,45.6875
-107.854166666667,43.0208333333333
-107.895833333333,55.0625
-136.395833333333,55.9791666666667
-97.5208333333333,47.8958333333333
-142.4375,45.5208333333333
-120.729166666667,57.6458333333333
-119.5625,32.9375
-135.4375,54.5625
-135.0625,57.9375
-156.9375,46.5625
-106.895833333333,65.1458333333333
-116.6875,35.5208333333333
-97.2708333333333,71.8541666666667
-118.1875,60.7708333333333
-116.895833333333,43.6875
-104.770833333333,61.2291666666667
-139.520833333333,30.8125
-124.6875,63.9375
-113.0625,36.4375
-120.229166666667,66.7708333333333
-147.479166666667,31.6041666666667
-128.520833333333,29.4375
-115.8125,61.4791666666667
-142.104166666667,32.6875
-118.645833333333,53.6041666666667
-114.9375,62.1041666666667
-131.854166666667,68.8958333333333
-152.770833333333,31.3958333333333
-146.6875,33.6875
-140.895833333333,58.0208333333333
-129.854166666667,55.8125
-123.645833333333,37.2291666666667
-108.3125,33.2291666666667
-143.5625,71.3125
-119.770833333333,32.1041666666667
-154.020833333333,67.1041666666667
-118.645833333333,60.9375
-150.479166666667,59.3541666666667
-109.729166666667,51.0625
-131.020833333333,28.9791666666667
-148.0625,36.4375
-113.895833333333,33.2708333333333
-150.479166666667,53.1041666666667
-115.020833333333,59.8958333333333
-125.104166666667,64.4375
-150.479166666667,53.6458333333333
-131.104166666667,63.0208333333333
-145.854166666667,71.3541666666667
-122.854166666667,54.7708333333333
-144.645833333333,51.0625
-101.395833333333,71.3958333333333
-113.645833333333,29.3541666666667
-104.270833333333,34.6875
-144.3125,35.2291666666667
-129.9375,71.4791666666667
-103.1875,48.6041666666667
-111.020833333333,52.9791666666667
-105.729166666667,37.8541666666667
-99.1041666666667,35.8125
-107.520833333333,69.9375
-143.9375,29.2708333333333
-100.520833333333,58.8125
-146.270833333333,42.7708333333333
-117.854166666667,37.0625
-119.270833333333,30.5625
-150.3125,36.3125
-143.604166666667,53.1041666666667
-122.229166666667,44.8125
-110.9375,60.6458333333333
-147.1875,63.8125
-142.4375,30.5208333333333
-115.645833333333,43.1875
-137.1875,61.4791666666667
-133.854166666667,31.0625
-130.8125,57.6041666666667
-125.1875,44.3541666666667
-125.020833333333,51.9375
-120.520833333333,34.3125
-151.729166666667,60.3958333333333
-119.3125,50.5208333333333
-138.229166666667,41.9375
-105.9375,29.7291666666667
-128.104166666667,66.6041666666667
-129.520833333333,62.9375
-107.1875,51.9375
-118.9375,48.1041666666667
-123.5625,29.2291666666667
-112.9375,35.5625
-101.729166666667,49.1875
-130.979166666667,31.5208333333333
-106.1875,40.3958333333333
-102.3125,33.1458333333333
-127.104166666667,72.6875
-149.1875,40.4375
-101.8125,59.3125
-129.479166666667,37.8541666666667
-147.0625,31.3125
-109.979166666667,41.2708333333333
-100.9375,41.7291666666667
-139.5625,36.4375
-156.0625,54.6041666666667
-117.1875,54.8958333333333
-127.8125,36.3125
-156.3125,32.9375
-152.104166666667,40.6875
-136.1875,47.6875
-102.895833333333,54.4375
-120.479166666667,59.7291666666667
-143.520833333333,53.6041666666667
-155.395833333333,35.8541666666667
-105.854166666667,66.0625
-109.979166666667,67.0208333333333
-154.895833333333,57.1041666666667
-122.854166666667,44.1041666666667
-140.854166666667,50.8958333333333
-144.229166666667,39.1041666666667
-118.4375,31.1875
-138.1875,46.7708333333333
-110.8125,34.1041666666667
-110.479166666667,38.7708333333333
-101.3125,32.8125
-118.479166666667,43.6041666666667
-107.979166666667,34.6875
-148.3125,40.0208333333333
-136.5625,56.0208333333333
-114.520833333333,51.6041666666667
-112.604166666667,43.2708333333333
-104.9375,39.7291666666667
-124.9375,37.4375
-134.4375,63.1041666666667
-99.1041666666667,55.9375
-118.895833333333,58.4791666666667
-107.770833333333,36.5208333333333
-147.1875,44.6458333333333
-114.020833333333,66.9375
-151.520833333333,30.9375
-134.354166666667,35.4375
-105.4375,35.6458333333333
-99.3958333333333,72.1458333333333
-147.270833333333,48.7291666666667
-151.979166666667,52.0625
-137.6875,51.6458333333333
-151.520833333333,43.1041666666667
-138.0625,72.1458333333333
-140.770833333333,49.8125
-151.020833333333,40.6875
-131.145833333333,29.0625
-114.770833333333,41.3541666666667
-113.895833333333,34.2291666666667
-143.604166666667,31.1458333333333
-131.770833333333,29.3958333333333
-138.854166666667,29.9791666666667
-104.1875,44.8958333333333
-154.854166666667,57.6041666666667
-142.770833333333,28.9375
-135.520833333333,54.2708333333333
-152.479166666667,50.5625
-103.770833333333,31.1875
-149.9375,55.3958333333333
-137.0625,50.5208333333333
-156.6875,34.4375
-127.8125,44.5208333333333
-137.270833333333,52.4375
-121.1875,69.4791666666667
-109.979166666667,33.4375
-135.770833333333,67.3958333333333
-118.020833333333,58.2291666666667
-149.4375,61.4375
-146.270833333333,33.6458333333333
-136.104166666667,43.3958333333333
-106.479166666667,49.3958333333333
-110.895833333333,44.5625
-116.229166666667,49.9375
-101.479166666667,56.2708333333333
-136.145833333333,46.6875
-128.1875,46.1041666666667
-126.0625,48.7291666666667
-97.8541666666667,60.2708333333333
-147.229166666667,45.3958333333333
-150.1875,32.6041666666667
-102.479166666667,42.1041666666667
-107.1875,49.3958333333333
-143.145833333333,50.1458333333333
-118.0625,64.4375
-145.895833333333,62.0625
-112.145833333333,33.4375
-106.270833333333,49.7708333333333
-156.5625,37.2708333333333
-130.8125,41.3541666666667
-100.395833333333,33.9375
-97.4791666666667,66.5625
-114.354166666667,49.1041666666667
-125.1875,32.4791666666667
-132.895833333333,53.8958333333333
-151.145833333333,47.6041666666667
-122.4375,54.9375
-149.270833333333,40.0208333333333
-115.645833333333,69.8125
-154.645833333333,53.2291666666667
-150.354166666667,46.0625
-142.1875,62.1458333333333
-150.770833333333,33.8958333333333
-141.729166666667,31.5208333333333
-146.229166666667,48.6041666666667
-110.520833333333,58.6458333333333
-106.229166666667,32.9375
-103.3125,30.8958333333333
-122.5625,34.1875
-120.979166666667,39.2708333333333
-152.520833333333,42.7291666666667
-99.8958333333333,43.0625
-98.8125,63.0208333333333
-130.770833333333,54.3125
-104.729166666667,34.6875
-115.8125,29.7291666666667
-155.3125,47.2291666666667
-130.145833333333,62.1458333333333
-140.979166666667,60.6458333333333
-148.770833333333,57.6875
-110.895833333333,67.3958333333333
-148.854166666667,47.2291666666667
-151.645833333333,50.4791666666667
-111.354166666667,46.0208333333333
-97.4375,43.6458333333333
-133.729166666667,30.0625
-133.6875,31.9791666666667
-140.145833333333,61.3958333333333
-102.9375,51.3125
-145.854166666667,37.2708333333333
-139.979166666667,30.1875
-124.145833333333,45.0208333333333
-129.729166666667,58.7708333333333
-99.8541666666667,32.4791666666667
-134.895833333333,63.3541666666667
-130.895833333333,55.9791666666667
-105.0625,61.8541666666667
-149.270833333333,28.9791666666667
-146.1875,36.8541666666667
-113.354166666667,31.8541666666667
-102.479166666667,46.9375
-143.4375,36.6041666666667
-135.145833333333,60.4375
-100.895833333333,28.9791666666667
-110.645833333333,29.8541666666667
-132.145833333333,51.1041666666667
-103.270833333333,38.7708333333333
-105.1875,48.3125
-141.729166666667,44.5625
-111.895833333333,35.9375
-129.8125,47.5208333333333
-142.979166666667,36.6041666666667
-155.770833333333,29.1041666666667
-129.104166666667,39.1458333333333
-148.270833333333,52.6458333333333
-119.4375,66.8958333333333
-138.645833333333,35.7291666666667
-120.979166666667,59.6041666666667
-101.9375,35.8125
-100.4375,54.5208333333333
-99.8541666666667,35.7291666666667
-151.8125,30.1041666666667
-104.0625,45.6041666666667
-135.770833333333,49.6458333333333
-139.1875,29.1041666666667
-135.395833333333,53.6875
-118.895833333333,49.1458333333333
-147.354166666667,32.6458333333333
-102.770833333333,47.3125
-152.645833333333,34.8541666666667
-99.3125,33.3125
-106.479166666667,41.1041666666667
-127.395833333333,62.8125
-145.3125,34.5625
-116.0625,41.5625
-108.0625,35.5625
-98.6875,56.3958333333333
-154.6875,45.3958333333333
-154.520833333333,60.0208333333333
-137.354166666667,41.1458333333333
-150.5625,57.8541666666667
-100.4375,46.8958333333333
-154.020833333333,62.9375
-106.479166666667,48.1041666666667
-111.229166666667,52.6041666666667
-152.604166666667,58.0625
-138.8125,45.2708333333333
-112.979166666667,49.1458333333333
-125.145833333333,45.1041666666667
-107.354166666667,47.4375
-112.479166666667,60.9791666666667
-139.4375,46.9375
-154.9375,41.8958333333333
-146.729166666667,69.5625
-130.270833333333,39.5625
-102.145833333333,56.1458333333333
-104.020833333333,45.3958333333333
-152.5625,41.6875
-135.8125,51.2708333333333
-136.520833333333,68.0208333333333
-156.354166666667,46.8541666666667
-110.270833333333,32.4791666666667
-121.5625,43.8125
-138.5625,37.9791666666667
-128.979166666667,42.0208333333333
-121.395833333333,30.1041666666667
-131.770833333333,66.0208333333333
-118.4375,69.4791666666667
-140.979166666667,48.8541666666667
-117.354166666667,66.8958333333333
-127.104166666667,42.2291666666667
-127.8125,57.0208333333333
-125.6875,31.4375
-155.3125,35.4375
-97.7291666666667,42.0208333333333
-151.9375,51.3541666666667
-107.520833333333,45.1458333333333
-145.8125,42.5208333333333
-111.8125,45.8958333333333
-151.354166666667,41.1458333333333
-104.520833333333,46.3958333333333
-100.854166666667,36.3125
-128.1875,36.6875
-137.729166666667,30.6875
-119.520833333333,47.8125
-127.895833333333,64.4375
-141.854166666667,46.7291666666667
-150.645833333333,63.8958333333333
-122.020833333333,43.0625
-138.979166666667,50.4791666666667
-133.6875,46.9791666666667
-116.1875,36.0625
-127.104166666667,43.8958333333333
-148.770833333333,30.2708333333333
-102.020833333333,41.8958333333333
-115.645833333333,55.8125
-119.145833333333,57.0625
-118.5625,52.1458333333333
-114.770833333333,61.7291666666667
-104.770833333333,62.3958333333333
-106.770833333333,31.3541666666667
-114.979166666667,30.3541666666667
-140.729166666667,52.6875
-102.4375,29.1458333333333
-102.770833333333,46.1458333333333
-147.3125,45.3125
-149.9375,46.7708333333333
-118.979166666667,31.8541666666667
-132.604166666667,42.1041666666667
-136.729166666667,29.2708333333333
-119.395833333333,64.7708333333333
-122.479166666667,72.7291666666667
-121.104166666667,45.9791666666667
-107.9375,63.2291666666667
-133.9375,48.4791666666667
-136.104166666667,45.3125
-104.270833333333,52.3125
-133.0625,32.8125
-136.4375,31.3125
-121.145833333333,46.7708333333333
-106.0625,54.7708333333333
-149.895833333333,29.2291666666667
-132.979166666667,67.2291666666667
-101.145833333333,65.3958333333333
-148.479166666667,52.8958333333333
-118.9375,29.8125
-109.0625,39.3541666666667
-130.4375,35.6458333333333
-118.895833333333,56.9375
-144.145833333333,50.6875
-116.604166666667,47.4791666666667
-119.895833333333,38.8541666666667
-102.395833333333,66.6875
-147.270833333333,66.5208333333333
-107.0625,38.8541666666667
-137.020833333333,32.4375
-103.354166666667,54.9375
-106.645833333333,61.7708333333333
-155.6875,37.6458333333333
-99.1875,31.5625
-98.5625,32.6041666666667
-112.4375,62.2291666666667
-136.020833333333,57.8125
-98.3541666666667,66.4375
-128.770833333333,66.5208333333333
-149.6875,48.1458333333333
-115.395833333333,58.5208333333333
-103.729166666667,60.4791666666667
-126.020833333333,34.6458333333333
-116.0625,57.5208333333333
-151.020833333333,45.9375
-108.8125,52.8958333333333
-98.9375,53.3125
-110.3125,31.8125
-106.604166666667,35.2708333333333
-132.354166666667,47.4375
-144.895833333333,48.1458333333333
-153.354166666667,47.7708333333333
-134.270833333333,55.1875
-120.604166666667,68.0625
-102.895833333333,41.2291666666667
-147.145833333333,51.0625
-148.979166666667,36.1458333333333
-137.1875,65.4791666666667
-155.770833333333,44.3958333333333
-126.395833333333,42.9375
-130.145833333333,34.3125
-138.979166666667,47.6458333333333
-152.5625,30.5625
-98.8541666666667,49.5625
-138.020833333333,49.3958333333333
-134.229166666667,52.3125
-143.1875,30.8125
-152.770833333333,34.5625
-155.1875,50.1041666666667
-125.9375,57.8541666666667
-117.6875,36.2708333333333
-107.770833333333,51.9791666666667
-106.0625,61.3958333333333
-132.854166666667,42.8958333333333
-112.020833333333,71.8541666666667
-130.104166666667,41.1041666666667
-130.604166666667,33.6875
-141.354166666667,33.6458333333333
-115.395833333333,40.3541666666667
-146.604166666667,50.1458333333333
-140.3125,57.3958333333333
-126.229166666667,54.0625
-122.5625,58.8958333333333
-149.0625,59.8125
-117.5625,63.0625
-119.645833333333,56.4375
-132.979166666667,45.4375
-137.979166666667,47.1875
-132.020833333333,45.0208333333333
-117.104166666667,29.3125
-113.6875,70.0208333333333
-111.0625,46.8958333333333
-155.020833333333,40.1458333333333
-104.1875,34.6041666666667
-128.1875,43.4375
-147.270833333333,40.7291666666667
-113.729166666667,51.0625
-130.520833333333,53.6875
-108.4375,44.2708333333333
-104.895833333333,36.3958333333333
-150.895833333333,49.8541666666667
-140.229166666667,40.3125
-135.354166666667,32.9375
-135.604166666667,51.5208333333333
-101.770833333333,44.7291666666667
-153.020833333333,57.2291666666667
-133.229166666667,32.5625
-133.4375,70.3541666666667
-115.520833333333,47.5625
-120.5625,42.8125
-130.0625,41.7708333333333
-118.854166666667,40.6875
-102.0625,48.3958333333333
-101.5625,31.8541666666667
-118.4375,39.6458333333333
-132.229166666667,32.9375
-104.520833333333,63.8958333333333
-105.895833333333,48.8958333333333
-103.770833333333,50.7708333333333
-117.145833333333,32.8541666666667
-123.0625,72.8541666666667
-102.8125,48.8958333333333
-152.3125,35.1458333333333
-138.354166666667,54.2708333333333
-119.354166666667,51.0625
-114.979166666667,37.8958333333333
-152.770833333333,46.1458333333333
-129.6875,37.2291666666667
-123.145833333333,31.6041666666667
-141.4375,67.3958333333333
-107.0625,60.2708333333333
-139.604166666667,37.1041666666667
-124.895833333333,39.7708333333333
-111.854166666667,52.8125
-134.4375,30.0625
-156.9375,43.5625
-120.520833333333,38.6458333333333
-136.895833333333,51.2708333333333
-101.270833333333,49.6458333333333
-145.4375,36.2708333333333
-129.0625,55.8541666666667
-100.395833333333,57.7291666666667
-117.354166666667,45.1041666666667
-105.729166666667,67.0625
-108.770833333333,40.8125
-119.3125,50.9791666666667
-133.604166666667,72.1458333333333
-99.4791666666667,37.1041666666667
-156.145833333333,45.8125
-151.145833333333,30.8541666666667
-136.8125,35.6458333333333
-148.354166666667,47.3958333333333
-154.145833333333,50.1041666666667
-149.895833333333,65.9375
-130.4375,67.7291666666667
-120.5625,65.0208333333333
-156.104166666667,59.3541666666667
-138.1875,67.2708333333333
-118.645833333333,58.3125
-153.270833333333,62.0208333333333
-152.1875,67.6875
-139.145833333333,50.7291666666667
-151.229166666667,41.3125
-148.979166666667,30.6875
-131.0625,33.0208333333333
-142.145833333333,71.5208333333333
-115.979166666667,70.8125
-140.354166666667,31.9791666666667
-146.145833333333,58.9375
-104.395833333333,68.1875
-121.104166666667,29.9791666666667
-97.6458333333333,44.1458333333333
-141.270833333333,38.8958333333333
-147.0625,49.3958333333333
-151.020833333333,54.3958333333333
-154.5625,42.9791666666667
-140.104166666667,67.4375
-114.479166666667,31.0208333333333
-111.895833333333,56.0625
-109.6875,58.3125
-114.1875,38.8125
-108.4375,31.0625
-140.354166666667,36.4375
-129.520833333333,29.7708333333333
-108.729166666667,30.9791666666667
-114.3125,51.8125
-140.854166666667,60.2708333333333
-127.479166666667,31.6875
-143.145833333333,46.9791666666667
-113.1875,30.6458333333333
-100.520833333333,39.8958333333333
-120.645833333333,36.6875
-120.770833333333,56.5625
-143.1875,59.3541666666667
-121.895833333333,56.5625
-110.3125,69.1041666666667
-127.395833333333,66.6875
-145.8125,72.6458333333333
-128.6875,51.6458333333333
-151.354166666667,34.5208333333333
-114.145833333333,33.6041666666667
-153.520833333333,67.6041666666667
-153.854166666667,29.5625
-144.1875,63.3125
-141.4375,44.6875
-152.9375,37.9791666666667
-154.729166666667,45.6041666666667
-123.4375,40.1458333333333
-124.145833333333,53.4791666666667
-137.854166666667,48.0625
-98.3958333333333,66.6041666666667
-128.354166666667,43.4375
-148.729166666667,33.7708333333333
-151.770833333333,29.3541666666667
-150.6875,55.2291666666667
-145.6875,54.8125
-118.1875,36.6458333333333
-98.2708333333333,59.3125
-119.854166666667,33.4375
-119.020833333333,40.8958333333333
-127.854166666667,69.6041666666667
-134.145833333333,47.3541666666667
-154.104166666667,67.9375
-154.645833333333,31.1458333333333
-133.770833333333,66.8541666666667
-115.895833333333,40.3541666666667
-119.270833333333,33.3125
-107.604166666667,60.2291666666667
-150.104166666667,60.7291666666667
-97.7708333333333,36.0208333333333
-127.5625,50.8541666666667
-112.479166666667,67.7291666666667
-147.895833333333,41.2708333333333
-149.1875,31.9791666666667
-109.520833333333,70.9791666666667
-105.645833333333,36.3125
-105.604166666667,30.5208333333333
-155.020833333333,31.6875
-156.854166666667,48.2708333333333
-132.104166666667,47.0208333333333
-141.395833333333,32.1041666666667
-135.4375,49.7708333333333
-118.4375,41.1458333333333
-104.979166666667,35.8125
-104.9375,53.1458333333333
-136.895833333333,49.7291666666667
-149.5625,36.3541666666667
-146.729166666667,42.8541666666667
-119.520833333333,70.5208333333333
-128.6875,44.2708333333333
-101.645833333333,48.7708333333333
-132.145833333333,31.6458333333333
-144.0625,42.6041666666667
-125.354166666667,41.4375
-122.8125,35.9791666666667
-103.145833333333,42.6041666666667
-100.520833333333,60.1041666666667
-145.770833333333,41.1875
-119.895833333333,55.8125
-115.770833333333,56.7291666666667
-121.395833333333,30.4375
-122.979166666667,53.6875
-122.604166666667,71.6458333333333
-124.5625,54.5625
-103.020833333333,40.5625
-101.645833333333,47.7291666666667
-122.4375,41.3541666666667
-149.770833333333,30.3125
-115.6875,57.3958333333333
-109.8125,39.8125
-152.8125,41.9375
-102.3125,64.1458333333333
-104.604166666667,32.6875
-143.104166666667,69.3958333333333
-139.0625,49.9791666666667
-134.9375,66.8958333333333
-156.0625,71.7708333333333
-100.645833333333,62.6041666666667
-130.520833333333,44.4791666666667
-153.9375,53.8958333333333
-118.895833333333,55.1041666666667
-117.8125,30.2291666666667
-116.1875,68.0208333333333
-111.354166666667,43.4791666666667
-143.6875,34.2291666666667
-154.5625,53.6875
-154.0625,69.5625
-111.354166666667,42.2708333333333
-130.229166666667,53.5208333333333
-122.520833333333,72.2708333333333
-121.270833333333,46.8125
-125.020833333333,56.1041666666667
-138.1875,71.4375
-151.354166666667,45.9791666666667
-100.145833333333,56.2708333333333
-154.4375,49.7708333333333
-109.979166666667,30.1458333333333
-101.3125,36.2291666666667
-138.4375,69.7291666666667
-103.020833333333,57.4375
-154.520833333333,68.3541666666667
-131.645833333333,43.6458333333333
-140.9375,65.0625
-149.895833333333,53.4375
-98.6041666666667,45.5625
-153.145833333333,35.8125
-141.354166666667,31.9375
-118.395833333333,40.5625
-139.729166666667,48.9375
-117.0625,48.3541666666667
-125.3125,58.2708333333333
-109.229166666667,39.6041666666667
-97.5625,38.5625
-134.270833333333,72.5208333333333
-151.770833333333,44.5625
-125.770833333333,52.9791666666667
-134.145833333333,36.5208333333333
-113.770833333333,29.0208333333333
-154.1875,49.8125
-117.104166666667,37.3125
-102.0625,38.6875
-124.020833333333,40.6875
-105.270833333333,45.4791666666667
-142.770833333333,51.9375
-121.9375,59.5625
-125.270833333333,44.8958333333333
-123.145833333333,32.9375
-111.9375,30.1875
-157.020833333333,58.2708333333333
-123.645833333333,64.6875
-141.979166666667,49.1875
-119.5625,46.6041666666667
-148.270833333333,34.2708333333333
-101.645833333333,35.0208333333333
-128.020833333333,67.7291666666667
-155.9375,61.5625
-146.395833333333,44.7708333333333
-97.5208333333333,30.0208333333333
-144.5625,38.2291666666667
-121.4375,30.1875
-103.770833333333,58.3958333333333
-120.479166666667,48.6458333333333
-138.395833333333,35.2291666666667
-140.354166666667,45.9375
-103.645833333333,59.0625
-110.9375,32.8958333333333
-122.229166666667,39.8125
-97.2708333333333,50.8541666666667
-116.270833333333,42.1041666666667
-108.0625,35.7708333333333
-127.729166666667,31.3125
-142.979166666667,42.9791666666667
-140.895833333333,54.1041666666667
-98.9375,56.3958333333333
-141.270833333333,56.6875
-111.9375,54.6875
-114.145833333333,32.3125
-144.1875,50.3541666666667
-137.979166666667,36.1875
-111.4375,43.1875
-110.729166666667,36.2708333333333
-111.9375,32.8541666666667
-140.8125,30.5625
-119.645833333333,56.6875
-134.854166666667,50.8125
-128.895833333333,36.6041666666667
-102.6875,59.0208333333333
-149.729166666667,60.0625
-118.8125,56.0208333333333
-115.3125,43.2708333333333
-127.5625,43.3958333333333
-129.729166666667,46.1041666666667
-138.1875,52.2708333333333
-142.3125,33.1458333333333
-114.0625,44.4375
-118.395833333333,56.3958333333333
-153.604166666667,44.0208333333333
-148.979166666667,39.6875
-119.479166666667,32.6041666666667
-147.270833333333,36.5625
-123.979166666667,30.9375
-109.895833333333,45.5208333333333
-128.979166666667,42.6041666666667
-111.145833333333,33.9791666666667
-112.270833333333,67.5208333333333
-118.604166666667,50.7708333333333
-123.8125,61.4791666666667
-98.6875,64.7291666666667
-150.395833333333,65.3541666666667
-143.020833333333,43.0625
-109.5625,46.8125
-134.1875,38.3125
-115.604166666667,57.1041666666667
-102.5625,40.3125
-155.270833333333,67.1041666666667
-108.020833333333,38.6458333333333
-97.8125,45.7291666666667
-109.020833333333,34.2708333333333
-117.729166666667,49.8958333333333
-97.7708333333333,55.9791666666667
-138.6875,44.3958333333333
-131.8125,51.1458333333333
-115.354166666667,50.6458333333333
-104.6875,61.6875
-149.270833333333,57.0625
-102.354166666667,39.2291666666667
-123.645833333333,39.8541666666667
-127.729166666667,37.9375
-105.520833333333,30.9375
-97.2708333333333,52.8125
-111.3125,52.6041666666667
-152.8125,69.2291666666667
-144.604166666667,65.8541666666667
-110.6875,36.8541666666667
-139.5625,49.7291666666667
-100.0625,43.2291666666667
-145.104166666667,65.3958333333333
-141.229166666667,48.3958333333333
-116.104166666667,31.6041666666667
-132.979166666667,37.0625
-133.604166666667,42.2708333333333
-144.020833333333,57.6875
-140.729166666667,54.4375
-113.104166666667,58.5625
-118.479166666667,32.3958333333333
-122.0625,56.2708333333333
-117.3125,37.8958333333333
-147.479166666667,53.1458333333333
-143.104166666667,37.5208333333333
-137.395833333333,42.2708333333333
-126.8125,30.0208333333333
-117.604166666667,37.1458333333333
-140.604166666667,55.4791666666667
-110.854166666667,37.3541666666667
-114.645833333333,33.8541666666667
-146.395833333333,40.9791666666667
-99.8541666666667,31.5208333333333
-127.979166666667,34.7291666666667
-106.104166666667,33.3125
-110.229166666667,55.6875
-135.604166666667,41.2708333333333
-117.979166666667,41.4791666666667
-104.770833333333,31.5208333333333
-138.604166666667,37.3541666666667
-148.4375,32.8958333333333
-130.729166666667,54.4375
-113.0625,41.0625
-151.895833333333,66.5625
-120.895833333333,56.9375
-128.1875,46.6458333333333
-146.270833333333,65.0625
-121.145833333333,61.6458333333333
-156.104166666667,44.8958333333333
-130.354166666667,29.2291666666667
-139.3125,34.6875
-124.0625,59.4375
-114.479166666667,47.8958333333333
-112.1875,29.0208333333333
-137.8125,69.5208333333333
-119.4375,34.3125
-134.5625,33.3125
-102.229166666667,49.8958333333333
-115.3125,38.6875
-108.520833333333,49.6041666666667
-146.479166666667,52.1875
-154.604166666667,38.3958333333333
-127.3125,58.4791666666667
-127.854166666667,33.6458333333333
-106.354166666667,65.8958333333333
-141.5625,48.9375
-130.6875,32.1041666666667
-117.020833333333,36.8958333333333
-135.604166666667,65.9791666666667
-107.3125,46.7291666666667
-125.520833333333,39.2291666666667
-119.0625,54.1041666666667
-148.8125,59.8125
-100.395833333333,39.6875
-107.354166666667,69.6458333333333
-146.3125,38.6458333333333
-137.0625,40.1875
-111.395833333333,37.8958333333333
-127.145833333333,44.8958333333333
-142.104166666667,68.9375
-133.145833333333,37.8541666666667
-118.1875,42.6041666666667
-148.6875,70.1041666666667
-108.4375,45.1458333333333
-120.4375,64.7291666666667
-152.229166666667,52.3541666666667
-131.6875,56.0625
-150.0625,66.6875
-112.020833333333,50.4791666666667
-105.1875,62.6458333333333
-135.9375,59.2291666666667
-140.479166666667,65.3958333333333
-103.3125,31.2291666666667
-125.104166666667,38.2291666666667
-97.5625,30.3958333333333
-106.895833333333,48.4791666666667
-150.9375,61.3958333333333
-141.020833333333,37.6458333333333
-112.8125,63.8541666666667
-150.0625,45.5625
-115.1875,46.1875
-105.0625,30.3958333333333
-124.604166666667,32.9375
-149.1875,34.6458333333333
-133.9375,33.7291666666667
-148.229166666667,39.4791666666667
-117.3125,45.7291666666667
-150.854166666667,62.4791666666667
-98.6041666666667,59.6041666666667
-128.4375,47.5625
-124.729166666667,58.4375
-143.854166666667,31.6458333333333
-110.9375,47.4375
-107.979166666667,61.8958333333333
-114.645833333333,30.8125
-136.270833333333,33.6041666666667
-149.229166666667,44.6458333333333
-123.020833333333,32.4375
-152.479166666667,33.0625
-125.3125,68.1041666666667
-144.8125,47.6041666666667
-125.895833333333,35.1875
-112.770833333333,55.8125
-108.9375,29.9375
-145.479166666667,34.1875
-135.0625,64.3125
-98.5625,68.6458333333333
-152.729166666667,48.3541666666667
-148.979166666667,63.6041666666667
-115.020833333333,45.0208333333333
-117.270833333333,30.6875
-150.1875,46.8541666666667
-110.0625,63.0208333333333
-114.604166666667,60.2291666666667
-148.145833333333,56.1458333333333
-106.1875,41.3541666666667
-104.520833333333,44.9375
-108.979166666667,34.2291666666667
-115.5625,48.6875
-107.645833333333,32.9791666666667
-99.5208333333333,43.4791666666667
-119.604166666667,38.7291666666667
-99.8958333333333,41.5208333333333
-123.895833333333,31.4375
-124.895833333333,31.2291666666667
-111.729166666667,31.1041666666667
-146.979166666667,60.3541666666667
-106.9375,48.1458333333333
-101.3125,37.8958333333333
-122.979166666667,49.7291666666667
-127.354166666667,44.8125
-134.5625,34.4375
-144.395833333333,71.1458333333333
-97.7291666666667,49.2708333333333
-156.4375,66.4375
-140.0625,28.9375
-156.4375,63.4791666666667
-130.854166666667,42.7708333333333
-115.9375,52.5208333333333
-112.729166666667,40.8958333333333
-134.6875,42.2708333333333
-118.770833333333,56.6041666666667
-149.8125,63.6875
-147.895833333333,68.8958333333333
-145.479166666667,48.6875
-118.229166666667,54.8958333333333
-142.1875,36.1875
-111.645833333333,44.6875
-138.6875,52.1875
-108.020833333333,30.6875
-125.520833333333,38.3125
-144.479166666667,40.6041666666667
-137.645833333333,37.9375
-112.3125,63.9375
-123.5625,41.5625
-107.770833333333,45.3958333333333
-152.854166666667,52.8125
-134.854166666667,33.1458333333333
-146.3125,36.6041666666667
-102.354166666667,46.8541666666667
-98.0625,67.8125
-139.854166666667,62.8125
-100.854166666667,32.1875
-115.0625,37.3541666666667
-116.354166666667,40.3958333333333
-140.395833333333,52.7291666666667
-115.395833333333,35.1458333333333
-115.145833333333,30.0208333333333
-122.604166666667,37.8958333333333
-121.479166666667,35.5208333333333
-145.395833333333,36.2291666666667
-113.479166666667,29.0208333333333
-100.229166666667,65.3125
-134.1875,68.8541666666667
-140.770833333333,60.8541666666667
-110.5625,55.1458333333333
-121.4375,37.0625
-152.6875,58.9375
-131.354166666667,66.8541666666667
-100.895833333333,54.6875
-97.6041666666667,29.8541666666667
-135.0625,30.1041666666667
-151.479166666667,49.0208333333333
-122.770833333333,29.3541666666667
-100.1875,33.1041666666667
-102.020833333333,55.6875
-145.604166666667,40.5625
-112.9375,43.9791666666667
-129.145833333333,42.3125
-112.979166666667,71.9791666666667
-97.6041666666667,31.3958333333333
-104.354166666667,55.7708333333333
-146.0625,29.6875
-102.270833333333,53.7291666666667
-142.895833333333,37.3958333333333
-130.4375,43.4375
-137.229166666667,32.9375
-133.9375,31.5625
-131.104166666667,72.2708333333333
-146.5625,51.9791666666667
-102.270833333333,65.9375
-148.8125,56.5208333333333
-138.520833333333,38.6875
-144.645833333333,67.0208333333333
-130.770833333333,46.7291666666667
-124.729166666667,38.8958333333333
-145.1875,62.7291666666667
-138.604166666667,30.8958333333333
-98.4791666666667,49.8125
-137.4375,38.1041666666667
-101.770833333333,32.5625
-129.104166666667,36.7291666666667
-119.645833333333,64.1458333333333
-134.0625,63.6875
-134.770833333333,68.7708333333333
-120.3125,65.8125
-104.645833333333,40.3541666666667
-147.645833333333,32.6458333333333
-142.6875,33.3125
-145.979166666667,39.0208333333333
-142.3125,32.7708333333333
-146.104166666667,52.5208333333333
-105.9375,51.4375
-101.604166666667,69.2708333333333
-106.770833333333,50.8958333333333
-136.770833333333,33.1875
-108.395833333333,34.2291666666667
-99.9375,38.6875
-132.020833333333,45.6875
-99.4375,68.6875
-116.9375,31.7708333333333
-142.520833333333,64.3958333333333
-126.979166666667,45.3958333333333
-145.229166666667,43.5208333333333
-132.895833333333,42.1458333333333
-141.770833333333,54.5208333333333
-129.1875,33.5208333333333
-128.854166666667,46.0625
-155.104166666667,38.8541666666667
-144.145833333333,45.2708333333333
-148.020833333333,61.8125
-156.520833333333,58.9375
-104.0625,38.4375
-152.5625,60.1041666666667
-145.395833333333,32.9375
-113.645833333333,67.1041666666667
-122.854166666667,62.1458333333333
-150.3125,62.6041666666667
-126.895833333333,34.0625
-105.604166666667,35.3541666666667
-123.479166666667,48.9375
-122.6875,29.8125
-102.4375,49.6041666666667
-125.3125,37.4791666666667
-100.5625,38.3958333333333
-145.354166666667,68.1875
-102.729166666667,68.3125
-102.729166666667,41.8125
-130.770833333333,60.7291666666667
-156.729166666667,40.9375
-106.104166666667,54.5625
-120.520833333333,63.3958333333333
-99.2708333333333,49.7708333333333
-98.1875,36.3125
-101.520833333333,44.2291666666667
-156.854166666667,39.9375
-142.354166666667,50.7291666666667
-97.8958333333333,51.2291666666667
-103.9375,41.4791666666667
-130.770833333333,64.0208333333333
-115.770833333333,30.3541666666667
-151.729166666667,32.9375
-121.020833333333,33.9375
-109.8125,44.5625
-140.145833333333,49.8125
-156.979166666667,48.1458333333333
-99.8541666666667,70.8541666666667
-140.979166666667,41.1041666666667
-151.9375,66.1875
-107.604166666667,35.7708333333333
-104.979166666667,55.8958333333333
-104.0625,42.5625
-147.979166666667,41.4791666666667
-108.8125,71.9375
-119.270833333333,36.8958333333333
-120.354166666667,38.4375
-133.5625,56.0208333333333
-103.270833333333,38.9791666666667
-114.729166666667,33.3125
-101.770833333333,30.6875
-101.520833333333,35.8958333333333
-115.145833333333,57.6041666666667
-125.645833333333,31.6041666666667
-125.854166666667,58.5208333333333
-111.854166666667,57.2291666666667
-123.145833333333,47.3541666666667
-125.104166666667,44.0625
-132.3125,43.0625
-100.354166666667,61.1458333333333
-147.3125,48.2708333333333
-149.3125,53.5208333333333
-152.104166666667,42.6875
-115.9375,38.5625
-111.9375,32.9791666666667
-128.645833333333,62.5208333333333
-146.270833333333,71.9375
-119.729166666667,63.8541666666667
-154.9375,37.3541666666667
-153.270833333333,62.4791666666667
-125.604166666667,38.8958333333333
-101.1875,71.8958333333333
-136.145833333333,33.6875
-125.854166666667,53.2708333333333
-156.6875,58.6458333333333
-125.4375,46.1041666666667
-124.354166666667,35.1458333333333
-125.4375,50.6458333333333
-112.354166666667,35.5625
-112.9375,49.7291666666667
-139.1875,48.1875
-146.770833333333,50.0208333333333
-152.0625,66.0208333333333
-101.979166666667,44.3125
-121.270833333333,51.3958333333333
-126.770833333333,47.5208333333333
-125.979166666667,40.0208333333333
-119.6875,56.3541666666667
-97.5625,53.6875
-148.520833333333,33.8541666666667
-108.729166666667,61.5208333333333
-120.145833333333,43.0625
-142.395833333333,47.1875
-114.0625,57.4791666666667
-117.1875,32.6041666666667
-123.729166666667,29.5208333333333
-155.770833333333,44.7291666666667
-120.395833333333,56.8958333333333
-142.3125,53.8958333333333
-102.4375,45.1875
-99.5625,56.1041666666667
-134.104166666667,64.8541666666667
-125.8125,39.3958333333333
-147.895833333333,52.6458333333333
-136.645833333333,44.3958333333333
-139.104166666667,41.1041666666667
-106.270833333333,48.2291666666667
-152.104166666667,37.1875
-154.1875,37.7708333333333
-133.0625,43.1041666666667
-137.729166666667,53.3125
-120.520833333333,36.9791666666667
-132.895833333333,50.1875
-126.520833333333,31.6458333333333
-156.520833333333,31.8958333333333
-150.604166666667,32.7708333333333
-127.3125,31.3541666666667
-125.229166666667,63.0208333333333
-144.104166666667,63.2708333333333
-111.6875,66.9791666666667
-131.354166666667,69.6875
-136.3125,42.5625
-115.479166666667,45.3958333333333
-147.8125,72.8958333333333
-133.4375,59.8125
-147.3125,34.6875
-133.6875,31.3125
-110.229166666667,31.0625
-140.479166666667,33.1458333333333
-120.3125,39.2708333333333
-131.770833333333,68.8125
-134.020833333333,64.1458333333333
-106.145833333333,51.0208333333333
-103.770833333333,40.9375
-149.895833333333,58.1875
-134.8125,29.2708333333333
-120.1875,37.4791666666667
-107.270833333333,68.5625
-140.1875,48.3125
-129.854166666667,50.8958333333333
-120.020833333333,38.9791666666667
-143.270833333333,34.0625
-109.145833333333,29.5208333333333
-124.270833333333,53.2708333333333
-120.520833333333,29.1875
-142.1875,61.4791666666667
-128.270833333333,51.6458333333333
-147.8125,51.3125
-129.854166666667,44.7291666666667
-134.4375,69.6875
-97.7708333333333,35.2291666666667
-149.4375,36.1875
-150.395833333333,31.0208333333333
-141.104166666667,58.6458333333333
-117.979166666667,30.6041666666667
-151.854166666667,63.3541666666667
-105.604166666667,35.2708333333333
-104.6875,52.2291666666667
-107.145833333333,38.4791666666667
-138.645833333333,54.7708333333333
-148.479166666667,44.1875
-109.020833333333,49.4375
-123.1875,36.3125
-122.5625,43.6875
-131.8125,59.7708333333333
-148.729166666667,48.8958333333333
-100.0625,33.0625
-124.770833333333,50.5208333333333
-125.354166666667,31.8541666666667
-149.3125,56.3958333333333
-115.645833333333,58.8125
-146.270833333333,59.4375
-98.0208333333333,50.8541666666667
-116.1875,34.3958333333333
-99.1041666666667,71.4375
-101.020833333333,30.5208333333333
-126.3125,37.6458333333333
-108.645833333333,44.1458333333333
-136.1875,44.2708333333333
-100.9375,36.3125
-134.895833333333,47.1875
-97.5208333333333,69.4375
-127.854166666667,47.0625
-146.9375,38.1458333333333
-145.104166666667,33.2708333333333
-104.895833333333,43.3958333333333
-101.9375,40.0625
-105.145833333333,48.7291666666667
-116.1875,39.0625
-120.6875,62.4791666666667
-129.3125,63.8958333333333
-149.4375,52.9375
-133.895833333333,66.8958333333333
-154.395833333333,34.8958333333333
-146.729166666667,35.5208333333333
-142.0625,36.5625
-135.5625,66.9375
-151.3125,66.6875
-108.3125,43.0208333333333
-100.354166666667,71.4791666666667
-154.395833333333,66.6458333333333
-111.520833333333,39.6458333333333
-101.770833333333,53.1458333333333
-151.979166666667,45.6041666666667
-137.0625,47.5208333333333
-129.645833333333,52.5208333333333
-151.6875,32.3541666666667
-141.604166666667,43.3125
-109.770833333333,29.5208333333333
-118.645833333333,43.1875
-105.645833333333,39.3125
-152.6875,37.2291666666667
-155.645833333333,37.7708333333333
-125.354166666667,41.2291666666667
-133.979166666667,36.5208333333333
-138.979166666667,41.1875
-115.6875,30.0625
-138.895833333333,70.0625
-108.520833333333,34.6458333333333
-145.104166666667,32.1041666666667
-117.770833333333,34.6458333333333
-110.354166666667,56.4791666666667
-121.4375,65.3541666666667
-118.5625,52.6041666666667
-128.770833333333,47.2291666666667
-131.145833333333,35.4791666666667
-97.2708333333333,37.6458333333333
-130.354166666667,50.6458333333333
-105.5625,29.6875
-138.4375,71.8958333333333
-155.6875,62.6875
-115.395833333333,56.1875
-126.9375,55.1875
-115.854166666667,48.4791666666667
-98.7291666666667,61.8541666666667
-144.645833333333,49.3958333333333
-141.479166666667,61.7708333333333
-150.020833333333,33.3125
-114.270833333333,62.1041666666667
-126.354166666667,42.8125
-98.5625,58.7291666666667
-155.0625,46.4375
-128.895833333333,38.1875
-109.145833333333,47.3125
-100.1875,71.8958333333333
-104.770833333333,40.7291666666667
-139.229166666667,34.0625
-118.020833333333,55.6875
-138.979166666667,30.7291666666667
-106.645833333333,55.9375
-138.3125,41.9375
-111.4375,40.9791666666667
-100.270833333333,33.6041666666667
-123.645833333333,37.7291666666667
-97.6458333333333,68.6041666666667
-131.729166666667,52.5208333333333
-104.9375,41.9791666666667
-130.645833333333,36.8541666666667
-133.895833333333,37.7291666666667
-97.7291666666667,66.5625
-101.6875,44.9375
-104.4375,36.7708333333333
-104.145833333333,50.6041666666667
-135.5625,69.9375
-114.020833333333,56.9375
-118.770833333333,72.4375
-107.5625,66.3958333333333
-104.1875,46.7291666666667
-148.270833333333,69.8958333333333
-98.3958333333333,50.1041666666667
-120.145833333333,65.0625
-132.979166666667,42.2708333333333
-118.6875,34.5625
-113.479166666667,48.8958333333333
-111.395833333333,30.7291666666667
-152.020833333333,34.3541666666667
-138.479166666667,32.9375
-148.979166666667,41.2708333333333
-123.9375,45.8541666666667
-145.354166666667,30.3958333333333
-139.8125,55.2708333333333
-103.395833333333,43.9791666666667
-147.0625,54.1458333333333
-140.354166666667,31.9375
-149.1875,49.4791666666667
-103.395833333333,29.3541666666667
-144.854166666667,62.7291666666667
-112.145833333333,29.2708333333333
-105.270833333333,36.3958333333333
-134.895833333333,71.3958333333333
-144.604166666667,36.1041666666667
-127.3125,43.6041666666667
-115.5625,59.9375
-135.354166666667,46.1875
-127.4375,55.7291666666667
-123.145833333333,38.6041666666667
-141.854166666667,49.2291666666667
-126.229166666667,38.6041666666667
-147.5625,38.0625
-118.604166666667,30.5208333333333
-123.520833333333,31.0208333333333
-148.354166666667,53.3541666666667
-137.854166666667,49.9375
-130.604166666667,57.6875
-141.0625,51.3958333333333
-111.020833333333,34.1458333333333
-146.729166666667,38.8958333333333
-146.1875,39.9791666666667
-137.1875,50.3541666666667
-112.4375,49.3125
-111.770833333333,49.6458333333333
-98.3125,29.9375
-148.104166666667,40.7708333333333
-122.854166666667,40.7291666666667
-109.3125,40.1875
-152.5625,46.3125
-119.229166666667,63.1458333333333
-119.6875,56.4375
-143.270833333333,49.1875
-137.645833333333,30.1458333333333
-124.104166666667,66.6875
-114.9375,37.9791666666667
-150.104166666667,41.2291666666667
-128.6875,37.6458333333333
-108.1875,67.5208333333333
-121.229166666667,55.4375
-101.0625,30.3125
-135.854166666667,58.6041666666667
-104.395833333333,72.5208333333333
-109.854166666667,55.1458333333333
-101.520833333333,45.7708333333333
-123.604166666667,33.1458333333333
-128.020833333333,37.3958333333333
-100.6875,40.3125
-101.6875,65.2708333333333
-127.729166666667,50.4375
-144.770833333333,48.3958333333333
-99.7291666666667,59.7708333333333
-117.395833333333,45.1875
-114.479166666667,38.3958333333333
-153.145833333333,58.1875
-121.020833333333,45.8125
-154.770833333333,43.1875
-101.770833333333,37.8541666666667
-144.645833333333,33.2291666666667
-119.604166666667,31.3541666666667
-129.729166666667,33.1041666666667
-151.4375,60.3541666666667
-132.0625,36.6458333333333
-126.479166666667,42.5625
-147.604166666667,66.9375
-124.020833333333,56.0208333333333
-137.020833333333,33.6875
-115.854166666667,43.1875
-141.979166666667,40.3958333333333
-113.229166666667,62.5625
-123.520833333333,35.3541666666667
-153.854166666667,29.5208333333333
-147.729166666667,29.2708333333333
-104.270833333333,34.3125
-148.645833333333,70.1458333333333
-138.770833333333,52.4791666666667
-97.3541666666667,67.5625
-139.104166666667,40.4375
-140.020833333333,42.3958333333333
-124.0625,40.1875
-125.520833333333,40.1458333333333
-131.770833333333,42.8125
-97.4375,40.3125
-126.770833333333,51.9791666666667
-139.270833333333,35.3541666666667
-154.354166666667,51.9375
-98.5625,36.6875
-105.3125,47.6041666666667
-124.0625,43.4791666666667
-133.5625,70.7708333333333
-130.354166666667,45.5625
-135.979166666667,49.6458333333333
-143.770833333333,35.5208333333333
-142.8125,60.8125
-125.020833333333,50.7708333333333
-148.354166666667,45.0625
-114.645833333333,57.2708333333333
-136.1875,68.8125
-125.104166666667,71.7708333333333
-116.270833333333,48.6458333333333
-110.479166666667,58.7291666666667
-151.229166666667,59.6875
-154.770833333333,61.3541666666667
-116.0625,45.8541666666667
-145.895833333333,41.5625
-105.145833333333,52.6458333333333
-108.770833333333,47.7708333333333
-109.6875,49.9791666666667
-111.5625,32.1875
-137.229166666667,63.1875
-122.770833333333,32.6458333333333
-153.3125,30.9375
-100.395833333333,63.6458333333333
-132.5625,37.4791666666667
-101.895833333333,31.8541666666667
-110.520833333333,39.6458333333333
-122.3125,30.2708333333333
-117.020833333333,65.6041666666667
-109.520833333333,62.6458333333333
-150.645833333333,58.8541666666667
-103.270833333333,47.5208333333333
-133.5625,37.2708333333333
-132.1875,66.1041666666667
-104.895833333333,47.8958333333333
-123.9375,37.6875
-101.479166666667,67.2291666666667
-127.520833333333,46.3958333333333
-127.0625,57.8125
-113.6875,34.4791666666667
-149.854166666667,35.3125
-146.9375,42.0208333333333
-126.1875,36.6041666666667
-123.770833333333,29.1875
-124.395833333333,67.5208333333333
-118.1875,67.9791666666667
-102.6875,63.5625
-143.479166666667,53.8541666666667
-152.770833333333,31.3125
-118.1875,54.0625
-130.854166666667,33.3958333333333
-139.520833333333,64.3541666666667
-117.3125,63.8958333333333
-104.1875,70.0625
-107.229166666667,52.9791666666667
-128.5625,58.9375
-136.1875,52.0625
-153.520833333333,65.5208333333333
-154.4375,54.6041666666667
-105.770833333333,50.8958333333333
-112.395833333333,52.8125
