"decimalLongitude","decimalLatitude"
-105.27,40.015
-105.7572,38.29328
-105.7572,38.29328
-124.1157,40.9251
-114.6636,50.5833
-118.7367,48.6483
-113.4286,48.7439
-120.1442,38.7969
-119.4833,49.9
-122.65,49.1
-117.9378,44.9117
-109.3094,35.81389
-122.6603,45.7547
-105.27,40.015
-105.2869,40.0028
-105.2869,40.0028
-105.2869,40.0028
-105.27,40.015
-106.9258,37.8492
-105.27,40.015
-106.9892,38.95917
-106.8281,39.4384
-105.7083,40.3333
-105.2869,40.0028
-119.6,49.06
-107.7333,49.2333
-107.7333,49.2333
-119.6,49.06
-105.5886,39.905
-135.05,60.7166
-137.4,62.8
-122.6,47.6166
-122.6,47.6166
-122.6,47.6166
-124.10361,44.31139
-124.08167,40.86667
-124.06528,41.54694
-124.05222,44.63694
-123.606,44.3764
-123.60139,46.98139
-123.59528,44.38167
-123.59528,44.38167
-123.55,44.5044
-123.34056,43.21667
-123.34056,43.21667
-123.34056,43.21667
-123.34056,43.21667
-123.34056,43.21667
-123.34056,43.21667
-123.26083,44.56472
-123.26083,44.56472
-123.26083,44.56472
-123.26083,44.56472
-123.26083,44.56472
-123.26083,44.56472
-123.26083,44.56472
-123.26083,44.56472
-123.26083,44.56472
-123.26083,44.56472
-123.26083,44.56472
-123.26083,44.56472
-123.25338,47.48035
-123.18556,44.85139
-123.18556,44.85139
-123.17083,45.85333
-123.10944,45.52
-123.10944,45.52
-123.10472,44.63667
-123.10444,44.12583
-123.051,42.432
-123.03389,44.94306
-123.01583,48.53444
-123.00417,45.73056
-122.98861,45.52306
-122.96778,44.51028
-122.925,45.699
-122.925,45.699
-122.925,45.699
-122.925,45.699
-122.925,45.699
-122.901,38.55
-122.901,38.55
-122.901,38.55
-122.901,38.55
-122.901,38.55
-122.901,38.55
-122.901,38.55
-122.901,38.55
-122.818,42.275
-122.7073,42.5432
-122.70306,41.065
-122.70306,41.065
-122.70306,41.065
-122.66222,45.49
-122.5429,46.0547
-122.5429,46.0547
-122.48694,48.75972
-122.46056,43.74667
-122.41833,37.775
-122.39472,42.40556
-122.39472,42.40556
-122.39472,42.40556
-122.39472,42.40556
-122.352,37.564
-122.345,44.154
-122.345,44.154
-122.345,44.154
-122.33083,47.60639
-122.31562,42.44447
-122.28956,47.57843
-122.16917,37.42722
-122.16917,37.42722
-122.16917,37.42722
-122.16917,37.42722
-122.16917,37.42722
-122.16917,37.42722
-122.16917,37.42722
-122.16278,44.17528
-122.16278,44.17528
-122.151,42.942
-122.14194,37.44194
-122.13778,43.17889
-122.13778,43.17889
-122.1345,42.8971
-122.134,42.897
-122.134,42.897
-122.134,42.897
-122.11667,42.93333
-122.11667,42.93333
-122.11667,42.93333
-122.10556,42.94389
-121.97778,44.78306
-121.97778,44.78306
-121.97778,44.78306
-121.8158,45.3143
-121.8158,45.3143
-121.8158,45.3143
-121.8158,45.3143
-121.81139,46.75
-121.79,45.58
-121.72842,46.78288
-121.69592,45.37351
-121.6944,45.3736
-121.6944,45.2956
-121.05972,39.92972
-121.05972,39.92972
-121.01013,48.15178
-120.583,44.1454
-120.18333,38.95
-119.751,37.25
-119.0851,48.94485
-118.73667,48.64833
-118.64667,42.73722
-118.64667,42.73722
-118.64667,42.73722
-118.42028,45.50667
-118.41472,44.03833
-118.3942,45.1329
-118.231,44.96
-118.231,44.96
-118.231,44.96
-118.231,44.96
-118.231,44.96
-118.231,44.96
-118.231,44.96
-118.088,45.325
-118.08667,45.32472
-118.08667,45.32472
-117.939,44.912
-117.91889,45.02861
-117.91889,45.02861
-117.83333,44.775
-117.32306,44.87111
-117.22083,45.335
-117.20333,45.20833
-117.17861,46.73139
-117.17861,46.73139
-117.1675,44.76917
-117.14,47.00806
-117.01667,46.41667
-116.99917,43.7325
-116.86685,48.58798
-116.86685,48.58798
-116.86549,46.08702
-116.67642,46.73603
-116.38472,44.95528
-116.1375,46.39111
-115.39861,47.38333
-115.39861,47.38333
-113.99306,46.87222
-113.05,37.3
-112.582,38.602
-112.582,38.602
-111.66,40.23
-111.40028,42.22722
-111.11056,43.60278
-111.11056,43.60278
-111.079,41.603
-111.079,41.603
-111.03778,45.67972
-111.03778,45.67972
-111.03778,45.67972
-111.03778,45.67972
-111.03778,45.67972
-110.7336,44.9195
-110.7336,44.9195
-110.7336,44.9195
-110.7336,44.9195
-110.7336,44.9195
-110.7336,44.9195
-110.7336,44.9195
-110.7336,44.9195
-110.7336,44.9195
-110.7336,44.9195
-110.7336,44.9195
-110.7336,44.9195
-110.7336,44.9195
-110.7336,44.9195
-110.7336,44.9195
-110.7336,44.9195
-110.7336,44.9195
-110.7336,44.9195
-110.7336,44.9195
-110.7336,44.9195
-110.7336,44.9195
-110.7336,44.9195
-110.7336,44.9195
-110.7336,44.9195
-110.7336,44.9195
-110.7336,44.9195
-110.7336,44.9195
-110.7336,44.9195
-110.7336,44.9195
-110.7336,44.9195
-110.7336,44.9195
-110.7336,44.9195
-110.7336,44.9195
-110.7336,44.9195
-110.7336,44.9195
-110.7336,44.9195
-110.7336,44.9195
-110.7336,44.9195
-110.7336,44.9195
-110.7336,44.9195
-110.7336,44.9195
-110.7336,44.9195
-110.7336,44.9195
-110.7336,44.9195
-110.7336,44.9195
-110.7336,44.9195
-110.7336,44.9195
-110.7336,44.9195
-110.7336,44.9195
-110.7336,44.9195
-110.7336,44.9195
-110.7336,44.9195
-110.7336,44.9195
-110.7336,44.9195
-110.7336,44.9195
-110.7336,44.9195
-110.7336,44.9195
-110.7336,44.9195
-110.7336,44.9195
-110.7336,44.9195
-110.7336,44.9195
-110.7336,44.9195
-110.7336,44.9195
-110.7336,44.9195
-110.7336,44.9195
-110.7336,44.9195
-110.7336,44.9195
-110.7336,44.9195
-110.7336,44.9195
-110.7336,44.9195
-110.7336,44.9195
-110.7336,44.9195
-110.7336,44.9195
-110.7336,44.9195
-110.7336,44.9195
-110.7336,44.9195
-110.7336,44.9195
-110.7336,44.9195
-110.7336,44.9195
-110.7336,44.9195
-110.7336,44.9195
-110.7336,44.9195
-110.7336,44.9195
-110.7336,44.9195
-110.7336,44.9195
-110.7336,44.9195
-110.7336,44.9195
-110.7336,44.9195
-110.7336,44.9195
-110.7336,44.9195
-110.7336,44.9195
-110.7336,44.9195
-110.7336,44.9195
-110.7336,44.9195
-110.7336,44.9195
-110.7336,44.9195
-110.7336,44.9195
-110.7336,44.9195
-110.7336,44.9195
-110.7336,44.9195
-110.7336,44.9195
-110.7336,44.9195
-110.7336,44.9195
-110.7336,44.9195
-110.7336,44.9195
-110.7336,44.9195
-110.7336,44.9195
-110.7336,44.9195
-110.7336,44.9195
-110.7336,44.9195
-110.7336,44.9195
-110.7336,44.9195
-110.7336,44.9195
-110.7336,44.9195
-110.7336,44.9195
-110.7336,44.9195
-110.7336,44.9195
-110.7336,44.9195
-110.7336,44.9195
-110.7336,44.9195
-110.7336,44.9195
-110.7336,44.9195
-110.7336,44.9195
-110.7336,44.9195
-110.7336,44.9195
-110.7336,44.9195
-110.7336,44.9195
-110.7336,44.9195
-110.7336,44.9195
-110.7336,44.9195
-110.7336,44.9195
-110.7336,44.9195
-110.7336,44.9195
-110.7336,44.9195
-110.7336,44.9195
-110.7336,44.9195
-110.7336,44.9195
-110.7336,44.9195
-110.7336,44.9195
-110.7336,44.9195
-110.7336,44.9195
-110.7336,44.9195
-110.7336,44.9195
-110.7336,44.9195
-110.7336,44.9195
-110.7336,44.9195
-110.7336,44.9195
-110.7336,44.9195
-110.7336,44.9195
-110.7336,44.9195
-110.7336,44.9195
-110.7336,44.9195
-110.7336,44.9195
-110.7336,44.9195
-110.7336,44.9195
-110.7336,44.9195
-110.7336,44.9195
-110.7336,44.9195
-110.7336,44.9195
-110.7336,44.9195
-110.7336,44.9195
-110.7336,44.9195
-110.7336,44.9195
-110.7336,44.9195
-110.7336,44.9195
-110.7336,44.9195
-110.7336,44.9195
-110.7336,44.9195
-110.7336,44.9195
-110.7336,44.9195
-110.7336,44.9195
-110.7336,44.9195
-110.7336,44.9195
-110.7336,44.9195
-107.7525,38.01361
-107.7525,38.01361
-107.5075,40.10056
-107.5075,40.10056
-107.5075,40.10056
-107.5075,40.10056
-107.5075,40.10056
-107.5075,40.10056
-107.5075,40.10056
-107.5075,40.10056
-107.32417,39.55056
-107.32417,39.55056
-106.69167,35.76861
-106.69167,35.76861
-106.61111,40.38472
-106.61111,40.38472
-106.3,39.36667
-106.3,39.36667
-106.15639,39.50167
-105.5971,40.5614
-105.5971,40.5614
-105.5971,40.5614
-105.5971,40.5614
-105.58861,39.905
-105.58861,39.905
-105.551,38.9979
-105.508,40.072
-105.50778,40.07222
-105.50778,40.07222
-105.43333,37.42889
-105.43333,37.42889
-105.4119,40.0107
-105.35,40.08333
-105.35,40.08333
-105.25,40
-105.20278,37.59306
-105.02,41.27565
-105.01667,37.15222
-104.98417,39.73917
-103.85889,44.49083
-103.72917,44.37667
-103.63806,44.46111
-103.59833,43.76667
-103.59833,43.76667
-103.59833,43.76667
-103.479,43.894
-103.479,43.894
-122.33083,47.60639
-122.33083,47.60639
-122.33083,47.60639
-105.38167,42.75972
-106.37361,39.64028
-111.62251,41.33092
-111.52769,41.9357
-121.895,37.3394
-105.5911,41.3114
-105.5911,41.3114
-120.774,46.8726
-119.3425,45.9174
-119.3425,45.9174
-121.1787,45.5946
-121.15257,45.81706
-117.5347,47.7952
-117.426,47.6588
-117.426,47.6588
-117.426,47.6588
-117.426,47.6588
-117.426,47.6588
-117.426,47.6588
-117.426,47.6588
-117.426,47.6588
-117.426,47.6588
-117.426,47.6588
-122.3511,37.4499
-105.6469,39.8358
-122.2929,47.1854
-154.9167,58.4167
-154.9167,58.4167
-154.9167,58.4167
-154.9167,58.4167
-154.9167,58.4167
-154.9167,58.4167
-154.9167,58.4167
-154.9167,58.4167
-154.9167,58.4167
-154.9167,58.4167
-154.9167,58.4167
-154.9167,58.4167
-154.9167,58.4167
-105.0444,38.8405
-118.07929,52.87917
-112.94979,53.12157
-112.94979,53.12157
-104.4723,43.92702
-104.4723,43.92702
-105.07341,42.03427
-104.4723,43.92702
-104.4723,43.92702
-104.4723,43.92702
-105.51037,39.96189
-104.4723,43.92702
-105.4462,40.00797
-105.4462,40.00797
-105.35197,40.00871
-105.35197,40.00871
-105.35197,40.00871
-106.17859,40.45417
-106.17859,40.45417
-111.66083,40.24444
-105.07341,42.03427
-105.07341,42.03427
-104.4723,43.92702
-106.17859,40.45417
-106.17859,40.45417
-106.17859,40.45417
-106.17859,40.45417
-106.17859,40.45417
-106.17859,40.45417
-106.17859,40.45417
-106.17859,40.45417
-123.62752,47.8021
-106.17859,40.45417
-104.4723,43.92702
-105.07341,42.03427
-105.0954,40.57096
-121.80557,37.98095
-105.0954,40.57096
-105.0954,40.57096
-105.0954,40.57096
-105.0954,40.57096
-121.80557,37.98095
-121.80557,37.98095
-121.80557,37.98095
-121.63386,37.13176
-105.0954,40.57096
-105.0954,40.57096
-104.4701,38.90838
-105.0954,40.57096
-105.0954,40.57096
-119.65442,37.72239
-119.65442,37.72239
-121.80557,37.98095
-121.80557,37.98095
-121.80557,37.98095
-105.0954,40.57096
-105.0954,40.57096
-105.0954,40.57096
-125.79504,58.91773
-122.03336,36.9779
-105.4462,40.00797
-105.89251,40.52081
-103.72916,44.37666
-106.17859,40.45417
-106.17859,40.45417
-106.17859,40.45417
-106.17859,40.45417
-106.17859,40.45417
-106.17859,40.45417
-106.17859,40.45417
-106.17859,40.45417
-106.17859,40.45417
-106.17859,40.45417
-106.17859,40.45417
-106.17859,40.45417
-106.17859,40.45417
-106.17859,40.45417
-122.03336,36.9779
-103.60018,43.76631
-106.79893,37.4825
-106.17859,40.45417
-106.17859,40.45417
-106.17859,40.45417
-106.17859,40.45417
-106.17859,40.45417
-106.17859,40.45417
-106.17859,40.45417
-106.17859,40.45417
-106.17859,40.45417
-106.17859,40.45417
-106.17859,40.45417
-106.79893,37.4825
-106.17859,40.45417
-106.17859,40.45417
-106.17859,40.45417
-106.17859,40.45417
-105.07341,42.03427
-106.17859,40.45417
-106.17859,40.45417
-106.17859,40.45417
-106.17859,40.45417
-106.17859,40.45417
-106.17859,40.45417
-106.17859,40.45417
-122.28784,47.57584
-123.27512,44.57019
-117.69281,49.33304
-117.69281,49.33304
-117.69281,49.33304
-123.27512,44.57019
-123.27512,44.57019
-123.27512,44.57019
-117.69281,49.33304
-103.60018,43.76631
-123.02308,48.53626
-123.02308,48.53626
-117.69281,49.33304
-123.02308,48.53626
-116.55295,48.2863
-105.07341,42.03427
-123.02308,48.53626
-123.02308,48.53626
-116.12348,51.18345
-116.12348,51.18345
-116.55295,48.2863
-115.06206,49.51029
-123.02308,48.53626
-123.02308,48.53626
-123.02308,48.53626
-123.02308,48.53626
-116.12348,51.18345
-123.02308,48.53626
-110.44954,44.79732
-106.17859,40.45417
-106.17859,40.45417
-106.17859,40.45417
-106.17859,40.45417
-123.43458,53.91158
-123.43458,53.91158
-123.43458,53.91158
-123.43458,53.91158
-123.43458,53.91158
-123.43458,53.91158
-123.43458,53.91158
-123.43458,53.91158
-103.72916,44.37666
-106.17859,40.45417
-106.17859,40.45417
-103.57528,43.93264
-106.17859,40.45417
-106.17859,40.45417
-106.17859,40.45417
-105.4462,40.00797
-105.4462,40.00797
-105.4462,40.00797
-105.4462,40.00797
-105.4462,40.00797
-105.4462,40.00797
-105.4462,40.00797
-105.4462,40.00797
-105.4462,40.00797
-105.4462,40.00797
-105.35197,40.00871
-105.35197,40.00871
-105.35197,40.00871
-105.51037,39.96189
-105.4462,40.00797
-105.35197,40.00871
-105.4462,40.00797
-105.4462,40.00797
-105.4462,40.00797
-106.17859,40.45417
-105.4462,40.00797
-102.25479,43.89011
-108.05528,44.48886
-104.4723,43.92702
-104.4723,43.92702
-104.4723,43.92702
-122.03336,36.9779
-104.4723,43.92702
-104.4723,43.92702
-104.4723,43.92702
-104.4723,43.92702
-117.15583,47.27962
-104.4723,43.92702
-122.22038,37.99542
-121.80557,37.98095
-121.80557,37.98095
-121.80557,37.98095
-122.22038,37.99542
-121.80557,37.98095
-122.22038,37.99542
-122.22038,37.99542
-121.80557,37.98095
-121.80557,37.98095
-121.80557,37.98095
-121.80557,37.98095
-121.80557,37.98095
-122.22038,37.99542
-121.80557,37.98095
-121.80557,37.98095
-121.80557,37.98095
-121.80557,37.98095
-121.80557,37.98095
-121.80557,37.98095
-121.80557,37.98095
-121.80557,37.98095
-121.80557,37.98095
-121.80557,37.98095
-121.80557,37.98095
-121.80557,37.98095
-105.27054,40.01498
-120.02025,39.12726
-122.54498,37.90603
-111.2977,42.32215
-115.77901,44.57426
-122.48822,48.75955
-110.68366,44.06981
-110.68366,44.06981
-110.68366,44.06981
-110.68366,44.06981
-117.47294,48.65822
-120.21351,42.17614
-110.76242,43.47992
-110.76242,43.47992
-123.59649,44.38151
-123.58149,44.38678
-123.26204,44.56456
-123.26204,44.56456
-123.26204,44.56456
-121.84203,44.65123
-121.84203,44.65123
-121.84203,44.65123
-123.11066,45.51983
-123.11066,45.51983
-123.11066,45.51983
-123.11066,45.51983
-123.11066,45.51983
-123.11066,45.51983
-123.11066,45.51983
-123.11066,45.51983
-123.11066,45.51983
-123.11066,45.51983
-123.11066,45.51983
-123.11066,45.51983
-103.52435,46.9139
-103.52435,46.9139
-103.45278,43.88139
-103.371,43.6667
-103.371,43.6667
-103.371,43.6667
-103.371,43.6667
-103.371,43.6667
-103.371,43.6667
-103.371,43.6667
-103.371,43.6667
-103.371,43.6667
-103.371,43.6667
-103.371,43.6667
-103.371,43.6667
-103.371,43.6667
-103.371,43.6667
-103.371,43.6667
-103.371,43.6667
-103.371,43.6667
-103.371,43.6667
-103.371,43.6667
-103.371,43.6667
-103.371,43.6667
-103.371,43.6667
-103.371,43.6667
-103.371,43.6667
-103.371,43.6667
-103.371,43.6667
-103.371,43.6667
-103.371,43.6667
-103.371,43.6667
-122.33083,47.60639
-122.33083,47.60639
-122.33083,47.60639
-119.786,42.3498
-116.866,45.0237
-123.395,42.69528
-116.866,45.0237
-112.07694,40.50417
-111.79306,41.74028
-111.83361,41.73556
-111.83361,41.73556
-111.38306,40.69111
-110.825,40.9001
-110.825,40.9001
-112.73083,43.03806
-116.73361,44.47139
-112.73083,43.03806
-112.73083,43.03806
-122.16917,37.42722
-122.27167,37.87167
-105.08389,40.58528
-105.08389,40.58528
-105.08389,40.58528
-105.08389,40.58528
-106.14111,41.29833
-105.40556,36.70806
-105.40556,36.70806
-105.40556,36.70806
-113.49369,53.54094
-113.49369,53.54094
-113.49369,53.54094
-113.49369,53.54094
-113.49369,53.54094
-122.5353,37.93409
-113.49369,53.54094
-121.84487,37.18899
-122.12608,51.94877
-122.12608,51.94877
-156.2,58.66667
-156.2,58.66667
-155.941,58.636
-149.90028,61.21806
-149.44222,60.10417
-149.44222,60.10417
-148.96611,63.85694
-147.71369,64.83778
-148.9051,63.3879
-148.8302,63.5636
-148.8302,63.5636
-148.8302,63.5636
-148.8302,63.5636
-148.8302,63.5636
-148.91416,63.73277
-148.91416,63.73277
-148.91416,63.73277
-148.91416,63.73277
-148.91416,63.73277
-148.91416,63.73277
-148.91416,63.73277
-148.91416,63.73277
-148.91416,63.73277
-148.91416,63.73277
-148.91416,63.73277
-148.91416,63.73277
-148.91416,63.73277
-148.91416,63.73277
-148.91416,63.73277
-148.91416,63.73277
-148.91416,63.73277
-148.91416,63.73277
-148.91416,63.73277
-148.91416,63.73277
-148.91416,63.73277
-148.91416,63.73277
-148.91416,63.73277
-148.91416,63.73277
-148.91416,63.73277
-148.91416,63.73277
-148.91416,63.73277
-148.91416,63.73277
-148.91416,63.73277
-148.91416,63.73277
-148.91416,63.73277
-148.91416,63.73277
-148.91416,63.73277
-148.91416,63.73277
-148.91416,63.73277
-148.91416,63.73277
-148.91416,63.73277
-148.91416,63.73277
-148.91416,63.73277
-148.91416,63.73277
-148.91416,63.73277
-148.91416,63.73277
-148.91416,63.73277
-148.91416,63.73277
-148.91416,63.73277
-148.91416,63.73277
-148.91416,63.73277
-148.91416,63.73277
-148.91416,63.73277
-148.91416,63.73277
-148.91416,63.73277
-148.91416,63.73277
-148.91416,63.73277
-148.905,63.3878
-148.905,63.3878
-148.905,63.3878
-148.905,63.3878
-148.905,63.3878
-148.905,63.3878
-148.905,63.3878
-148.905,63.3878
-148.905,63.3878
-148.905,63.3878
-148.91411,63.73269
-148.9052,63.388
-148.9052,63.388
-148.9052,63.388
-107.2283,44.296
-107.2283,44.296
-107.2283,44.296
-107.2283,44.296
-110.9314,42.6138
-110.15404,41.05439
-110.75902,43.37788
-110.75902,43.37788
-110.75902,43.37788
-110.83,44.45
-110.76242,43.47991
-110.76997,43.2329
-110.76997,43.2329
-110.76997,43.2329
-110.78243,43.26164
-110.78243,43.26164
-110.78243,43.26164
-110.78243,43.26164
-110.78243,43.26164
-110.78243,43.26164
-110.78243,43.26164
-110.78243,43.26164
-110.78243,43.26164
-110.78243,43.26164
-110.78243,43.26164
-110.78243,43.26164
-110.78243,43.26164
-110.78243,43.26164
-110.78243,43.26164
-110.78243,43.26164
-110.78243,43.26164
-110.78243,43.26164
-110.78243,43.26164
-110.14926,43.83746
-110.14926,43.83746
-110.5866,44.4211
-110.5866,44.4211
-110.5866,44.4211
-110.5043,43.7781
-110.5464,43.8003
-110.76,43.5
-111.0417,43.3697
-110.6892,43.6844
-110.7411,43.7649
-110.7,43.83
-110.7,43.83
-110.7,43.83
-110.6909,44.0964
-110.77808,43.23323
-110.77808,43.23323
-110.77808,43.23323
-110.77808,43.23323
-110.77808,43.23323
-110.77808,43.23323
-110.77808,43.23323
-110.77808,43.23323
-110.77808,43.23323
-110.77808,43.23323
-110.77808,43.23323
-110.77808,43.23323
-110.77808,43.23323
-110.77808,43.23323
-110.77808,43.23323
-110.77808,43.23323
-110.77808,43.23323
-110.77808,43.23323
-110.77808,43.23323
-110.77808,43.23323
-110.77808,43.23323
-110.77808,43.23323
-110.77808,43.23323
-110.77808,43.23323
-110.77808,43.23323
-110.77808,43.23323
-110.77808,43.23323
-110.77808,43.23323
-110.79717,44.64869
-110.7624,43.4799
-110.7624,43.4799
-110.7624,43.4799
-110.7624,43.4799
-110.7624,43.4799
-110.7624,43.4799
-110.7624,43.4799
-110.7624,43.4799
-107.2617,44.8753
-104.8211,41.7567
-109.69452,44.61537
-111.02548,43.13146
-106.981,44.296
-106.981,44.296
-106.981,44.296
-108.7481,42.8243
-106.9956,41.1733
-106.9956,41.1733
-106.9956,41.1733
-108.4689,44.8813
-105.5635,41.0409
-105.5635,41.0409
-105.1961,41.0954
-105.97,41.09
-105.4602,41.2604
-105.4602,41.2604
-106.0099,41.0947
-105.5911,41.31136
-121.51,46.88
-121.51,46.88
-121.51,46.88
-121.51,46.88
-121.4475,46.1509
-120.50589,46.60207
-120.50589,46.60207
-120.50589,46.60207
-120.42033,46.44762
-120.42033,46.44762
-120.42033,46.44762
-120.42033,46.44762
-121.2664,46.9649
-121.12952,46.6565
-121.4693,46.0431
-121.4337,46.1053
-121.4337,46.1053
-121.4337,46.1053
-121.4337,46.1053
-121.4337,46.1053
-121.1372,46.227
-121.32,46.62
-121.32,46.62
-117.46907,46.70274
-117.37047,46.63536
-117.37047,46.63536
-117.37047,46.63536
-117.37047,46.63536
-117.37047,46.63536
-117.36434,46.88016
-117.4683,46.7031
-117.1701,46.7277
-117.1665,46.7267
-117.36017,46.68668
-117.26,46.65
-117.26,46.65
-117.17,46.73
-117.17,46.73
-117.17,46.73
-117.17,46.73
-117.17,46.73
-117.17,46.73
-117.17,46.73
-117.17,46.73
-117.17,46.73
-117.17,46.73
-117.17,46.73
-117.17,46.73
-117.17,46.73
-117.17,46.73
-117.17,46.73
-117.17,46.73
-117.17,46.73
-117.17,46.73
-117.17,46.73
-117.17,46.73
-117.17,46.73
-117.17,46.73
-117.17,46.73
-117.17,46.73
-117.17,46.73
-117.17,46.73
-117.17,46.73
-117.17,46.73
-117.17,46.73
-117.17,46.73
-117.17,46.73
-117.17,46.73
-117.17,46.73
-117.17,46.73
-117.17,46.73
-117.17,46.73
-117.17,46.73
-117.17,46.73
-117.17,46.73
-117.17,46.73
-117.17,46.73
-117.17,46.73
-117.17,46.73
-117.17,46.73
-117.17,46.73
-117.17,46.73
-117.17,46.73
-117.17,46.73
-117.17,46.73
-117.17,46.73
-117.17,46.73
-117.17,46.73
-117.17,46.73
-117.17,46.73
-117.17,46.73
-117.17,46.73
-117.17,46.73
-117.17,46.73
-117.17,46.73
-117.17,46.73
-117.17,46.73
-117.17,46.73
-117.17,46.73
-117.17,46.73
-117.17,46.73
-117.17,46.73
-117.17,46.73
-117.17,46.73
-117.17,46.73
-117.17,46.73
-117.17,46.73
-117.17,46.73
-117.17,46.73
-117.17,46.73
-117.17,46.73
-117.17,46.73
-117.17,46.73
-117.17,46.73
-117.17,46.73
-117.17,46.73
-117.17,46.73
-117.17,46.73
-117.17,46.73
-117.17,46.73
-117.17,46.73
-117.17,46.73
-117.17,46.73
-117.17,46.73
-117.17,46.73
-117.17,46.73
-117.17,46.73
-117.17,46.73
-117.17,46.73
-117.17,46.73
-117.17,46.73
-117.17,46.73
-117.17,46.73
-117.17,46.73
-117.17,46.73
-117.17,46.73
-117.17,46.73
-117.17,46.73
-117.17,46.73
-117.17,46.73
-117.17,46.73
-117.17,46.73
-117.17,46.73
-117.17,46.73
-117.17,46.73
-117.17,46.73
-117.17,46.73
-117.17,46.73
-117.17,46.73
-117.17,46.73
-117.17,46.73
-117.17,46.73
-117.17,46.73
-117.17,46.73
-117.17,46.73
-117.17,46.73
-117.17,46.73
-117.17,46.73
-117.17,46.73
-117.17,46.73
-117.17,46.73
-117.17,46.73
-117.17,46.73
-117.17,46.73
-117.17,46.73
-117.17,46.73
-117.17,46.73
-117.17,46.73
-117.17,46.73
-117.17,46.73
-117.17,46.73
-117.17,46.73
-117.17,46.73
-117.17,46.73
-117.17,46.73
-117.17,46.73
-117.17,46.73
-117.17,46.73
-117.17,46.73
-117.17,46.73
-117.17,46.73
-117.17,46.73
-117.17,46.73
-117.17,46.73
-117.17,46.73
-117.17,46.73
-117.17,46.73
-117.17,46.73
-117.17,46.73
-117.17,46.73
-117.17,46.73
-117.17,46.73
-117.17,46.73
-117.17,46.73
-117.17,46.73
-117.17,46.73
-117.17,46.73
-117.17,46.73
-117.17,46.73
-117.17,46.73
-117.17,46.73
-117.17,46.73
-117.17,46.73
-117.17,46.73
-117.17,46.73
-117.17,46.73
-117.17,46.73
-117.17,46.73
-117.17,46.73
-117.17,46.73
-117.17,46.73
-117.17,46.73
-117.17,46.73
-117.17,46.73
-117.17,46.73
-117.17,46.73
-117.17,46.73
-117.17,46.73
-117.17,46.73
-117.17,46.73
-117.17,46.73
-117.17,46.73
-117.17,46.73
-117.17,46.73
-117.17,46.73
-117.17,46.73
-117.17,46.73
-117.17,46.73
-117.17,46.73
-117.17,46.73
-117.17,46.73
-117.17,46.73
-117.17,46.73
-117.17,46.73
-117.17,46.73
-117.17,46.73
-117.17,46.73
-117.17,46.73
-117.17,46.73
-117.17,46.73
-117.17,46.73
-117.17,46.73
-117.17,46.73
-117.17,46.73
-117.17,46.73
-117.17,46.73
-117.17,46.73
-117.17,46.73
-117.17,46.73
-117.17,46.73
-117.17,46.73
-117.17,46.73
-117.16684,46.86238
-117.27973,46.61109
-117.27973,46.61109
-117.27973,46.61109
-117.27973,46.61109
-117.27973,46.61109
-117.27973,46.61109
-117.27973,46.61109
-117.27973,46.61109
-117.27973,46.61109
-117.27973,46.61109
-117.27973,46.61109
-117.18,46.73
-117.18,46.73
-117.18,46.73
-117.18,46.73
-117.17974,46.73081
-117.17974,46.73081
-117.17974,46.73081
-117.1658,46.8625
-117.21,46.45
-117.21,46.45
-117.2018,46.6812
-117.12849,46.56794
-122.48875,48.6782
-122.48875,48.6782
-122.48875,48.6782
-122.48875,48.6782
-122.48875,48.6782
-122.48875,48.6782
-122.48875,48.6782
-121.84292,48.85901
-121.84292,48.85901
-122.29,47.58
-122.48822,48.75955
-118.3067,45.8983
-118.38,46.04
-118.38,46.04
-118.38,46.04
-118.38,46.04
-118.38,46.04
-118.38,46.04
-118.38,46.04
-118.38,46.04
-118.38,46.04
-118.38,46.04
-118.38,46.04
-118.38,46.04
-118.38,46.04
-118.38,46.04
-118.34302,46.06458
-118.3521,46.6175
-118.15,46.27
-118.15,46.27
-118.15,46.27
-118.90527,46.08541
-118.37,46.04
-123.46,46.27
-123.46,46.27
-122.8471,46.8555
-122.8471,46.8555
-122.8471,46.8555
-122.8471,46.8555
-122.8471,46.8555
-122.8471,46.8555
-122.8471,46.8555
-122.8471,46.8555
-122.8471,46.8555
-122.8471,46.8555
-122.8471,46.8555
-122.8471,46.8555
-122.8471,46.8555
-122.8471,46.8555
-122.8471,46.8555
-122.8471,46.8555
-122.8471,46.8555
-122.8471,46.8555
-122.8471,46.8555
-122.8471,46.8555
-122.8471,46.8555
-122.90069,47.03787
-122.90069,47.03787
-122.85,46.86
-122.77167,47.01833
-118.00304,48.78657
-118.00304,48.78657
-118.00304,48.78657
-118.00304,48.78657
-118.00304,48.78657
-118.00304,48.78657
-118.00304,48.78657
-118.00304,48.78657
-117.56,47.99
-118.1516,48.30512
-118.1516,48.30512
-117.78165,48.91602
-117.78165,48.91602
-117.78165,48.91602
-117.78165,48.91602
-117.4252,47.6589
-117.4252,47.6589
-117.68,47.57
-117.112,47.913
-117.1107,47.9122
-117.1107,47.9122
-117.1107,47.9122
-122.11886,48.07199
-121.6365,47.97593
-121.60151,48.25538
-122.12537,47.83313
-122.12537,47.83313
-122.13509,46.27316
-121.61444,48.48766
-122.63652,48.41518
-122.61267,48.5126
-123.01711,48.53413
-123.01712,48.53426
-123.01712,48.53426
-123.01712,48.53426
-123.01712,48.53426
-123.01712,48.53426
-123.01712,48.53426
-123.01712,48.53426
-123.01712,48.53426
-123.01712,48.53426
-123.01712,48.53426
-123.01712,48.53426
-123.01712,48.53426
-123.01712,48.53426
-123.01712,48.53426
-123.01712,48.53426
-123.01712,48.53426
-123.01712,48.53426
-123.01712,48.53426
-123.01712,48.53426
-123.01712,48.53426
-123.01712,48.53426
-123.01712,48.53426
-122.46481,47.01178
-122.46481,47.01178
-122.46481,47.01178
-122.46481,47.01178
-122.46481,47.01178
-122.46481,47.01178
-122.46481,47.01178
-122.46481,47.01178
-122.46481,47.01178
-122.46481,47.01178
-122.29289,47.18537
-122.587,48.849
-122.587,48.849
-122.587,48.849
-121.75897,46.33261
-121.75897,46.33261
-122.5873,47.1024
-122.5873,47.1024
-122.5873,47.1024
-122.5873,47.1024
-122.5873,47.1024
-122.44429,47.25287
-122.44429,47.25287
-121.64,46.9028
-121.7333,46.7856
-121.7333,46.7856
-121.7333,46.7856
-121.7333,46.7856
-121.7333,46.7856
-121.97,46.98
-121.97,46.98
-121.97,46.98
-122.58351,47.06205
-121.96,46.99
-121.73537,46.78622
-122.58344,47.06171
-122.58344,47.06171
-121.96,46.99
-121.96,46.99
-117.11833,48.29507
-117.25583,48.80667
-117.3709,48.8614
-117.3709,48.8614
-117.3709,48.8614
-117.3709,48.8614
-117.3709,48.8614
-117.3709,48.8614
-117.3709,48.8614
-117.3709,48.8614
-117.3709,48.8614
-124.03223,46.4986
-124.03349,46.49843
-124.03349,46.49843
-124.03349,46.49843
-124.05278,46.28361
-118.96977,48.725
-118.95364,48.72598
-119.52755,48.41098
-119.64,48.82
-123.27,47.49
-123.27,47.49
-123.27,47.49
-123.27,47.49
-123.27,47.49
-123.27,47.49
-123.27,47.49
-123.27,47.49
-123.27,47.49
-123.5357,47.4049
-123.5357,47.4049
-118.58194,47.92222
-118.58194,47.92222
-118.58194,47.92222
-118.58194,47.92222
-118.58194,47.92222
-122.9628,46.6622
-122.96278,46.66221
-122.96278,46.66221
-122.96278,46.66221
-122.96278,46.66221
-122.96278,46.66221
-122.96278,46.66221
-122.96278,46.66221
-122.96278,46.66221
-122.96278,46.66221
-122.96278,46.66221
-122.96278,46.66221
-122.96278,46.66221
-122.96278,46.66221
-122.96278,46.66221
-121.54,45.74
-121.54,45.74
-121.54,45.74
-121.54,45.74
-121.54,45.74
-120.8262,47.156
-120.938,47.1956
-122.6626,47.5921
-122.6626,47.5921
-122.6626,47.5921
-122.6626,47.5921
-122.6626,47.5921
-122.69,47.65
-122.2054,47.76232
-121.9793,47.3579
-122.3704,47.709
-122.3704,47.709
-122.3704,47.709
-122.3704,47.709
-122.2703,47.6953
-122.2703,47.6953
-122.2703,47.6953
-122.2703,47.6953
-122.2703,47.6953
-122.2703,47.6953
-122.215,47.50083
-122.30803,47.6543
-122.30651,47.6562
-122.30651,47.6562
-122.30651,47.6562
-122.30651,47.6562
-122.30651,47.6562
-122.30651,47.6562
-122.30651,47.6562
-122.30651,47.6562
-122.30651,47.6562
-122.30651,47.6562
-122.30651,47.6562
-122.30651,47.6562
-122.30651,47.6562
-122.30651,47.6562
-121.914,47.64787
-121.914,47.64787
-122.33207,47.6062
-122.33207,47.6062
-122.33207,47.6062
-122.33207,47.6062
-122.33207,47.6062
-122.33207,47.6062
-122.33207,47.6062
-122.33207,47.6062
-122.33207,47.6062
-122.33207,47.6062
-122.33207,47.6062
-122.33207,47.6062
-122.33207,47.6062
-122.33207,47.6062
-122.33207,47.6062
-122.33207,47.6062
-122.33207,47.6062
-122.33207,47.6062
-122.33207,47.6062
-122.33207,47.6062
-122.33207,47.6062
-122.33207,47.6062
-122.33207,47.6062
-122.33207,47.6062
-122.33207,47.6062
-122.33207,47.6062
-122.33207,47.6062
-122.33207,47.6062
-122.33207,47.6062
-122.33207,47.6062
-122.33207,47.6062
-122.33207,47.6062
-122.33207,47.6062
-122.33207,47.6062
-122.33207,47.6062
-122.33207,47.6062
-122.33207,47.6062
-122.33207,47.6062
-122.33207,47.6062
-122.33207,47.6062
-122.33207,47.6062
-122.33207,47.6062
-122.33207,47.6062
-122.33207,47.6062
-122.33207,47.6062
-122.33207,47.6062
-122.33207,47.6062
-122.33207,47.6062
-122.33207,47.6062
-122.33207,47.6062
-122.33207,47.6062
-122.33207,47.6062
-122.33207,47.6062
-122.33207,47.6062
-122.33207,47.6062
-122.33207,47.6062
-122.33207,47.6062
-122.33207,47.6062
-122.33207,47.6062
-122.33207,47.6062
-122.33207,47.6062
-122.33207,47.6062
-122.33207,47.6062
-122.33207,47.6062
-122.33207,47.6062
-122.33207,47.6062
-122.33207,47.6062
-122.33207,47.6062
-122.33207,47.6062
-122.33207,47.6062
-122.33207,47.6062
-122.33207,47.6062
-122.33207,47.6062
-122.33207,47.6062
-122.33207,47.6062
-122.33207,47.6062
-122.33207,47.6062
-122.33207,47.6062
-122.33207,47.6062
-122.33207,47.6062
-122.33207,47.6062
-122.33207,47.6062
-122.33207,47.6062
-122.33207,47.6062
-122.33207,47.6062
-122.33207,47.6062
-122.33207,47.6062
-122.33207,47.6062
-122.33207,47.6062
-122.33207,47.6062
-122.33207,47.6062
-122.33207,47.6062
-122.33207,47.6062
-122.33207,47.6062
-122.33207,47.6062
-122.33207,47.6062
-122.33207,47.6062
-122.33207,47.6062
-122.33207,47.6062
-122.33207,47.6062
-122.33207,47.6062
-122.33207,47.6062
-122.33207,47.6062
-122.33207,47.6062
-122.33207,47.6062
-122.33207,47.6062
-122.33207,47.6062
-122.33207,47.6062
-122.33207,47.6062
-122.33207,47.6062
-122.33207,47.6062
-122.33207,47.6062
-122.33207,47.6062
-122.33207,47.6062
-122.33207,47.6062
-122.33207,47.6062
-122.33207,47.6062
-122.33207,47.6062
-122.33207,47.6062
-122.33207,47.6062
-122.33207,47.6062
-122.33207,47.6062
-122.33207,47.6062
-122.33207,47.6062
-122.33207,47.6062
-122.33207,47.6062
-122.33207,47.6062
-122.33207,47.6062
-122.33207,47.6062
-122.33207,47.6062
-122.33207,47.6062
-122.33207,47.6062
-122.33207,47.6062
-122.33207,47.6062
-122.33207,47.6062
-122.33207,47.6062
-122.33207,47.6062
-122.33207,47.6062
-122.33207,47.6062
-122.33207,47.6062
-122.33207,47.6062
-122.33207,47.6062
-122.33207,47.6062
-122.33207,47.6062
-122.33207,47.6062
-122.33207,47.6062
-122.33207,47.6062
-122.33207,47.6062
-122.33207,47.6062
-122.33207,47.6062
-122.33207,47.6062
-122.33207,47.6062
-122.33207,47.6062
-122.33207,47.6062
-122.33207,47.6062
-122.33207,47.6062
-122.33207,47.6062
-122.33207,47.6062
-122.33207,47.6062
-122.33207,47.6062
-122.33207,47.6062
-122.33207,47.6062
-122.33207,47.6062
-122.33207,47.6062
-122.33207,47.6062
-122.33207,47.6062
-122.33207,47.6062
-122.33207,47.6062
-121.78677,47.49565
-121.949,47.30371
-122.22206,47.57065
-122.22206,47.57065
-122.22206,47.57065
-122.2115,47.6977
-122.2115,47.6977
-122.33207,47.60621
-122.33207,47.60621
-122.33207,47.60621
-122.37179,47.70954
-122.33207,47.60621
-122.33207,47.60621
-122.33207,47.60621
-122.33207,47.60621
-122.2054,47.76232
-122.2648,47.6168
-124.35802,47.65376
-124.38553,47.79086
-122.67628,48.2926
-122.67628,48.2926
-123.60123,46.98335
-119.33,47.61
-118.9837,47.9611
-118.9837,47.9611
-120.67,48.51
-119.004,47.941
-119.004,47.941
-117.59011,46.47398
-117.59011,46.47398
-117.59011,46.47398
-117.59011,46.47398
-118.3586,48.4373
-118.68501,48.07876
-117.6347,46.2464
-117.6347,46.2464
-117.6347,46.2464
-124.01952,48.09705
-124.01952,48.09705
-124.01952,48.09705
-124.01952,48.09705
-123.86242,47.97008
-123.86242,47.97008
-123.86242,47.97008
-123.68694,47.97639
-123.68694,47.97639
-123.41928,47.93914
-123.25906,47.95481
-120.31034,47.42345
-120.3093,47.4217
-120.0149,47.8408
-120.0149,47.8408
-120.0149,47.8408
-120.0149,47.8408
-120.0149,47.8408
-120.0149,47.8408
-120.0149,47.8408
-120.0149,47.8408
-120.0149,47.8408
-120.0149,47.8408
-120.0149,47.8408
-120.0149,47.8408
-120.0149,47.8408
-120.0149,47.8408
-120.0149,47.8408
-121.08798,47.74601
-120.3092,47.4216
-120.3092,47.4216
-120.3092,47.4216
-120.3092,47.4216
-120.3092,47.4216
-120.3092,47.4216
-120.3092,47.4216
-120.3092,47.4216
-120.3092,47.4216
-120.82774,47.84248
-119.2881,46.2583
-119.2881,46.2583
-119.2881,46.2583
-119.2881,46.2583
-119.2881,46.2583
-119.2881,46.2583
-119.76892,46.20679
-119.76892,46.20679
-119.76892,46.20679
-117.17656,46.08198
-118.05194,46.63139
-117.1694,46.0814
-117.1694,46.0814
-117.1694,46.0814
-117.1694,46.0814
-117.1694,46.0814
-117.1694,46.0814
-117.1694,46.0814
-117.1694,46.0814
-117.1694,46.0814
-117.1694,46.0814
-117.1694,46.0814
-117.1694,46.0814
-117.17,46.08
-117.0478,46.3411
-117.0478,46.3411
-112.1217,41.162
-111.97,41.22
-111.97,41.22
-111.97,41.22
-111.9314,41.202
-111.9225,41.1423
-111.96053,41.36316
-112.9436,37.2975
-112.9436,37.2975
-112.9436,37.2975
-112.9461,37.2564
-112.9461,37.2564
-112.9461,37.2564
-112.9461,37.2564
-112.9461,37.2564
-112.9461,37.2564
-112.9461,37.2564
-112.9461,37.2564
-112.9461,37.2564
-112.9461,37.2564
-112.9664,37.2575
-112.9431,37.2143
-112.9431,37.2143
-112.9431,37.2143
-112.9431,37.2143
-112.9431,37.2143
-112.9431,37.2143
-112.9431,37.2143
-112.9431,37.2143
-112.9431,37.2143
-112.9431,37.2143
-112.9431,37.2143
-112.9431,37.2143
-112.98,37.21
-112.98,37.21
-112.98,37.21
-112.98,37.21
-112.98,37.21
-112.9656,37.2556
-112.9434,37.2726
-112.9434,37.2726
-112.9434,37.2726
-113.5,37.39
-111.05,40.33
-111.05,40.33
-111.3739,40.4522
-111.3739,40.4522
-111.0306,40.4814
-111.0306,40.4814
-111.0306,40.4814
-111.0306,40.4814
-111.0772,39.9267
-111.0772,39.9267
-111.0254,40.1283
-111.22,40.3
-111.5808,40.3858
-111.61534,40.30261
-111.901,40.36
-111.7,40.3
-111.7,40.3
-111.61,40.41
-111.6017,40.4033
-112.1522,40.4389
-111.50491,40.02662
-111.50491,40.02662
-111.50491,40.02662
-111.50491,40.02662
-111.5799,40.4585
-111.5799,40.4585
-111.66,40.38
-111.01,39.72
-111.01,39.72
-111.6542,40.115
-111.65,40.11
-111.65,40.11
-111.65,40.11
-111.6017,40.4033
-111.7089,40.44
-111.6392,40.27
-111.6392,40.27
-111.6264,40.3244
-111.65,40.23
-111.65,40.23
-111.6335,40.3145
-111.6335,40.3145
-111.6578,40.2339
-111.6578,40.2339
-111.6578,40.2339
-111.6578,40.2339
-111.6578,40.2339
-111.6578,40.2339
-111.6578,40.2339
-111.6578,40.2339
-111.6578,40.2339
-111.6578,40.2339
-111.66,40.22
-111.6,40.4
-111.6,40.4
-111.6,40.4
-111.6,40.4
-111.80056,40.3431
-112.1,40.41
-111.6,40.09
-111.59,40.28
-111.0772,39.9286
-109.76514,40.77217
-109.76514,40.77217
-109.6159,40.7657
-109.2533,40.4436
-109.2533,40.4436
-109.2533,40.4436
-114.032,40.9897
-114.032,40.9897
-114.032,40.9897
-114.032,40.9897
-112.4328,40.0922
-112.4636,40.5981
-112.3,40.61
-112.3,40.61
-112.3,40.61
-110.1239,40.9214
-111.3986,40.9178
-110.7986,40.8873
-110.7986,40.8873
-110.7986,40.8873
-110.8974,40.6874
-110.8974,40.6874
-110.8974,40.6874
-110.8974,40.6874
-110,40.84
-110.8,40.81
-111.5925,38.5589
-111.5925,38.5589
-111.5925,38.5589
-111.5925,38.5589
-111.711,38.5486
-111.711,38.5486
-111.711,38.5486
-111.711,38.5486
-111.42,39.8112
-111,39
-111,39
-111,39
-111,39
-111,39
-111.4649,39.3404
-111.4649,39.3404
-111.4649,39.3404
-111,39
-111,39
-111,39
-111,39
-111,39
-111,39
-109.2314,38.4845
-111.7394,40.696
-111.8311,40.7636
-111.8311,40.7636
-111.8053,40.5679
-111.8053,40.5679
-111.89,40.7619
-111.89,40.7619
-111.89,40.7619
-111.5758,40.792
-111.5758,40.792
-111.7989,40.625
-111.7989,40.625
-111.9381,40.6678
-111.7989,40.625
-111.7989,40.625
-111.89,40.76
-111.89,40.76
-111.47326,41.92576
-111.45738,41.92093
-111.3907,41.9479
-111.4078,41.9858
-111.3132,41.8261
-111.5174,41.4666
-111.3983,41.8422
-112.2571,38.4988
-111.67,41.03
-112.36,38.75
-112.5801,38.6008
-112.7341,37.0347
-112.715,37.0386
-111.71,39.7622
-111.714,39.7686
-111.71,39.7622
-111.71,39.7622
-111.7731,39.5306
-111.7731,39.5306
-114.07023,39.87131
-114.07023,39.87131
-114.07023,39.87131
-113.049,37.6737
-113.049,37.6737
-113.049,37.6737
-112.82464,37.6522
-112.82464,37.6522
-112.82464,37.6522
-112.82464,37.6522
-112.82464,37.6522
-112.82464,37.6522
-112.82979,37.63263
-112.79429,37.56834
-112.79429,37.56834
-112.79429,37.56834
-112.79429,37.56834
-112.79429,37.56834
-112.79429,37.56834
-112.79429,37.56834
-112.79429,37.56834
-109.2968,38.4818
-108.9316,38.5114
-108.9316,38.5114
-109.2732,38.502
-109.2732,38.502
-109.2732,38.502
-109.6943,38.6999
-109.5478,38.5725
-111.3512,38.0781
-111.6886,38.0341
-111.6886,38.0341
-111.6886,38.0341
-111.6886,38.0341
-111.324,38.1187
-111.7332,38.0053
-112.1669,37.6283
-111.3479,38.0261
-111.3479,38.0261
-111.8878,37.7492
-111.8878,37.7492
-111.7022,38.0311
-111.7022,38.0311
-112.6213,37.7119
-112.435,37.8228
-111.69396,37.93588
-111.991,37.834
-111.991,37.834
-111.991,37.834
-111.991,37.834
-111.991,37.834
-111.27,39.29
-110.88,40.73
-110.89,40.46
-110.3878,40.1598
-110.8389,40.2128
-110.4989,40.2875
-111.8867,40.9806
-111.8349,40.9999
-112.1015,41.1386
-111.88,40.8894
-111.88,40.8894
-111.88,40.8894
-109.7429,40.8862
-109.7429,40.8862
-111.6651,39.203
-109.7334,40.9854
-109.7308,40.8553
-111.5528,41.8961
-111.5528,41.8961
-111.59138,41.83433
-111.59138,41.83433
-111.59138,41.83433
-111.5833,41.5731
-111.7737,41.5452
-111.8125,41.5311
-111.8125,41.5311
-111.5309,41.9618
-111.5408,41.9662
-111.5408,41.9662
-111.5408,41.9662
-111.5408,41.9662
-111.5408,41.9662
-111.6267,41.6656
-111.6143,41.6743
-111.6884,41.6296
-111.6884,41.6296
-111.6884,41.6296
-111.6884,41.6296
-111.6884,41.6296
-111.6884,41.6296
-111.6884,41.6296
-111.6884,41.6296
-111.6884,41.6296
-111.6884,41.6296
-111.59215,41.83354
-111.9389,41.5619
-111.8239,41.9153
-111.8239,41.9153
-111.8334,41.7196
-111.8334,41.7196
-111.8334,41.7196
-111.8039,41.7675
-111.6711,41.915
-111.99,41.8628
-111.7362,41.6891
-111.7362,41.6891
-111.83,41.73
-111.83,41.73
-111.83,41.73
-111.83,41.73
-111.83,41.73
-111.83,41.73
-111.83,41.73
-111.83,41.73
-111.83,41.73
-111.83,41.73
-111.83,41.73
-111.83,41.73
-111.83,41.73
-111.83,41.73
-111.83,41.73
-111.83,41.73
-111.83,41.73
-111.83,41.73
-111.83,41.73
-111.83,41.73
-111.83,41.73
-111.83,41.73
-111.83,41.73
-111.83,41.73
-111.83,41.73
-111.83,41.73
-111.83,41.73
-111.83,41.73
-111.83,41.73
-111.83,41.73
-111.83,41.73
-111.83,41.73
-111.83,41.73
-111.83,41.73
-111.83,41.73
-111.83,41.73
-111.83,41.73
-111.83,41.73
-111.83,41.73
-111.83,41.73
-111.83,41.73
-111.83,41.73
-111.83,41.73
-111.83,41.73
-111.83,41.73
-111.83,41.73
-111.83,41.73
-111.83,41.73
-111.83,41.73
-111.83,41.73
-111.83,41.73
-111.83,41.73
-111.83,41.73
-111.83,41.73
-111.83,41.73
-111.83,41.73
-111.83,41.73
-111.83,41.73
-111.83,41.73
-111.83,41.73
-111.83,41.73
-111.83,41.73
-111.83,41.73
-111.83,41.73
-111.83,41.73
-111.83,41.73
-111.83,41.73
-111.83,41.73
-111.83,41.73
-111.83,41.73
-111.83,41.73
-111.83,41.73
-111.83,41.73
-111.83,41.73
-111.83,41.73
-111.83,41.73
-111.83,41.73
-111.83,41.73
-111.83,41.73
-111.83,41.73
-111.83,41.73
-111.83,41.73
-111.83,41.73
-111.83,41.73
-111.83,41.73
-111.83,41.73
-111.83,41.73
-111.83,41.73
-111.83,41.73
-111.83,41.73
-111.83,41.73
-111.83,41.73
-111.83,41.73
-111.83,41.73
-111.83,41.73
-111.83,41.73
-111.83,41.73
-111.83,41.73
-111.83,41.73
-111.83,41.73
-111.83,41.73
-111.83,41.73
-111.8145,41.7424
-111.7156,41.7506
-111.7156,41.7506
-111.7156,41.7506
-111.7166,41.7556
-111.7166,41.7556
-111.7166,41.7556
-111.7166,41.7556
-111.7166,41.7556
-111.7166,41.7556
-111.7166,41.7556
-111.7166,41.7556
-111.5647,41.8892
-111.5647,41.8892
-111.4752,41.9264
-111.4821,41.9485
-112.007,41.736
-112.007,41.736
-111.6209,42.0836
-111.6209,42.0836
-111.6209,42.0836
-111.6209,42.0836
-111.6209,42.0836
-111.6209,42.0836
-111.6209,42.0836
-111.7648,41.7681
-111.7811,41.7675
-111.7811,41.7675
-111.7811,41.7675
-111.7811,41.7675
-111.7811,41.7675
-111.7811,41.7675
-111.7811,41.7675
-111.7811,41.7675
-111.7811,41.7675
-111.7811,41.7675
-111.7811,41.7675
-111.7811,41.7675
-111.7811,41.7675
-111.7811,41.7675
-111.7811,41.7675
-111.7811,41.7675
-111.7811,41.7675
-111.7811,41.7675
-111.7811,41.7675
-111.7811,41.7675
-111.7811,41.7675
-111.7811,41.7675
-111.8309,41.6329
-111.8309,41.6329
-111.5681,41.5994
-111.8308,41.4786
-111.8308,41.4786
-111.8308,41.4786
-111.8308,41.4786
-111.8308,41.4786
-111.7696,41.8303
-111.6362,41.7287
-111.6189,41.775
-111.6189,41.775
-111.6189,41.775
-111.6189,41.775
-111.6189,41.775
-111.6189,41.775
-111.6189,41.775
-111.6189,41.775
-111.6189,41.775
-111.6189,41.775
-111.6189,41.775
-111.6189,41.775
-111.6189,41.775
-111.6189,41.775
-111.6189,41.775
-111.6189,41.775
-111.6189,41.775
-111.6189,41.775
-111.8,41.96
-111.8261,41.8375
-111.97,41.38
-111.97,41.38
-111.4239,41.934
-112.008,41.6635
-112.0082,41.6639
-112.0158,41.6552
-111.9781,41.3878
-111.9781,41.3878
-111.6444,41.8935
-111.6444,41.8935
-111.6444,41.8935
-111.6444,41.8935
-111.6444,41.8935
-111.6444,41.8935
-111.6444,41.8935
-111.6444,41.8935
-111.6444,41.8935
-111.6444,41.8935
-111.6444,41.8935
-111.6444,41.8935
-111.6444,41.8935
-111.6444,41.8935
-111.6444,41.8935
-111.6444,41.8935
-111.6444,41.8935
-111.6444,41.8935
-111.5962,41.8874
-111.5962,41.8874
-111.5962,41.8874
-111.5962,41.8874
-111.7895,41.7667
-111.7895,41.7667
-111.7895,41.7667
-111.7895,41.7667
-111.7895,41.7667
-111.7895,41.7667
-111.5558,41.8774
-111.7166,41.7556
-111.7166,41.7556
-111.7166,41.7556
-111.6391,41.905
-111.6391,41.905
-111.78188,41.76743
-111.9638,41.3752
-111.9638,41.3752
-111.9638,41.3752
-111.9755,41.3848
-112.7089,41.9636
-112.09,41.77
-113.28523,38.32713
-113.28523,38.32713
-113.28523,38.32713
-113.28523,38.32713
-113.28523,38.32713
-113.28523,38.32713
-113.28523,38.32713
-113.28523,38.32713
-113.28523,38.32713
-113.28523,38.32713
-113.28523,38.32713
-113.28523,38.32713
-113.28523,38.32713
-113.28523,38.32713
-113.28523,38.32713
-112.366,38.3142
-113.28523,38.32713
-113.28523,38.32713
-113.28523,38.32713
-113.28523,38.32713
-113.28523,38.32713
-112.47743,38.42663
-112.36056,38.27889
-112.36056,38.27889
-112.36056,38.27889
-103.5316,43.86603
-103.5316,43.86603
-103.6663,44.27581
-103.78466,44.29693
-103.78466,44.29693
-103.8502,44.47748
-103.8502,44.47748
-103.8502,44.47748
-103.83561,44.32839
-103.83561,44.32839
-103.83561,44.32839
-103.83561,44.32839
-103.83561,44.32839
-103.85937,44.49082
-103.85937,44.49082
-103.85937,44.49082
-103.5988,43.76665
-103.5988,43.76665
-103.5988,43.76665
-103.5988,43.76665
-119.84225,44.56076
-123.14,45.44
-123.05167,45.52132
-123.05167,45.52132
-123.05167,45.52132
-123.1246,45.5217
-123.1246,45.5217
-123.1246,45.5217
-123.1246,45.5217
-123.1246,45.5217
-123.1246,45.5217
-123.1246,45.5217
-123.1246,45.5217
-123.1246,45.5217
-123.1246,45.5217
-123.1246,45.5217
-123.1246,45.5217
-123.1246,45.5217
-123.1246,45.5217
-123.1246,45.5217
-123.1246,45.5217
-123.1246,45.5217
-123.1246,45.5217
-123.1246,45.5217
-123.1246,45.5217
-123.1246,45.5217
-123.1246,45.5217
-123.1246,45.5217
-123.1246,45.5217
-123.1246,45.5217
-123.1246,45.5217
-123.1246,45.5217
-123.1246,45.5217
-123.1246,45.5217
-123.1246,45.5217
-123.1246,45.5217
-123.1246,45.5217
-123.1246,45.5217
-123.1246,45.5217
-123.1246,45.5217
-123.1246,45.5217
-123.1246,45.5217
-123.1246,45.5217
-123.1246,45.5217
-123.1246,45.5217
-123.1246,45.5217
-123.1246,45.5217
-123.1246,45.5217
-123.05982,45.51983
-121.03256,45.26234
-117.205,45.2576
-117.2947,45.69974
-117.22187,45.26691
-117.212,45.2811
-117.212,45.2811
-116.9593,45.1234
-117.2043,45.2082
-117.2043,45.2082
-117.52824,45.57014
-117.243,45.3525
-117.4295,45.4871
-117.307,45.3112
-116.6607,45.4358
-117.9275,45.1652
-117.9275,45.1652
-117.9275,45.1652
-117.9275,45.1652
-117.9275,45.1652
-118.08,45.32
-118.08,45.32
-118.1171,45.3964
-118.1171,45.3964
-118.08771,45.32457
-117.9343,45.496
-118.2107,45.1742
-117.9343,45.496
-117.91889,45.02861
-118.3064,45.8983
-118.5766,44.9118
-118.5766,44.9118
-118.5766,44.9118
-118.5766,44.9118
-118.5766,44.9118
-118.5766,44.9118
-118.5766,44.9118
-118.5766,44.9118
-118.99608,45.01015
-118.41937,45.50465
-118.9859,45.073
-118.6849,45.639
-118.6849,45.639
-118.6849,45.639
-118.6849,45.639
-118.4863,45.5962
-118.4863,45.5962
-118.0876,45.7788
-116.1381,43.465
-124,45
-123.84401,45.45621
-123.84401,45.45621
-123.94583,45.43472
-123.1868,44.8512
-123.49834,44.87241
-122.70259,45.48872
-122.6762,45.52345
-122.6762,45.52345
-122.6762,45.52345
-122.03563,45.60539
-122.09064,45.53039
-121.97896,44.78289
-121.97896,44.78289
-122.14979,44.73401
-122.14979,44.73401
-123.03509,44.94289
-123.03509,44.94289
-123.03509,44.94289
-123.03509,44.94289
-123.03509,44.94289
-123.03509,44.94289
-116.96,44.03
-116.98,44.02
-117.04,43.77
-117.04,43.77
-121.85028,44.40222
-121.85028,44.40222
-121.85028,44.40222
-121.85028,44.40222
-121.82024,44.62892
-123.10592,44.63651
-121.8695,44.40706
-121.8695,44.40706
-121.8695,44.40706
-121.8695,44.40706
-122.32099,44.69577
-122.6723,44.4104
-122.54702,44.45206
-123.11037,44.46151
-123.11037,44.46151
-121.81532,45.49393
-123.05193,44.69872
-122.32,44.69
-122.32,44.69
-124.05345,44.63678
-124.05345,44.63678
-124.05345,44.63678
-124.05345,44.63678
-124.06873,44.42678
-124.06873,44.42678
-124.06873,44.42678
-124.06873,44.42678
-124.06873,44.42678
-124.06873,44.42678
-122.242,44.167
-122.46231,43.74722
-123.57899,44.17067
-122.2804,44.1828
-122.2804,44.1828
-122.2804,44.1828
-122.2804,44.1828
-122.2804,44.1828
-122.2804,44.1828
-122.2804,44.1828
-122.2804,44.1828
-122.2804,44.1828
-122.2804,44.1828
-122.2804,44.1828
-122.2804,44.1828
-122.2804,44.1828
-122.16394,44.17512
-122.16394,44.17512
-124.09984,43.98262
-124.09984,43.98262
-124.09984,43.98262
-121.67,44.19
-121.68,44.2
-124.14082,43.87772
-120.349,42.1836
-120.1225,42.3002
-120.1351,42.2978
-120.1351,42.2978
-120.1351,42.2978
-120.3313,42.0706
-120.3313,42.0706
-122.18003,42.21302
-122.18003,42.21302
-122.18003,42.21302
-121.95306,42.41791
-121.95306,42.41791
-121.95306,42.41791
-122.2123,42.3787
-122.2123,42.3787
-122.2123,42.3787
-122.2123,42.3787
-122.2123,42.3787
-122.2123,42.3787
-122.2063,42.3809
-122.2063,42.3809
-122.2063,42.3809
-117.5,45.42
-117.5,45.42
-122.1368,42.9004
-122.1368,42.9004
-122.1368,42.9004
-121.68529,42.75514
-122.0948,42.8798
-122.1468,42.9105
-122.1468,42.9105
-122.0609,42.7687
-122.0609,42.7687
-122.156,42.8438
-122.14932,42.91046
-122.14932,42.91046
-122.14932,42.91046
-121.9682,43.5087
-121.9682,43.5087
-121.9682,43.5087
-121.95306,42.41791
-121.95306,42.41791
-122.1784,42.87249
-122.1784,42.87249
-122.1784,42.87249
-121.3749,42.3853
-121.8142,42.386
-121.99608,42.70463
-121.9682,43.5087
-122.03887,42.87983
-121.95254,42.39676
-122.08271,42.31311
-122.08271,42.31311
-122.08271,42.31311
-122.08271,42.31311
-122.08271,42.31311
-122.08271,42.31311
-121.92,42.77
-122.03,42.15
-121.9947,42.7047
-121.31,43.59
-123.41963,42.11246
-123.45723,42.34495
-123.3382,42.1813
-123.3382,42.1813
-123.3382,42.1813
-123.3382,42.1813
-123.33,42.44
-123.33,42.44
-123.33,42.44
-123.4576,42.1409
-123.4576,42.1409
-123.3637,42.1455
-123.3302,42.1238
-123.3302,42.1238
-123.3447,42.1403
-121.84534,44.65178
-121.84534,44.65178
-121.84534,44.65178
-121.84534,44.65178
-121.84534,44.65178
-121.84534,44.65178
-121.84534,44.65178
-121.84534,44.65178
-121.84534,44.65178
-121.84534,44.65178
-121.84534,44.65178
-121.84534,44.65178
-121.84534,44.65178
-121.84534,44.65178
-121.84534,44.65178
-121.84534,44.65178
-121.7745,44.6491
-121.7745,44.6491
-121.7745,44.6491
-121.7745,44.6491
-121.7745,44.6491
-121.7745,44.6491
-122.2452,42.128
-122.2452,42.128
-122.2452,42.128
-122.2452,42.128
-122.48517,42.11715
-122.69922,42.18907
-112.22,42.34
-112.22,42.34
-112.22,42.34
-112.22,42.34
-112.22,42.34
-122.4598,42.2624
-122.4598,42.2624
-122.42659,42.43924
-123.1134,42.0516
-106.61576,39.41397
-106.61576,39.41397
-106.61576,39.41397
-122.87591,42.32476
-122.71722,42.08083
-122.34433,42.49391
-122.86829,42.32787
-122.86829,42.32787
-122.86829,42.32787
-122.86829,42.32787
-122.86829,42.32787
-122.86829,42.32787
-122.6299,42.6709
-118.53949,43.88627
-122.60594,42.07323
-122.60594,42.07323
-122.37,42.12
-122.71722,42.08083
-122.71722,42.08083
-122.71722,42.08083
-122.71722,42.08083
-122.71722,42.08083
-122.71722,42.08083
-122.39,42.41
-122.39,42.41
-123.14415,42.05458
-123.14415,42.05458
-123.14415,42.05458
-123.14415,42.05458
-123.14415,42.05458
-123.14415,42.05458
-123.14415,42.05458
-122.4301,42.273
-122.4301,42.273
-122.4301,42.273
-122.4301,42.273
-122.4301,42.273
-122.4301,42.273
-121.66,45.41
-121.5713,45.4179
-121.5713,45.4179
-121.5713,45.4179
-121.5713,45.4179
-121.5713,45.4179
-121.5713,45.4179
-121.6566,45.3986
-121.6566,45.3986
-121.6566,45.3986
-121.69563,45.37345
-121.587,45.4935
-121.7,45.37
-121.7,45.37
-121.7,45.37
-121.7,45.37
-121.7,45.37
-121.7,45.37
-121.7,45.37
-121.57,45.13
-121.6543,45.4018
-121.6543,45.4018
-121.6543,45.4018
-121.64634,45.37133
-121.6543,45.4018
-118.4153,44.0384
-118.4153,44.0384
-118.4153,44.0384
-118.55102,42.68322
-118.55102,42.68322
-118.55102,42.68322
-118.6222,42.7428
-118.64769,42.7371
-118.64769,42.7371
-118.64769,42.7371
-118.64769,42.7371
-118.64769,42.7371
-118.64769,42.7371
-118.64769,42.7371
-118.64769,42.7371
-119.753,44.5372
-119.53581,44.4682
-118.9711,44.4212
-122.9251,45.69872
-122.9251,45.69872
-122.9251,45.69872
-122.9251,45.69872
-122.9251,45.69872
-122.9251,45.69872
-122.16,43.17
-122.16,43.17
-122.16,43.17
-124.07248,43.86032
-122.13892,43.17873
-122.13892,43.17873
-122.13892,43.17873
-122.13892,43.17873
-122.15,43.16
-123.34173,43.2165
-123.34173,43.2165
-123.34173,43.2165
-121.80861,44.26
-121.74531,44.01567
-121.2755,43.7153
-121.7477,43.9154
-121.7477,43.9154
-121.7477,43.9154
-120.3289,42.6116
-121.31,44.05
-121.21,43.94
-121.21,43.94
-121.54921,44.29094
-124.42177,42.45086
-124.42177,42.45086
-124.42177,42.45086
-124.16639,42.41346
-124.4084,42.42363
-124.4084,42.42363
-124.4084,42.42363
-124.4084,42.42363
-124.4084,42.42363
-124.4084,42.42363
-124.4084,42.42363
-124.4084,42.42363
-124.4084,42.42363
-124.4084,42.42363
-124.4084,42.42363
-124.4084,42.42363
-124.4084,42.42363
-124.4084,42.42363
-124.4084,42.42363
-124.4084,42.42363
-124.4084,42.42363
-124.4084,42.42363
-124.4084,42.42363
-124.4084,42.42363
-124.4084,42.42363
-124.4084,42.42363
-124.4084,42.42363
-124.4084,42.42363
-124.4084,42.42363
-124.4084,42.42363
-124.4084,42.42363
-124.4084,42.42363
-124.4084,42.42363
-124.4084,42.42363
-124.4084,42.42363
-124.4084,42.42363
-124.4084,42.42363
-124.4084,42.42363
-124.4084,42.42363
-124.4084,42.42363
-124.4084,42.42363
-124.4084,42.42363
-124.4084,42.42363
-124.4084,42.42363
-124.4084,42.42363
-124.4084,42.42363
-124.4084,42.42363
-124.4084,42.42363
-124.4084,42.42363
-124.4084,42.42363
-124.4084,42.42363
-124.4084,42.42363
-124.4084,42.42363
-124.4084,42.42363
-124.4084,42.42363
-124.4084,42.42363
-124.42106,42.4286
-124.42106,42.4286
-120.83446,44.29984
-120.9062,44.34874
-120.33098,44.37026
-123.54114,43.36394
-124.1409,43.39319
-124.1409,43.39319
-124.1409,43.39319
-124.1409,43.39319
-124.1409,43.39319
-124.1409,43.39319
-124.1409,43.39319
-124.1409,43.39319
-124.1409,43.39319
-124.1409,43.39319
-124.1409,43.39319
-124.1409,43.39319
-124.1409,43.39319
-124.15797,43.36642
-124.15797,43.36642
-124.21789,43.3665
-124.21789,43.3665
-124.21789,43.3665
-124.21789,43.3665
-123.19289,45.85872
-123.19289,45.85872
-123.92263,45.99316
-123.75763,46.1001
-123.91,46.0225
-123.55038,45.85111
-123.55038,45.85111
-123.55038,45.85111
-123.55038,45.85111
-123.55038,45.85111
-123.55038,45.85111
-123.55038,45.85111
-123.55038,45.85111
-123.55038,45.85111
-123.55038,45.85111
-123.55038,45.85111
-123.59484,45.86566
-123.59484,45.86566
-123.59484,45.86566
-123.59484,45.86566
-123.59484,45.86566
-123.68241,45.96887
-123.68241,45.96887
-121.86923,45.30602
-121.86923,45.30602
-122.35897,45.35734
-121.74285,45.09622
-121.74285,45.09622
-121.74285,45.09622
-121.75479,45.30399
-121.75473,45.34756
-121.7373,45.2954
-121.75479,45.304
-122.63926,45.44623
-122.63926,45.44623
-121.75479,45.304
-121.75479,45.304
-121.72219,45.33418
-122.60675,45.35734
-123.27815,44.55484
-123.56097,44.48818
-123.56097,44.48818
-123.57871,44.63789
-123.57029,44.59691
-123.57029,44.59691
-123.57029,44.59691
-123.59679,44.38006
-123.59679,44.38006
-123.59679,44.38006
-123.55,44.5
-123.26204,44.56456
-123.26204,44.56456
-123.26204,44.56456
-123.26204,44.56456
-123.26204,44.56456
-123.26204,44.56456
-123.26204,44.56456
-123.26204,44.56456
-123.26204,44.56456
-123.26204,44.56456
-123.26204,44.56456
-123.26204,44.56456
-123.26204,44.56456
-123.26204,44.56456
-123.26204,44.56456
-123.26204,44.56456
-123.26204,44.56456
-123.26204,44.56456
-123.26204,44.56456
-123.26204,44.56456
-123.26204,44.56456
-123.26204,44.56456
-123.59649,44.3815
-123.59649,44.3815
-123.59649,44.38151
-123.59649,44.38151
-123.59649,44.38151
-123.55121,44.50428
-123.27,44.57
-123.27,44.57
-123.27,44.57
-123.27,44.57
-123.27,44.57
-123.27,44.57
-123.27,44.57
-123.27,44.57
-123.27,44.57
-123.27,44.57
-123.27,44.57
-123.27,44.57
-123.27,44.57
-123.27,44.57
-123.27,44.57
-123.27,44.57
-123.27,44.57
-123.27,44.57
-123.27,44.57
-118.20216,44.7457
-118.20216,44.7457
-118.20216,44.7457
-118.44591,44.50434
-118.44591,44.50434
-118.0733,44.8303
-118.0056,44.5482
-118.0056,44.5482
-118.0056,44.5482
-118.0056,44.5482
-118.0056,44.5482
-118.0056,44.5482
-118.0056,44.5482
-118.0056,44.5482
-118.0056,44.5482
-118.2281,44.9578
-118.2281,44.9578
-118.2281,44.9578
-118.2281,44.9578
-118.2281,44.9578
-118.2281,44.9578
-118.2281,44.9578
-117.19267,45.00821
-117.19267,45.00821
-118.23334,44.9581
-118.18095,44.35236
-118.18095,44.35236
-118.18095,44.35236
-118.18095,44.35236
-118.18095,44.35236
-117.41373,44.94882
-117.0203,45.2018
-117.5169,45.0316
-117.5169,45.0316
-117.5169,45.0316
-117.5169,45.0316
-117.5169,45.0316
-117.5169,45.0316
-117.5169,45.0316
-117.5169,45.0316
-117.5169,45.0316
-117.5169,45.0316
-117.5169,45.0316
-117.5169,45.0316
-117.5169,45.0316
-118.29077,44.65932
-117.4148,44.9499
-117.4148,44.9499
-117.4148,44.9499
-117.4148,44.9499
-117.5766,45.0521
-117.5766,45.0521
-117.5766,45.0521
-117.5766,45.0521
-117.5766,45.0521
-117.5766,45.0521
-117.5766,45.0521
-117.32407,44.87099
-117.32407,44.87099
-117.32407,44.87099
-117.32407,44.87099
-117.1878,45.01266
-117.5745,45.0244
-117.5745,45.0244
-117.5745,45.0244
-117.4148,44.9499
-117.4148,44.9499
-117.4148,44.9499
-117.4148,44.9499
-105.60612,36.12929
-105.41695,36.55669
-105.41695,36.55669
-106.62655,35.86316
-106.79198,35.98363
-106.62169,35.08413
-114.22027,39.0055
-114.2974,38.9429
-114.83251,39.39521
-119.8128,39.5297
-119.9067,39.1983
-119.9067,39.1983
-119.9067,39.1983
-119.7037,39.18267
-119.7037,39.18267
-119.7037,39.18267
-117.67235,41.56795
-117.54735,41.76683
-117.54735,41.76683
-117.54735,41.76683
-117.54735,41.76683
-117.54735,41.76683
-117.54735,41.76683
-117.54735,41.76683
-117.54735,41.76683
-117.54735,41.76683
-117.54735,41.76683
-117.54735,41.76683
-117.54735,41.76683
-117.54735,41.76683
-117.54124,41.66739
-117.54124,41.66739
-115.5164,40.7826
-115.4617,41.8319
-115.4617,41.8319
-115.8194,41.5739
-115.8194,41.5739
-115.8194,41.5739
-115.8194,41.5739
-115.8194,41.5739
-115.47505,40.43409
-115.0843,41.0266
-115.0843,41.0266
-115.0843,41.0266
-115.0843,41.0266
-115.0843,41.0266
-115.0843,41.0266
-115.0843,41.0266
-115.0843,41.0266
-115.0843,41.0266
-115.0843,41.0266
-115.0843,41.0266
-115.0843,41.0266
-115.466,40.6705
-115.4044,40.6519
-115.45,40.66
-115.4676,40.6702
-115.4676,40.6702
-115.4676,40.6702
-115.4676,40.6702
-115.4311,41.8736
-115.76581,47.9901
-115.34432,47.59715
-115.34432,47.59715
-106.67781,46.26638
-114.05508,46.02603
-114.16037,46.24686
-114.16037,46.24686
-114.16037,46.24686
-114.29758,45.88991
-114.58,45.73
-114.13565,46.26575
-114.13565,46.26575
-114.13565,46.26575
-114.13565,46.26575
-114.13565,46.26575
-114.0249,46.18028
-114.0249,46.18028
-114.0249,46.18028
-114.0249,46.18028
-114.0249,46.18028
-114.0249,46.18028
-114.0249,46.18028
-110.70576,45.03188
-114.68663,46.64514
-114.68663,46.64514
-114.68663,46.64514
-114.68663,46.64514
-114.68663,46.64514
-114.68663,46.64514
-114.68663,46.64514
-113.99399,46.87214
-113.99399,46.87214
-113.99399,46.87214
-113.99399,46.87214
-113.99399,46.87214
-113.99399,46.87214
-114.09,46.78
-115.47387,47.37569
-115.47387,47.37569
-115.47387,47.37569
-115.47387,47.37569
-115.47387,47.37569
-114.79,47.12
-115.10263,47.29937
-115.10263,47.29937
-115.10263,47.29937
-115.10263,47.29937
-114.89179,47.19159
-110.90215,46.54827
-110.80715,46.2716
-111.10661,46.35604
-116,48
-111.86,46.87
-112.01488,46.60046
-114.4,47.94
-114.4,47.94
-113.71119,46.63745
-113.71119,46.63745
-113.71119,46.63745
-113.71142,46.53707
-113.71142,46.53707
-113.71142,46.53707
-113.71142,46.53707
-113.71817,48.69664
-112.91999,48.57763
-113.67694,48.79612
-113.67694,48.79612
-113.67694,48.79612
-113.67694,48.79612
-113.67694,48.79612
-113.67694,48.79612
-113.67694,48.79612
-113.67694,48.79612
-113.67694,48.79612
-113.49982,48.69497
-111.05,45.68
-111.05,45.68
-111.05,45.68
-111.03855,45.67965
-111.03855,45.67965
-111.03855,45.67965
-111.03855,45.67965
-111.03855,45.67965
-111.03855,45.67965
-111.03855,45.67965
-111.03855,45.67965
-111.03855,45.67965
-111.03855,45.67965
-111.03855,45.67965
-111.03855,45.67965
-111.03855,45.67965
-111.03855,45.67965
-111.03855,45.67965
-111.03855,45.67965
-111.03855,45.67965
-111.03855,45.67965
-111.03855,45.67965
-111.03855,45.67965
-111.03855,45.67965
-111.03855,45.67965
-111.03855,45.67965
-110.92,45.68
-110.92,45.68
-110.92,45.68
-110.92,45.68
-114.15,48.42
-113.87178,48.6208
-113.87178,48.6208
-113.87178,48.6208
-113.8768,48.6179
-114.24401,48.31301
-114.07261,48.06328
-114.07261,48.06328
-114.07261,48.06328
-114.07261,48.06328
-114.17484,47.98772
-113.97872,48.49996
-113.97872,48.49996
-113.97872,48.49996
-113.97872,48.49996
-113.97872,48.49996
-113.97872,48.49996
-113.97872,48.49996
-113.80706,48.69608
-113.7913,48.65679
-114.66124,48.10523
-114.66124,48.10523
-114.66124,48.10523
-114.66124,48.10523
-108.62746,47.87712
-108.62746,47.87712
-108.62746,47.87712
-108.62746,47.87712
-108.62746,47.87712
-108.62746,47.87712
-108.62746,47.87712
-109.22433,46.70829
-113.44228,45.98103
-113.44228,45.98103
-109.6352,45.1993
-109.6352,45.1993
-109.6352,45.1993
-113.27197,44.81436
-113.45589,45.8677
-116.71571,44.24016
-116.71571,44.24016
-117.01765,46.41655
-115.40649,44.41962
-115.27649,44.42684
-115.27649,44.42684
-116.07256,44.68685
-116.07256,44.68685
-116.09873,44.911
-116.12623,45.12767
-116.12623,45.12767
-115.62761,44.50601
-115.62761,44.50601
-114.4608,42.5629
-116.1375,47.5212
-116.25,47.56
-115.7052,47.4667
-112.07662,42.0927
-108.8215,42.1518
-115,43
-116.7112,46.245
-117.01765,46.41655
-117.93021,45.19228
-117.93021,45.19228
-111.49,43.9
-114.12303,45.27362
-114.12303,45.27362
-114.12303,45.27362
-114.12303,45.27362
-114.12303,45.27362
-114.12303,45.27362
-113.99626,45.44968
-113.99626,45.44968
-113.99626,45.44968
-114.59639,45.29939
-113.9853,45.4821
-113.9853,45.4821
-113.9853,45.4821
-113.9853,45.4821
-113.92222,45.55548
-113.92222,45.55548
-113.92222,45.55548
-113.92222,45.55548
-113.92222,45.55548
-113.92222,45.55548
-113.92222,45.55548
-113.92222,45.55548
-113.92222,45.55548
-113.92222,45.55548
-113.92222,45.55548
-113.92222,45.55548
-113.92222,45.55548
-113.92222,45.55548
-113.92222,45.55548
-113.92222,45.55548
-113.92222,45.55548
-113.92222,45.55548
-113.92222,45.55548
-113.92222,45.55548
-113.92222,45.55548
-114.32179,44.89933
-114.32179,44.89933
-114.32179,44.89933
-114.32179,44.89933
-114.32179,44.89933
-114.32179,44.89933
-114.32179,44.89933
-114.32179,44.89933
-114.32179,44.89933
-114.32179,44.89933
-114.32179,44.89933
-114.32179,44.89933
-114.32179,44.89933
-114.32179,44.89933
-114.32179,44.89933
-114.32179,44.89933
-114.32179,44.89933
-114.32179,44.89933
-114.32179,44.89933
-114.32179,44.89933
-114.32179,44.89933
-114.32179,44.89933
-114.32179,44.89933
-114.32179,44.89933
-114.32179,44.89933
-114.32179,44.89933
-116.99,46.73
-116.64988,46.94295
-117.01,46.73
-116.467,46.7687
-116.89372,46.91974
-117.0107,46.8142
-117.0107,46.8142
-116.9132,46.7944
-116.9132,46.7944
-116.9132,46.7944
-116.9132,46.7944
-116.9132,46.7944
-116.9132,46.7944
-116.9132,46.7944
-116.9132,46.7944
-116.9132,46.7944
-116.9132,46.7944
-116.9132,46.7944
-116.9132,46.7944
-116.9132,46.7944
-116.9132,46.7944
-116.9132,46.7944
-116.9132,46.7944
-116.9132,46.7944
-116.9132,46.7944
-116.9132,46.7944
-116.9132,46.7944
-116.9132,46.7944
-116.9132,46.7944
-116.9132,46.7944
-116.99,46.73
-116.99,46.73
-116.99,46.73
-116.99,46.73
-116.99,46.73
-116.99,46.73
-117.00016,46.73238
-116.91071,46.75488
-116.58891,46.98399
-116.58891,46.98399
-116.70831,46.54976
-116.99,46.73
-116.99,46.73
-116.76617,46.74102
-116.76617,46.74102
-116.9991,46.7325
-116.9991,46.7325
-116.9991,46.7325
-116.9991,46.7325
-116.9991,46.7325
-116.78046,47.67768
-116.78046,47.67768
-116.78046,47.67768
-116.5817,47.9652
-116.5817,47.9652
-116.5817,47.9652
-116.5817,47.9652
-116.5817,47.9652
-116.5817,47.9652
-116.75685,47.75879
-116.77719,47.83174
-116.77719,47.83174
-116.77719,47.83174
-116.77719,47.83174
-116.77719,47.83174
-116.6085,47.46546
-116.7635,47.37212
-114.57836,46.63519
-114.57836,46.63519
-114.57836,46.63519
-114.57836,46.63519
-115.8609,45.5966
-116.1183,45.638
-116.1183,45.638
-114.7167,43.5897
-114.7167,43.5897
-116.1214,45.9247
-114.45061,46.22115
-114.45061,46.22115
-115.81919,45.81658
-114.2723,45.06742
-113.9853,45.4821
-113.9853,45.4821
-113.9853,45.4821
-113.9853,45.4821
-114.9397,46.4656
-114.9397,46.4656
-111.3147,44.3908
-111.3703,44.4245
-111.3703,44.4245
-111.3703,44.4245
-111.3703,44.4245
-111.3703,44.4245
-111.3235,44.3518
-111.48294,44.59895
-111.405,44.3766
-111.6214,42.1375
-111.6214,42.1375
-111.6214,42.1375
-111.6214,42.1375
-111.87,42.09
-111.4514,42.3153
-111.87,41.91
-111.87,41.91
-111.87,41.91
-111.87,41.91
-111.87,41.91
-111.87,41.91
-111.7346,42.0988
-115.11165,43.14281
-115.12674,43.80156
-114.72119,44.37824
-115.0531,44.1794
-114.2309,44.5047
-115.027,43.9141
-116.2279,46.8365
-113.08218,42.06058
-116.68736,43.66293
-116.68736,43.66293
-116.68736,43.66293
-116.67687,43.65303
-111.3791,43.4487
-112.03,43.47
-116.57912,48.32762
-116.66465,47.37744
-116.90354,48.49047
-116.84937,48.47964
-116.84937,48.47964
-116.84937,48.47964
-116.84937,48.47964
-116.84937,48.47964
-116.84937,48.47964
-116.68769,48.00379
-116.53523,48.4116
-116.10037,43.76584
-115.44859,44.23443
-115.44859,44.23443
-112.37581,43.20213
-112.36241,43.21123
-116.37622,47.10388
-116.37622,47.10388
-116.37622,47.10388
-116.7635,47.37212
-116.7635,47.37212
-116.7635,47.37212
-116.7635,47.37212
-116.7635,47.37212
-111.31464,42.12215
-111.2969,42.3258
-111.2969,42.3258
-111.505,42.3661
-111.40348,42.52663
-111.4767,42.28798
-111.12679,42.31869
-112.20759,42.64496
-112.20759,42.64496
-112.20759,42.64496
-112.1244,42.42852
-112.1244,42.42852
-112.1244,42.42852
-112.1244,42.42852
-112.1244,42.42852
-112.44553,42.8713
-112.4469,42.91173
-105.17831,38.74665
-106.0624,39.6292
-106.24177,39.85209
-108,38
-108,38
-108,38
-108,38
-108,38
-105,40
-105,40
-105,40
-105,40
-105,40
-106.5511,40.4876
-106.5511,40.4876
-106.5511,40.4876
-106.5511,40.4876
-106.5511,40.4876
-106.86241,39.15997
-106.96754,39.08526
-105.84711,39.14688
-105.84711,39.14688
-108.51731,37.14999
-108.92232,40.488
-108.92232,40.488
-108.92232,40.488
-108.92232,40.488
-106.92643,37.84916
-107.96118,39.24053
-105.49029,40.37377
-105.16387,40.51887
-105.07,40.4
-105.49,40.39
-105.08442,40.58526
-105.08442,40.58526
-105.08442,40.58526
-105.08442,40.58526
-105.08442,40.58526
-105.08442,40.58526
-105.08442,40.58526
-105.08442,40.58526
-105.08442,40.58526
-105.3714,40.6445
-105.3714,40.6445
-105.59777,40.56109
-105.59777,40.56109
-105.59777,40.56109
-105.59777,40.56109
-105.59777,40.56109
-105.59777,40.56109
-105.59777,40.56109
-105.59777,40.56109
-105.2243,40.6913
-105.2243,40.6913
-105.2243,40.6913
-105.74124,40.71245
-105.74124,40.71245
-105.74124,40.71245
-105.55861,40.2747
-105.89251,40.52081
-106.27605,39.06665
-106.292,39.2508
-108.0389,37.2865
-108.0389,37.2865
-105.2386,39.73248
-105.2386,39.73248
-105.19109,39.65359
-106.6116,40.3841
-106.6116,40.3841
-106.6116,40.3841
-106.0298,40.52734
-106,41
-106.28363,40.73164
-106.28363,40.73164
-106.28363,40.73164
-106.28363,40.73164
-106.28363,40.73164
-106.28363,40.73164
-106.28363,40.73164
-106.28363,40.73164
-106.28363,40.73164
-106.28363,40.73164
-106.28363,40.73164
-106.28363,40.73164
-106.28363,40.73164
-106.28363,40.73164
-106.28363,40.73164
-106.28363,40.73164
-106.28363,40.73164
-106.28363,40.73164
-106.28363,40.73164
-106.28363,40.73164
-106.28363,40.73164
-106.28363,40.73164
-106.28363,40.73164
-106.28363,40.73164
-106.28363,40.73164
-106.28363,40.73164
-106.28363,40.73164
-106.28363,40.73164
-106,41
-106.6117,40.3847
-106.28363,40.73164
-106.28363,40.73164
-106.28363,40.73164
-105.20334,37.59305
-106.38252,38.43832
-107.0486,39.103
-107.07754,39.09693
-107.0824,39.0792
-106.4807,40.44014
-106.01425,40.08758
-106.01425,40.08758
-106.01425,40.08758
-106.01425,40.08758
-106.01425,40.08758
-106.01425,40.08758
-106.01425,40.08758
-106.01425,40.08758
-106.38892,40.05887
-106.38892,40.05887
-106.38892,40.05887
-106.38892,40.05887
-105.9822,40.1538
-105.58916,39.90498
-105.58916,39.90498
-105.51722,39.84998
-105.51722,39.84998
-105.51722,39.84998
-105.51722,39.84998
-105.51722,39.84998
-105.51722,39.84998
-105.51722,39.84998
-105.51722,39.84998
-105.51722,39.84998
-105.51722,39.84998
-105.51722,39.84998
-105.51722,39.84998
-105.51722,39.84998
-105.51722,39.84998
-105.51722,39.84998
-105.51722,39.84998
-105.51722,39.84998
-105.51722,39.84998
-105.51722,39.84998
-105.51722,39.84998
-105.51722,39.84998
-105.51722,39.84998
-105.51722,39.84998
-105.51722,39.84998
-105.51722,39.84998
-105.51722,39.84998
-105.51722,39.84998
-105.51722,39.84998
-105.51722,39.84998
-105.51722,39.84998
-105.51722,39.84998
-105.51722,39.84998
-105.51722,39.84998
-105.51722,39.84998
-105.51722,39.84998
-105.51722,39.84998
-105.51722,39.84998
-105.51722,39.84998
-105.51722,39.84998
-105.51722,39.84998
-105.51722,39.84998
-105.51722,39.84998
-105.51722,39.84998
-105.51722,39.84998
-105.51722,39.84998
-105.51722,39.84998
-105.57888,39.90804
-105.58916,39.90498
-105.58916,39.90498
-105.58916,39.90498
-105.58916,39.90498
-105.58916,39.90498
-105.58916,39.90498
-107.53118,39.57148
-104.89604,38.85808
-104.89604,38.85808
-104.89604,38.85808
-104.89604,38.85808
-104.89604,38.85808
-104.89604,38.85808
-104.89604,38.85808
-104.89604,38.85808
-104.89604,38.85808
-104.89604,38.85808
-104.89604,38.85808
-104.95942,38.84943
-104.95942,38.84943
-104.95942,38.84943
-104.8645,38.791
-106.3228,39.44304
-106.8281,39.6553
-106.64898,39.85751
-106.64898,39.85751
-106.64898,39.85751
-104.96538,39.43859
-104.96538,39.43859
-104.96538,39.43859
-105.11104,39.43539
-105.11104,39.43539
-105.11104,39.43539
-104.9847,39.73915
-104.9847,39.73915
-104.9847,39.73915
-107.592,38.86832
-107.592,38.86832
-105.68444,39.76137
-105.68444,39.76137
-105.68444,39.76137
-105.68444,39.76137
-105.68444,39.76137
-105.65055,39.68332
-105.65055,39.68332
-105.65055,39.68332
-105.65055,39.68332
-105.65055,39.68332
-105.65055,39.68332
-105.65055,39.68332
-105.65055,39.68332
-105.65055,39.68332
-105.65055,39.68332
-105.65055,39.68332
-105.65055,39.68332
-105.65055,39.68332
-105.65055,39.68332
-105.65055,39.68332
-105.65055,39.68332
-105.65055,39.68332
-105.65055,39.68332
-105.65055,39.68332
-105.65055,39.68332
-105.65055,39.68332
-105.65055,39.68332
-105.65055,39.68332
-105.65055,39.68332
-105.65055,39.68332
-105.65055,39.68332
-105.65055,39.68332
-105.65055,39.68332
-105.65055,39.68332
-105.65055,39.68332
-106.32558,38.49666
-105.51083,39.96137
-105.51083,39.96137
-105.51083,39.96137
-105.51083,39.96137
-105.51083,39.96137
-105.51083,39.96137
-105.51083,39.96137
-105.51083,39.96137
-105.51083,39.96137
-105.37547,40.00409
-105.50054,40.15121
-105.50054,40.15121
-105.50054,40.15121
-105.50054,40.15121
-105.50054,40.15121
-105.50054,40.15121
-105.50054,40.15121
-105.50054,40.15121
-105.50054,40.15121
-105.50054,40.15121
-105.50054,40.15121
-105.50054,40.15121
-105.50054,40.15121
-105.50054,40.15121
-105.50054,40.15121
-105.50054,40.15121
-105.50054,40.15121
-105.50054,40.15121
-105.50054,40.15121
-105.50054,40.15121
-105.50054,40.15121
-105.50054,40.15121
-105.50054,40.15121
-105.50054,40.15121
-105.50054,40.15121
-105.50054,40.15121
-105.50054,40.15121
-105.50054,40.15121
-105.50054,40.15121
-105.50054,40.15121
-105.50054,40.15121
-105.50054,40.15121
-105.50054,40.15121
-105.50054,40.15121
-105.50054,40.15121
-105.50054,40.15121
-105.50054,40.15121
-105.50054,40.15121
-105.50054,40.15121
-105.50054,40.15121
-105.50054,40.15121
-105.50054,40.15121
-105.50054,40.15121
-105.50054,40.15121
-105.50054,40.15121
-105.50054,40.15121
-105.50054,40.15121
-105.50054,40.15121
-105.50054,40.15121
-105.50054,40.15121
-105.50054,40.15121
-105.50054,40.15121
-105.50054,40.15121
-105.50054,40.15121
-105.50054,40.15121
-105.50054,40.15121
-105.50054,40.15121
-105.50054,40.15121
-105.50054,40.15121
-105.50054,40.15121
-105.50054,40.15121
-105.50054,40.15121
-105.50054,40.15121
-105.50054,40.15121
-105.50054,40.15121
-105.50054,40.15121
-105.50054,40.15121
-105.50054,40.15121
-105.50054,40.15121
-105.50054,40.15121
-105.50054,40.15121
-105.50054,40.15121
-105.50054,40.15121
-105.50054,40.15121
-105.50054,40.15121
-105.50054,40.15121
-105.50054,40.15121
-105.50054,40.15121
-105.50054,40.15121
-105.50054,40.15121
-105.50054,40.15121
-105.50054,40.15121
-105.50054,40.15121
-105.50054,40.15121
-105.50054,40.15121
-105.50054,40.15121
-105.50054,40.15121
-105.50054,40.15121
-105.50054,40.15121
-105.50054,40.15121
-105.50054,40.15121
-105.50054,40.15121
-105.50054,40.15121
-105.50054,40.15121
-105.50054,40.15121
-105.50054,40.15121
-105.50054,40.15121
-105.50054,40.15121
-105.50054,40.15121
-105.50054,40.15121
-105.50054,40.15121
-105.50054,40.15121
-105.50054,40.15121
-105.50054,40.15121
-105.50054,40.15121
-105.50054,40.15121
-105.50054,40.15121
-105.50054,40.15121
-105.50054,40.15121
-105.50054,40.15121
-105.50054,40.15121
-105.50054,40.15121
-105.50054,40.15121
-105.50054,40.15121
-105.50054,40.15121
-105.50054,40.15121
-105.50054,40.15121
-105.50054,40.15121
-105.50054,40.15121
-105.50054,40.15121
-105.50054,40.15121
-105.50054,40.15121
-105.50054,40.15121
-105.50054,40.15121
-105.50054,40.15121
-105.50054,40.15121
-105.50054,40.15121
-105.50054,40.15121
-105.50054,40.15121
-105.50054,40.15121
-105.50054,40.15121
-105.50054,40.15121
-105.50054,40.15121
-105.50054,40.15121
-105.50054,40.15121
-105.50054,40.15121
-105.50054,40.15121
-105.50054,40.15121
-105.50054,40.15121
-105.50054,40.15121
-105.50054,40.15121
-105.50054,40.15121
-105.50054,40.15121
-105.50054,40.15121
-105.50054,40.15121
-105.50054,40.15121
-105.50054,40.15121
-105.50054,40.15121
-105.50054,40.15121
-105.50054,40.15121
-105.50054,40.15121
-105.50054,40.15121
-105.50054,40.15121
-105.50054,40.15121
-105.50054,40.15121
-105.50054,40.15121
-105.50054,40.15121
-105.50054,40.15121
-105.50054,40.15121
-105.50054,40.15121
-105.50054,40.15121
-105.50054,40.15121
-105.50054,40.15121
-105.50054,40.15121
-105.50054,40.15121
-105.50054,40.15121
-105.50054,40.15121
-105.50054,40.15121
-105.50054,40.15121
-105.50054,40.15121
-105.50054,40.15121
-105.50054,40.15121
-105.50054,40.15121
-105.50054,40.15121
-105.50054,40.15121
-105.50054,40.15121
-105.50054,40.15121
-105.50054,40.15121
-105.50054,40.15121
-105.50054,40.15121
-105.50054,40.15121
-105.50054,40.15121
-105.50054,40.15121
-105.50054,40.15121
-105.50054,40.15121
-105.50054,40.15121
-105.50054,40.15121
-105.50054,40.15121
-105.50054,40.15121
-105.50054,40.15121
-105.50054,40.15121
-105.50054,40.15121
-105.50054,40.15121
-105.50054,40.15121
-105.50054,40.15121
-105.50054,40.15121
-105.50054,40.15121
-105.50054,40.15121
-105.50054,40.15121
-105.50054,40.15121
-105.50054,40.15121
-105.50054,40.15121
-105.50054,40.15121
-105.50054,40.15121
-105.50054,40.15121
-105.50054,40.15121
-105.50054,40.15121
-105.50054,40.15121
-105.50054,40.15121
-105.50054,40.15121
-105.50054,40.15121
-105.50054,40.15121
-105.50054,40.15121
-105.50054,40.15121
-105.50054,40.15121
-105.50054,40.15121
-105.50054,40.15121
-105.50054,40.15121
-105.50054,40.15121
-105.50054,40.15121
-105.50054,40.15121
-105.50054,40.15121
-105.50054,40.15121
-105.50054,40.15121
-105.50054,40.15121
-105.50054,40.15121
-105.50054,40.15121
-105.50054,40.15121
-105.50054,40.15121
-105.50054,40.15121
-105.50054,40.15121
-105.50054,40.15121
-105.50054,40.15121
-105.50054,40.15121
-105.50054,40.15121
-105.50054,40.15121
-105.50054,40.15121
-105.50054,40.15121
-105.50054,40.15121
-105.50054,40.15121
-105.50054,40.15121
-105.50054,40.15121
-105.50054,40.15121
-105.50054,40.15121
-105.50054,40.15121
-105.50054,40.15121
-105.50054,40.15121
-105.50054,40.15121
-105.50054,40.15121
-105.50054,40.15121
-105.50054,40.15121
-105.50054,40.15121
-105.50054,40.15121
-105.50054,40.15121
-105.50054,40.15121
-105.50054,40.15121
-105.50054,40.15121
-105.50054,40.15121
-105.50054,40.15121
-105.50054,40.15121
-105.50054,40.15121
-105.50054,40.15121
-105.50054,40.15121
-105.50054,40.15121
-105.50054,40.15121
-105.50054,40.15121
-105.27054,40.01498
-107.00976,37.26945
-106.84319,37.26581
-106.84319,37.26581
-106.84319,37.26581
-122.0955,38.513
-121.7387,38.5446
-121.7347,38.5528
-119.8785,37.974
-122.70874,41.06135
-123.15392,40.92541
-123,41
-122.7803,41.10097
-122.7803,41.10097
-122.7803,41.10097
-123.33282,41.05596
-123,41
-123.44421,40.8693
-123,41
-123,41
-122.70724,41.11264
-122.70724,41.11264
-122.70724,41.11264
-122.70724,41.11264
-122.70724,41.11264
-122.70724,41.11264
-122.70724,41.11264
-122.70724,41.11264
-123.4909,40.2056
-122.61946,41.00903
-122.6778,41.27986
-124,41
-122.7044,41.20978
-122.7044,41.20978
-123.544,40.76716
-123.544,40.76716
-123.544,40.76716
-123.544,40.76716
-123.544,40.76716
-123.544,40.76716
-123.544,40.76716
-123.544,40.76716
-123.544,40.76716
-123.544,40.76716
-122.7056,41.0612
-122.6778,41.27986
-123.4193,40.4841
-122.89,40.86
-123.3253,40.3732
-123.3253,40.3732
-122.89392,40.81425
-121.59498,40.34765
-122.63665,38.2324
-123.12639,38.44658
-123.09889,38.40519
-123.09889,38.40519
-123.09889,38.40519
-123.09889,38.40519
-123.09889,38.40519
-123.09889,38.40519
-123.09889,38.40519
-123.09889,38.40519
-123.09889,38.40519
-123.09889,38.40519
-123.09889,38.40519
-123.11471,38.43443
-123.04805,38.33325
-123.04805,38.33325
-123.04805,38.33325
-123.04805,38.33325
-123.04805,38.33325
-123.04805,38.33325
-123.04805,38.33325
-123.04805,38.33325
-123.04805,38.33325
-123.04805,38.33325
-123.04805,38.33325
-123.04805,38.33325
-123.04805,38.33325
-123.04805,38.33325
-123.04805,38.33325
-122.45192,38.12103
-122.45192,38.12103
-122.51131,38.33128
-122.51131,38.33128
-122.51131,38.33128
-122.51131,38.33128
-122.51131,38.33128
-122.51131,38.33128
-122.51131,38.33128
-122.51131,38.33128
-122.51131,38.33128
-122.51131,38.33128
-122.51131,38.33128
-122.51131,38.33128
-122.51131,38.33128
-122.51131,38.33128
-122.51131,38.33128
-122.51131,38.33128
-122.51131,38.33128
-122.51131,38.33128
-122.51131,38.33128
-122.51131,38.33128
-122.51131,38.33128
-122.51131,38.33128
-122.51131,38.33128
-122.51131,38.33128
-122.51131,38.33128
-122.51131,38.33128
-122.51131,38.33128
-122.51131,38.33128
-122.51131,38.33128
-122.51131,38.33128
-122.51131,38.33128
-122.51131,38.33128
-122.51131,38.33128
-122.51131,38.33128
-122.51131,38.33128
-122.458,38.2937
-122.458,38.2937
-122.458,38.2937
-123.11555,38.44963
-123.11555,38.44963
-123.11555,38.44963
-123.11555,38.44963
-123.05567,38.31903
-123.1,38.41
-123.1,38.41
-123.11305,38.4213
-122.57499,38.20602
-121.93468,38.13687
-121.82397,38.29296
-121.82397,38.29296
-121.98774,38.35657
-122.00043,38.20727
-122.00043,38.20727
-122.21593,41.35005
-122.21593,41.35005
-122.32065,41.32153
-122.32065,41.32153
-122.32065,41.32153
-121.8083,41.2459
-122.21209,41.32847
-122.96836,41.36125
-122.96836,41.36125
-122.68472,41.94718
-122.68472,41.94718
-122.94229,41.99384
-122.94229,41.99384
-122.94229,41.99384
-122.94229,41.99384
-122.6574,41.41982
-122.74699,41.99446
-122.74699,41.99446
-122.74699,41.99446
-122.74699,41.99446
-122.74699,41.99446
-122.74699,41.99446
-122.74699,41.99446
-122.74699,41.99446
-122.74699,41.99446
-122.74699,41.99446
-122.74699,41.99446
-122.74699,41.99446
-122.89475,41.4568
-122.00528,41.82681
-122.195,41.40932
-122.195,41.40932
-122.195,41.40932
-122.195,41.40932
-122.195,41.40932
-122.195,41.40932
-122.195,41.40932
-122.195,41.40932
-122.195,41.40932
-122.195,41.40932
-122.195,41.40932
-122.195,41.40932
-122.195,41.40932
-122.195,41.40932
-122.195,41.40932
-122.195,41.40932
-122.195,41.40932
-122.195,41.40932
-122.195,41.40932
-122.195,41.40932
-122.195,41.40932
-122.195,41.40932
-122.195,41.40932
-122.195,41.40932
-123.37995,41.38219
-123.28566,41.2999
-123.28566,41.2999
-123.28566,41.2999
-123.28566,41.2999
-123.06333,41.20573
-122.69986,40.98373
-122.611,41.96343
-122.611,41.96343
-122.611,41.96343
-122.611,41.96343
-121.94055,41.25543
-121.94055,41.25543
-121.94055,41.25543
-121.94055,41.25543
-122.31056,41.30987
-122.31056,41.30987
-122.31056,41.30987
-122.31056,41.30987
-122.31056,41.30987
-122.31056,41.30987
-122.80141,41.30958
-123.37053,41.64791
-122.583,41.4939
-122.583,41.4939
-122.3289,41.26098
-121.94051,41.25498
-121.94051,41.25498
-122.31056,41.30987
-122.31056,41.30987
-122.31056,41.30987
-122.31056,41.30987
-122.31056,41.30987
-122.31056,41.30987
-122.31056,41.30987
-122.31056,41.30987
-122.31056,41.30987
-122.31056,41.30987
-122.31056,41.30987
-122.31056,41.30987
-122.31056,41.30987
-122.31056,41.30987
-122.31056,41.30987
-122.31056,41.30987
-122.31056,41.30987
-122.31056,41.30987
-122.31056,41.30987
-122.31056,41.30987
-122.31056,41.30987
-122.31056,41.30987
-122.31056,41.30987
-122.31056,41.30987
-122.31056,41.30987
-122.31056,41.30987
-122.31056,41.30987
-122.31056,41.30987
-122.31056,41.30987
-123.34117,41.3818
-123.34117,41.3818
-123.34117,41.3818
-123.34117,41.3818
-123.34117,41.3818
-123.34117,41.3818
-123.34117,41.3818
-123.34117,41.3818
-122.20295,41.36485
-122.20295,41.36485
-120.85,39.6
-120.85,39.6
-120.49,39.62
-120.6558,39.6798
-121.65276,41.01071
-121.65276,41.01071
-121.7767,40.5177
-121.7767,40.5177
-121.6778,40.5198
-121.6778,40.5198
-121.6778,40.5198
-121.51359,40.83043
-121.56235,40.53531
-121.56235,40.53531
-122.7279,40.6368
-122.7279,40.6368
-122.7279,40.6368
-122.08528,37.08917
-122.05619,36.94974
-122.05619,36.94974
-122.05619,36.94974
-122.05619,36.94974
-122.03,36.9742
-122.03,36.9742
-122.03,36.9742
-122.03,36.9742
-122.03,36.9742
-122.05212,36.97904
-122.05212,36.97904
-122.05212,36.97904
-122.05212,36.97904
-121.91886,37.53704
-122.14287,37.39603
-122.14287,37.39603
-122.14287,37.39603
-122.14287,37.39603
-122.14287,37.39603
-122.14287,37.39603
-122.14287,37.39603
-122.14287,37.39603
-122.14287,37.39603
-122.14287,37.39603
-122.14287,37.39603
-122.14287,37.39603
-122.14287,37.39603
-122.14287,37.39603
-122.14287,37.39603
-122.14287,37.39603
-122.14287,37.39603
-122.14287,37.39603
-122.14287,37.39603
-122.16893,37.43279
-122.16893,37.43279
-122.16893,37.43279
-122.16893,37.43279
-122.16893,37.43279
-122.16893,37.43279
-122.16893,37.43279
-122.16893,37.43279
-122.16893,37.43279
-122.16893,37.43279
-122.16893,37.43279
-122.16893,37.43279
-122.16893,37.43279
-122.16893,37.43279
-122.16893,37.43279
-122.16893,37.43279
-122.16893,37.43279
-122.16893,37.43279
-122.16893,37.43279
-122.16893,37.43279
-122.16893,37.43279
-122.16893,37.43279
-122.16893,37.43279
-122.16893,37.43279
-122.16893,37.43279
-122.16893,37.43279
-122.16893,37.43279
-122.16893,37.43279
-122.16893,37.43279
-122.16893,37.43279
-122.16893,37.43279
-122.16893,37.43279
-122.16893,37.43279
-122.16893,37.43279
-122.16893,37.43279
-122.16893,37.43279
-122.16893,37.43279
-122.16893,37.43279
-122.16893,37.43279
-122.16893,37.43279
-122.16893,37.43279
-122.16893,37.43279
-122.16893,37.43279
-122.16893,37.43279
-122.16893,37.43279
-122.16893,37.43279
-122.16893,37.43279
-122.16893,37.43279
-122.16893,37.43279
-122.16893,37.43279
-122.16893,37.43279
-122.16893,37.43279
-122.16893,37.43279
-122.16893,37.43279
-122.16893,37.43279
-122.16893,37.43279
-122.16893,37.43279
-122.16893,37.43279
-122.16893,37.43279
-122.16893,37.43279
-122.16893,37.43279
-122.16893,37.43279
-122.16893,37.43279
-122.16893,37.43279
-122.16893,37.43279
-122.16893,37.43279
-122.16893,37.43279
-122.16893,37.43279
-122.16893,37.43279
-122.16893,37.43279
-122.16893,37.43279
-122.16893,37.43279
-122.16893,37.43279
-122.16893,37.43279
-122.16893,37.43279
-122.16893,37.43279
-122.16893,37.43279
-122.16893,37.43279
-122.16893,37.43279
-122.16893,37.43279
-122.16893,37.43279
-122.16893,37.43279
-122.16893,37.43279
-122.16893,37.43279
-122.16893,37.43279
-122.16893,37.43279
-122.16893,37.43279
-122.16893,37.43279
-122.16893,37.43279
-122.16893,37.43279
-122.16893,37.43279
-122.16893,37.43279
-122.16893,37.43279
-122.16893,37.43279
-122.16893,37.43279
-122.16893,37.43279
-122.16893,37.43279
-122.16893,37.43279
-122.16893,37.43279
-122.16893,37.43279
-122.16893,37.43279
-122.16893,37.43279
-122.16893,37.43279
-122.16893,37.43279
-122.16893,37.43279
-122.16893,37.43279
-122.16893,37.43279
-122.16893,37.43279
-122.16893,37.43279
-122.16893,37.43279
-122.16893,37.43279
-122.16893,37.43279
-122.16893,37.43279
-122.16893,37.43279
-122.16893,37.43279
-122.16893,37.43279
-122.16893,37.43279
-122.16893,37.43279
-122.16893,37.43279
-122.1698,37.4274
-122.1698,37.4274
-122.1698,37.4274
-122.1698,37.4274
-122.1698,37.4274
-122.1698,37.4274
-122.1698,37.4274
-122.1698,37.4274
-122.1698,37.4274
-122.1698,37.4274
-122.1698,37.4274
-122.1698,37.4274
-122.1698,37.4274
-122.1698,37.4274
-122.1698,37.4274
-122.1698,37.4274
-122.1698,37.4274
-122.1698,37.4274
-122.1698,37.4274
-122.1698,37.4274
-122.1698,37.4274
-122.1698,37.4274
-122.1698,37.4274
-122.1698,37.4274
-122.1698,37.4274
-122.1698,37.4274
-122.1698,37.4274
-122.1698,37.4274
-122.1698,37.4274
-121.8106,37.3789
-121.8736,37.316
-121.8736,37.316
-121.8736,37.316
-121.7997,37.3996
-122.14287,37.39603
-121.89494,37.33939
-121.89494,37.33939
-121.89494,37.33939
-121.89494,37.33939
-122.459,37.64925
-122.32552,37.56299
-122.32552,37.56299
-122.32552,37.56299
-122.32552,37.56299
-122.32552,37.56299
-122.32552,37.56299
-122.32552,37.56299
-122.32552,37.56299
-122.32552,37.56299
-122.32552,37.56299
-122.32552,37.56299
-122.32552,37.56299
-122.32552,37.56299
-122.32552,37.56299
-122.32552,37.56299
-122.32552,37.56299
-122.32552,37.56299
-122.32552,37.56299
-122.32552,37.56299
-122.32552,37.56299
-122.38719,37.59854
-122.23635,37.48521
-122.23635,37.48521
-122.38136,37.25494
-122.38136,37.25494
-122.46191,37.70576
-122.46191,37.70576
-122.42858,37.46355
-122.42858,37.46355
-122.36608,37.5841
-122.36608,37.5841
-122.36608,37.5841
-122.36608,37.5841
-122.36608,37.5841
-122.36608,37.5841
-122.36608,37.5841
-122.36608,37.5841
-122.36608,37.5841
-122.36608,37.5841
-122.36608,37.5841
-122.1399,37.4599
-122.38719,37.59854
-122.38719,37.59854
-122.38719,37.59854
-122.38719,37.59854
-122.38719,37.59854
-122.38719,37.59854
-122.38719,37.59854
-122.38719,37.59854
-122.47794,37.61114
-122.47794,37.61114
-121.48716,37.65631
-122.46997,37.76826
-122.46997,37.76826
-122.46997,37.76826
-122.46997,37.76826
-122.46997,37.76826
-122.46997,37.76826
-122.46997,37.76826
-122.46997,37.76826
-122.46997,37.76826
-122.46997,37.76826
-122.46997,37.76826
-122.46997,37.76826
-122.41833,37.775
-122.41833,37.775
-122.41833,37.775
-122.41833,37.775
-122.41833,37.775
-122.41833,37.775
-122.41833,37.775
-122.41833,37.775
-122.41833,37.775
-122.41833,37.775
-122.41833,37.775
-122.41833,37.775
-122.41833,37.775
-122.41833,37.775
-122.41833,37.775
-122.41833,37.775
-122.41833,37.775
-122.41833,37.775
-122.41833,37.775
-122.41833,37.775
-122.41833,37.775
-122.41833,37.775
-122.41833,37.775
-122.41833,37.775
-122.41833,37.775
-122.41833,37.775
-122.41833,37.775
-122.41833,37.775
-122.46997,37.76826
-122.46997,37.76826
-122.46997,37.76826
-122.46997,37.76826
-122.46997,37.76826
-122.46997,37.76826
-122.46997,37.76826
-122.46997,37.76826
-122.46997,37.76826
-122.46997,37.76826
-122.46997,37.76826
-122.46997,37.76826
-122.46997,37.76826
-122.46997,37.76826
-122.46997,37.76826
-122.46997,37.76826
-122.46997,37.76826
-122.46997,37.76826
-122.46997,37.76826
-122.44774,37.75159
-122.48858,37.73604
-122.41941,37.77493
-122.41941,37.77493
-122.41941,37.77493
-122.4608,37.78826
-122.4608,37.78826
-122.4608,37.78826
-122.4608,37.78826
-122.4608,37.78826
-122.4608,37.78826
-122.4608,37.78826
-122.49015,37.71294
-122.49015,37.71294
-122.49015,37.71294
-122.49015,37.71294
-122.49015,37.71294
-122.49015,37.71294
-122.49015,37.71294
-122.49015,37.71294
-122.49015,37.71294
-122.49015,37.71294
-122.49015,37.71294
-122.49015,37.71294
-122.49015,37.71294
-122.49015,37.71294
-122.49015,37.71294
-122.49015,37.71294
-122.49015,37.71294
-122.49015,37.71294
-122.41941,37.77493
-122.48024,37.76909
-122.48024,37.76909
-122.48024,37.76909
-122.48024,37.76909
-122.48024,37.76909
-122.48024,37.76909
-122.48024,37.76909
-122.48024,37.76909
-122.48024,37.76909
-122.48024,37.76909
-122.48024,37.76909
-122.48024,37.76909
-122.48024,37.76909
-122.48024,37.76909
-122.48024,37.76909
-122.48024,37.76909
-122.48024,37.76909
-122.48024,37.76909
-122.48024,37.76909
-122.48024,37.76909
-122.48024,37.76909
-122.48024,37.76909
-122.48024,37.76909
-122.48024,37.76909
-122.48024,37.76909
-122.48024,37.76909
-122.48024,37.76909
-122.48024,37.76909
-122.48024,37.76909
-122.48024,37.76909
-122.48024,37.76909
-122.48024,37.76909
-122.48024,37.76909
-122.48024,37.76909
-122.48024,37.76909
-122.48024,37.76909
-122.48024,37.76909
-122.48024,37.76909
-122.48024,37.76909
-122.48024,37.76909
-122.48024,37.76909
-122.48024,37.76909
-122.48024,37.76909
-122.48024,37.76909
-122.48024,37.76909
-122.48024,37.76909
-122.48024,37.76909
-122.48024,37.76909
-122.48024,37.76909
-122.48024,37.76909
-122.48024,37.76909
-122.48024,37.76909
-122.48024,37.76909
-122.48024,37.76909
-122.48024,37.76909
-122.41941,37.77493
-122.41941,37.77493
-122.41941,37.77493
-122.41941,37.77493
-122.41941,37.77493
-122.48719,37.73576
-120.94717,39.93683
-120.94717,39.93683
-120.94717,39.93683
-121.06074,39.91514
-121.06074,39.91514
-121.06074,39.91514
-120.94611,39.93694
-120.94611,39.93694
-120.94611,39.93694
-120.94611,39.93694
-121.0173,39.945
-121.0173,39.945
-121.0173,39.945
-121.0173,39.945
-121.0173,39.945
-121.0173,39.945
-121.0173,39.945
-121.0173,39.945
-121.0173,39.945
-121.05972,39.92972
-121.05972,39.92972
-121.16135,40.25266
-121.02235,39.93749
-121.02235,39.93749
-121.02235,39.93749
-121.02235,39.93749
-121.02235,39.93749
-121.02235,39.93749
-121.02235,39.93749
-121.02235,39.93749
-121.02235,39.93749
-121.02235,39.93749
-121.02235,39.93749
-121.02235,39.93749
-120.97715,39.71449
-120.97715,39.71449
-120.97715,39.71449
-120.97715,39.71449
-120.95106,40.13961
-120.95106,40.13961
-121.06074,39.91514
-121.06074,39.91514
-121.06074,39.91514
-121.06074,39.91514
-120.80245,39.91344
-120.83864,40.07525
-120.69549,39.76073
-120.98412,39.68211
-121.19028,39.88667
-121.19028,39.88667
-121.19028,39.88667
-121.02235,39.93749
-121.02235,39.93749
-120.4691,39.81045
-120.61862,39.77727
-121.07659,39.68283
-120.85526,39.10104
-120.09306,39.38611
-120.09306,39.38611
-120.09306,39.38611
-120.98064,39.29111
-120.32048,39.41323
-122.5208,38.18741
-122.5208,38.18741
-122.5208,38.18741
-122.5208,38.18741
-122.5208,38.18741
-122.5208,38.18741
-122.5208,38.18741
-122.5208,38.18741
-122.5208,38.18741
-122.5208,38.18741
-122.5208,38.18741
-122.5208,38.18741
-122.5208,38.18741
-122.5208,38.18741
-122.5208,38.18741
-122.5208,38.18741
-122.5208,38.18741
-122.5208,38.18741
-122.5208,38.18741
-122.5208,38.18741
-122.5208,38.18741
-122.5208,38.18741
-122.5208,38.18741
-122.5208,38.18741
-122.5208,38.18741
-122.5208,38.18741
-122.5208,38.18741
-122.5208,38.18741
-122.5208,38.18741
-122.5208,38.18741
-122.5208,38.18741
-122.5208,38.18741
-122.5208,38.18741
-122.5208,38.18741
-122.5208,38.18741
-122.5208,38.18741
-122.5208,38.18741
-122.5208,38.18741
-122.5208,38.18741
-122.5208,38.18741
-122.5208,38.18741
-122.5208,38.18741
-122.5208,38.18741
-122.5208,38.18741
-122.5208,38.18741
-122.5208,38.18741
-122.5208,38.18741
-122.5208,38.18741
-122.5208,38.18741
-122.5208,38.18741
-122.5208,38.18741
-122.5208,38.18741
-122.5208,38.18741
-122.5208,38.18741
-122.5208,38.18741
-122.5208,38.18741
-122.5208,38.18741
-122.5208,38.18741
-122.5208,38.18741
-122.5797,38.57876
-121.2779,36.3269
-121.73244,36.47968
-121.64613,36.62509
-121.64613,36.62509
-121.64613,36.62509
-121.6537,36.67727
-121.6537,36.67727
-121.22446,35.98596
-121.12358,41.55183
-120.2938,41.5612
-120.54153,41.7933
-120.37189,41.73322
-120.37189,41.73322
-123.69245,38.94003
-123.69245,38.94003
-123.69245,38.94003
-123.69245,38.94003
-123.69245,38.94003
-123.6462,39.7301
-123.63196,39.8332
-123.7589,39.5296
-123.6462,39.7301
-123.6462,39.7301
-123.6462,39.7301
-123.57871,39.15902
-123.71601,39.86541
-123.37972,39.47639
-123.37972,39.47639
-123.6462,39.7301
-123.6462,39.7301
-123.6462,39.7301
-123.6462,39.7301
-123.35556,39.4096
-123.35556,39.4096
-122.96229,38.07874
-122.5125,37.82916
-122.5125,37.82916
-122.5125,37.82916
-122.5125,37.82916
-122.78804,38.04076
-121.17722,39.7
-121.17722,39.7
-121.17722,39.7
-121.17722,39.7
-121.17722,39.7
-121.17722,39.7
-121.17722,39.7
-121.17722,39.7
-121.17722,39.7
-122.86691,38.13025
-122.77022,38.04617
-122.77022,38.04617
-122.77022,38.04617
-122.72514,38.08587
-122.88443,38.06659
-122.88443,38.06659
-122.88443,38.06659
-122.88443,38.06659
-122.88443,38.06659
-122.88443,38.06659
-122.5697,38.10741
-122.69859,38.06158
-122.69859,38.06158
-122.69859,38.06158
-122.69859,38.06158
-122.7633,38.0834
-122.7633,38.0834
-122.7633,38.0834
-122.7633,38.0834
-122.7633,38.0834
-122.7633,38.0834
-122.7633,38.0834
-122.7633,38.0834
-122.7633,38.0834
-122.7633,38.0834
-122.7633,38.0834
-122.7633,38.0834
-122.7633,38.0834
-122.7633,38.0834
-122.7633,38.0834
-122.7633,38.0834
-122.7633,38.0834
-122.7633,38.0834
-122.7633,38.0834
-122.7633,38.0834
-122.7633,38.0834
-122.7633,38.0834
-122.7633,38.0834
-122.7633,38.0834
-122.7633,38.0834
-122.7633,38.0834
-122.7633,38.0834
-122.7633,38.0834
-122.7633,38.0834
-122.7633,38.0834
-122.7633,38.0834
-122.7633,38.0834
-122.7633,38.0834
-122.7633,38.0834
-122.7633,38.0834
-122.7633,38.0834
-122.7633,38.0834
-122.7633,38.0834
-122.7633,38.0834
-122.7633,38.0834
-122.7633,38.0834
-122.7633,38.0834
-122.7633,38.0834
-122.7633,38.0834
-122.7633,38.0834
-122.7633,38.0834
-122.7633,38.0834
-122.7633,38.0834
-122.7633,38.0834
-122.7633,38.0834
-122.7633,38.0834
-122.7633,38.0834
-122.7633,38.0834
-122.7633,38.0834
-122.7633,38.0834
-122.7633,38.0834
-122.7633,38.0834
-122.7633,38.0834
-122.7633,38.0834
-122.7633,38.0834
-122.7633,38.0834
-122.7633,38.0834
-122.7633,38.0834
-122.7633,38.0834
-122.7633,38.0834
-122.7633,38.0834
-122.7633,38.0834
-122.7633,38.0834
-122.7633,38.0834
-122.7633,38.0834
-122.7633,38.0834
-122.7633,38.0834
-122.7633,38.0834
-122.7633,38.0834
-122.7633,38.0834
-122.7633,38.0834
-122.7633,38.0834
-122.7633,38.0834
-122.7633,38.0834
-122.7633,38.0834
-122.7633,38.0834
-122.7633,38.0834
-122.7633,38.0834
-122.7633,38.0834
-122.7633,38.0834
-122.7633,38.0834
-122.7633,38.0834
-122.7633,38.0834
-122.7633,38.0834
-122.53,37.9736
-122.95388,38.08631
-122.95388,38.08631
-122.95388,38.08631
-122.95388,38.08631
-122.95388,38.08631
-122.95388,38.08631
-122.95388,38.08631
-122.54389,37.90611
-122.4861,37.8333
-122.72514,38.08587
-122.72514,38.08587
-122.90548,38.14756
-122.68637,37.90937
-120.91389,40.61917
-121.0928,40.494
-121.0928,40.494
-121.09274,40.49211
-121.46581,40.50877
-121.46581,40.50877
-120.95801,40.48044
-120.95801,40.48044
-120.95801,40.48044
-120.95801,40.48044
-120.95801,40.48044
-120.95801,40.48044
-120.95801,40.48044
-120.95801,40.48044
-120.95801,40.48044
-120.95801,40.48044
-120.95801,40.48044
-120.95801,40.48044
-120.95801,40.48044
-120.95801,40.48044
-120.95801,40.48044
-120.95801,40.48044
-120.95779,40.48275
-120.95779,40.48275
-120.95779,40.48275
-120.95779,40.48275
-120.95779,40.48275
-120.95779,40.48275
-120.95779,40.48275
-120.95779,40.48275
-120.35848,40.63692
-120.35848,40.63692
-120.35848,40.63692
-120.35848,40.63692
-120.35848,40.63692
-120.35848,40.63692
-120.35848,40.63692
-120.35848,40.63692
-120.35848,40.63692
-120.35848,40.63692
-121.31952,40.55149
-122.74054,38.8074
-123.01221,39.171
-123.9217,40.3218
-124.00567,40.5687
-124.16367,40.80207
-124.16367,40.80207
-123.82437,40.23451
-123.82437,40.23451
-123.87069,40.01788
-123.87069,40.01788
-123.87069,40.01788
-124.16229,40.8373
-124.16229,40.8373
-124.16229,40.8373
-124.1625,40.8023
-124.1625,40.8023
-124.1625,40.8023
-124.1625,40.8023
-124.1625,40.8023
-124.1625,40.8023
-124.1625,40.8023
-124.1625,40.8023
-124.1034,40.4951
-124.1034,40.4951
-124.1034,40.4951
-124.1034,40.4951
-124.1034,40.4951
-124.1034,40.4951
-124.1034,40.4951
-124.1034,40.4951
-124.05979,41.28678
-123.82465,40.11374
-123.82465,40.11374
-123.82465,40.11374
-124.18617,40.77505
-124.18617,40.77505
-124.18617,40.77505
-124.18617,40.77505
-124.18617,40.77505
-124.18617,40.77505
-124.1769,40.82494
-124,41
-124,41
-123.79391,40.04225
-124.07771,40.98468
-123.54117,41.30151
-123.79248,40.14321
-124.18636,40.81861
-124.18636,40.81861
-124.18636,40.81861
-124.18636,40.81861
-124.18636,40.81861
-124.18636,40.81861
-124.18636,40.81861
-124.1846,40.8277
-124.1846,40.8277
-124.1846,40.8277
-124.1846,40.8277
-124.1846,40.8277
-124.1846,40.8277
-123.70467,41.18664
-123.70467,41.18664
-123.70467,41.18664
-123.70467,41.18664
-123.70467,41.18664
-123.70467,41.18664
-124.1101,40.8955
-124.1101,40.8955
-124.1101,40.8955
-124.1101,40.8955
-124.1101,40.8955
-124.1101,40.8955
-124.1101,40.8955
-124.1101,40.8955
-124.1101,40.8955
-124.1101,40.8955
-124.1101,40.8955
-124.1101,40.8955
-124.1101,40.8955
-124.1101,40.8955
-124.1101,40.8955
-124.1101,40.8955
-124.1101,40.8955
-124.1101,40.8955
-124.1101,40.8955
-124.1101,40.8955
-124.1101,40.8955
-124.1101,40.8955
-124.1101,40.8955
-124.1101,40.8955
-124.1101,40.8955
-124.1101,40.8955
-124.1101,40.8955
-124.1101,40.8955
-124.1101,40.8955
-124.1101,40.8955
-124.1101,40.8955
-124.1101,40.8955
-124.1101,40.8955
-124.1101,40.8955
-124.1101,40.8955
-124.1101,40.8955
-124.1101,40.8955
-124.1101,40.8955
-124.1101,40.8955
-124.1101,40.8955
-124.1101,40.8955
-124,41
-124.16228,40.85179
-124.16228,40.85179
-124.16228,40.85179
-123.67422,41.0504
-123.67422,41.0504
-123.67422,41.0504
-123.67422,41.0504
-123.67422,41.0504
-123.67422,41.0504
-123.67422,41.0504
-124.0828,40.8665
-124.0828,40.8665
-124.0828,40.8665
-124.0828,40.8665
-124.0828,40.8665
-124.0828,40.8665
-124.0828,40.8665
-123.8747,40.26484
-123.8747,40.26484
-123.8747,40.26484
-123.8747,40.26484
-123.8747,40.26484
-123.8747,40.26484
-123.5393,41.302
-123.5393,41.302
-123.8703,40.2662
-124,41
-124,41
-124,41
-123.93431,40.33186
-123.93431,40.33186
-124.08167,40.86667
-118.53343,36.84965
-118.53343,36.84965
-118.53343,36.84965
-118.53343,36.84965
-119.01555,36.69527
-120.06268,38.92157
-120.56124,38.90308
-120.56124,38.90308
-120.04433,38.83448
-121.01409,38.83468
-120.09879,38.90601
-120.2545,38.93713
-120.2545,38.93713
-120.56127,38.90382
-120.56127,38.90382
-124.0077,41.7675
-124.02281,41.51115
-123.53245,41.9803
-124.14694,41.92805
-121.9147,37.8814
-121.80578,38.00492
-121.80578,38.00492
-121.80578,38.00492
-121.80578,38.00492
-121.80578,38.00492
-121.80578,38.00492
-121.80578,38.00492
-121.80578,38.00492
-121.80578,38.00492
-121.80578,38.00492
-121.80578,38.00492
-121.80578,38.00492
-121.80578,38.00492
-121.80578,38.00492
-121.80578,38.00492
-121.80578,38.00492
-121.80578,38.00492
-121.80578,38.00492
-121.80578,38.00492
-121.80578,38.00492
-121.80578,38.00492
-121.80578,38.00492
-121.80578,38.00492
-121.80578,38.00492
-121.80578,38.00492
-121.80578,38.00492
-121.80578,38.00492
-121.80578,38.00492
-121.80578,38.00492
-121.80578,38.00492
-121.80578,38.00492
-121.80578,38.00492
-121.80578,38.00492
-121.80578,38.00492
-121.80578,38.00492
-121.80578,38.00492
-121.80578,38.00492
-121.80578,38.00492
-121.80578,38.00492
-121.80578,38.00492
-121.80578,38.00492
-122.06831,37.96893
-122.06496,37.90631
-122.06496,37.90631
-122.06496,37.90631
-122.06496,37.90631
-122.06496,37.90631
-122.06496,37.90631
-122.06496,37.90631
-122.06496,37.90631
-122.06496,37.90631
-122.06496,37.90631
-122.06496,37.90631
-122.06496,37.90631
-122.14,37.99
-121.88051,37.9577
-121.95201,38.01622
-121.95201,38.01622
-122.3333,37.91353
-122.03,37.9781
-122.03,37.9781
-122.03,37.9781
-121.79384,38.01519
-121.79384,38.01519
-121.83395,38.01897
-121.83395,38.01897
-121.83395,38.01897
-121.83395,38.01897
-121.83395,38.01897
-121.83395,38.01897
-121.83395,38.01897
-121.83395,38.01897
-121.83395,38.01897
-121.83395,38.01897
-121.83395,38.01897
-121.83395,38.01897
-121.83395,38.01897
-121.83395,38.01897
-121.83395,38.01897
-121.83395,38.01897
-121.83395,38.01897
-121.83395,38.01897
-121.83395,38.01897
-121.83395,38.01897
-121.83395,38.01897
-121.83395,38.01897
-121.83395,38.01897
-121.83395,38.01897
-121.83395,38.01897
-121.83395,38.01897
-121.83395,38.01897
-121.83395,38.01897
-121.83395,38.01897
-121.83395,38.01897
-121.83395,38.01897
-121.83395,38.01897
-121.83395,38.01897
-121.83395,38.01897
-121.83395,38.01897
-121.83395,38.01897
-121.83395,38.01897
-121.83395,38.01897
-121.83395,38.01897
-122.06494,37.9063
-122.347,37.9358
-122.347,37.9358
-122.347,37.9358
-122.347,37.9358
-122.347,37.9358
-122.347,37.9358
-121.69534,37.93184
-121.69534,37.93184
-121.8603,38.0137
-121.8603,38.0137
-122.15761,37.85356
-121.8603,38.0137
-121.8603,38.0137
-121.8603,38.0137
-121.8603,38.0137
-121.8603,38.0137
-121.8603,38.0137
-121.8603,38.0137
-121.8603,38.0137
-121.8603,38.0137
-121.8603,38.0137
-121.99922,37.85426
-121.99922,37.85426
-121.99922,37.85426
-121.99922,37.85426
-121.99922,37.85426
-121.99922,37.85426
-121.99922,37.85426
-121.99922,37.85426
-122.11802,37.88575
-121.71245,37.99742
-121.71245,37.99742
-121.71245,37.99742
-121.99889,37.82167
-122.01499,37.89602
-121.828,38.0227
-122.11802,37.88575
-122.11802,37.88575
-122.24163,37.89464
-122.07524,38.03269
-122.07524,38.03269
-121.33909,39.69049
-121.55108,40.08129
-119.93295,38.77712
-116.71585,44.2398
-116.71585,44.2398
-116.71585,44.2398
-116.71585,44.2398
-116.71585,44.2398
-116.71585,44.2398
-116.71585,44.2398
-116.71585,44.2398
-116.71585,44.2398
-122.27267,37.90508
-122.27267,37.90508
-122.27267,37.90508
-122.27267,37.90508
-121.76923,37.59146
-122.2728,37.8717
-122.2728,37.8717
-122.2728,37.8717
-121.97773,37.57882
-121.7423,37.70197
-121.87467,37.66243
-122.28514,37.8313
-122.28514,37.8313
-122.29774,37.88687
-122.29774,37.88687
-122.29774,37.88687
-122.2658,37.8715
-122.2658,37.8715
-121.93811,37.49196
-122.2728,37.8717
-122.2728,37.8717
-122.2728,37.8717
-122.2728,37.8717
-122.2728,37.8717
-122.2728,37.8717
-122.2728,37.8717
-122.2728,37.8717
-122.2728,37.8717
-122.2728,37.8717
-122.2728,37.8717
-122.2728,37.8717
-122.2728,37.8717
-122.2728,37.8717
-122.2728,37.8717
-122.2728,37.8717
-122.2728,37.8717
-122.2728,37.8717
-122.2728,37.8717
-121.49292,37.68011
-122.14589,37.72259
-122.12333,37.68111
-122.12333,37.68111
-122.12333,37.68111
-122.12333,37.68111
-122.12333,37.68111
-122.12333,37.68111
-122.12333,37.68111
-122.12333,37.68111
-122.2728,37.8717
-122.2728,37.8717
-122.2728,37.8717
-122.2728,37.8717
-122.2728,37.8717
-122.2728,37.8717
-122.2728,37.8717
-122.2728,37.8717
-122.2728,37.8717
-122.2728,37.8717
-122.2728,37.8717
-122.2728,37.8717
-122.2728,37.8717
-122.2728,37.8717
-122.2728,37.8717
-122.2728,37.8717
-122.26972,37.80444
-122.26972,37.80444
-122.1582,37.8085
-122.08079,37.66882
-122.206,37.8237
-122.206,37.8237
-122.206,37.8237
-122.206,37.8237
-122.206,37.8237
-122.206,37.8237
-122.206,37.8237
-122.26972,37.80444
-121.87467,37.66243
-121.60028,37.63993
-122.03917,37.52972
-111.7421,35.33306
-111.7421,35.33306
-111.7421,35.33306
-111.7421,35.33306
-111.7421,35.33306
-111.7421,35.33306
-111.7421,35.33306
-111.7421,35.33306
-111.7421,35.33306
-111.7421,35.33306
-111.7421,35.33306
-111.7421,35.33306
-111.7421,35.33306
-111.7421,35.33306
-111.7421,35.33306
-111.75905,35.37667
-111.75905,35.37667
-111.75905,35.37667
-111.75905,35.37667
-111.75905,35.37667
-111.75905,35.37667
-111.75905,35.37667
-111.75905,35.37667
-111.75905,35.37667
-111.75905,35.37667
-111.75905,35.37667
-111.75905,35.37667
-111.75905,35.37667
-111.75905,35.37667
-111.75905,35.37667
-111.75905,35.37667
-111.75905,35.37667
-111.75905,35.37667
-111.75905,35.37667
-111.8706,36.4127
-111.8706,36.4127
-111.8706,36.4127
-111.6818,35.363
-111.7339,35.0282
-111.7339,35.0282
-111.7339,35.0282
-109.143,33.84784
-109.7142,34.0328
-109.7142,34.0328
-155.57326,62.95265
-155.57326,62.95265
-155.57326,62.95265
-155.57326,62.95265
-155.57326,62.95265
-149.09306,64.56389
-149.09306,64.56389
-149.09306,64.56389
-149.09306,64.56389
-149.09306,64.56389
-149.09306,64.56389
-159.77133,62.19943
-159.77133,62.19943
-159.77133,62.19943
-150.1547,65.4938
-150.1547,65.4938
-150.1547,65.4938
-150.1547,65.4938
-150.1547,65.4938
-156.9275,64.73333
-156.9275,64.73333
-156.9275,64.73333
-145.274,66.5647
-145.274,66.5647
-145.274,66.5647
-145.274,66.5647
-147.39638,66.35944
-147.39638,66.35944
-147.39638,66.35944
-147.39638,66.35944
-147.39638,66.35944
-147.39638,66.35944
-147.39638,66.35944
-147.39638,66.35944
-147.39638,66.35944
-147.39638,66.35944
-147.39638,66.35944
-147.39638,66.35944
-147.39638,66.35944
-147.39638,66.35944
-147.39638,66.35944
-147.39638,66.35944
-147.39638,66.35944
-144.06055,65.82555
-145.84222,64.1525
-135.31388,59.45833
-135.31388,59.45833
-135.31388,59.45833
-135.31388,59.45833
-135.31388,59.45833
-135.31388,59.45833
-135.31388,59.45833
-135.31388,59.45833
-152.14416,69.36694
-149.2843,63.2299
-149.2843,63.2299
-149.2843,63.2299
-149.2843,63.2299
-149.2843,63.2299
-149.2843,63.2299
-149.2843,63.2299
-150,63
-150,63
-150,63
-150,63
-150,63
-149.03329,61.5422
-149.03329,61.5422
-149.03329,61.5422
-149.03329,61.5422
-149.11277,61.59972
-149.11277,61.59972
-150.0375,61.74722
-149.10972,63.31999
-149.11258,61.59962
-149.11258,61.59962
-149.11258,61.59962
-149.11258,61.59962
-149.11258,61.59962
-149.11258,61.59962
-149.11258,61.59962
-149.11258,61.59962
-149.11258,61.59962
-149.11258,61.59962
-149.11258,61.59962
-149.11258,61.59962
-149.11258,61.59962
-149.11258,61.59962
-155.31678,58.53377
-155.31678,58.53377
-155.31678,58.53377
-155.31678,58.53377
-149.44208,60.10408
-149.44208,60.10408
-149.44208,60.10408
-149.44208,60.10408
-149.44208,60.10408
-156.5006,58.6642
-156.5006,58.6642
-155.94,58.64
-150.4528,60.4853
-150.28805,60.45793
-150.28805,60.45793
-147.80278,64.85694
-147.80278,64.85694
-147.80278,64.85694
-147.80278,64.85694
-147.80278,64.85694
-147.80278,64.85694
-147.6233,64.9727
-147.6233,64.9727
-147.6233,64.9727
-147.6233,64.9727
-147.6233,64.9727
-147.6233,64.9727
-147.6233,64.9727
-147.6233,64.9727
-147.6233,64.9727
-147.6233,64.9727
-147.6233,64.9727
-147.71638,64.83777
-147.71638,64.83777
-147.71638,64.83777
-147.71638,64.83777
-147.71638,64.83777
-147.71638,64.83777
-147.71638,64.83777
-147.85231,64.85931
-166.38083,60.08166
-159.54071,61.58281
-159.54071,61.58281
-159.54071,61.58281
-159.54071,61.58281
-159.54071,61.58281
-159.54071,61.58281
-159.54071,61.58281
-149.26006,61.4631
-149.26006,61.4631
-149.26006,61.4631
-149.26006,61.4631
-149.26006,61.4631
-149.26006,61.4631
-149.26006,61.4631
-149.26006,61.4631
-149.26006,61.4631
-149.26006,61.4631
-149.26006,61.4631
-149.26006,61.4631
-149.26006,61.4631
-149.26006,61.4631
-149.26006,61.4631
-149.26006,61.4631
-149.26006,61.4631
-149.26006,61.4631
-149.26006,61.4631
-149.26006,61.4631
-149.26006,61.4631
-149.26006,61.4631
-149.26006,61.4631
-149.26006,61.4631
-149.26006,61.4631
-149.26006,61.4631
-149.26006,61.4631
-149.26006,61.4631
-149.26006,61.4631
-149.26006,61.4631
-149.26006,61.4631
-149.26006,61.4631
-149.26006,61.4631
-149.26006,61.4631
-149.26006,61.4631
-149.26006,61.4631
-149.26006,61.4631
-149.26006,61.4631
-149.26006,61.4631
-149.26006,61.4631
-149.26006,61.4631
-149.26006,61.4631
-149.26006,61.4631
-149.26006,61.4631
-149.26006,61.4631
-149.26006,61.4631
-149.26006,61.4631
-149.26006,61.4631
-149.26006,61.4631
-149.26006,61.4631
-149.26006,61.4631
-149.74293,61.29092
-149.70965,61.2323
-149.8999,61.21786
-149.8999,61.21786
-149.8999,61.21786
-123.84,48.99
-122.3794,37.5741
-147.822,64.8573
-124.34808,48.05798
-124.34808,48.05798
-124.34808,48.05798
-124.34808,48.05798
-124.34808,48.05798
-123.94007,49.16589
-137.0167,63.5167
-138.67,61.25
-138.67,61.25
-133.69,59.58
-115.55637,51.17647
-113.71893,48.69866
-122.3794,37.5741
-124.23096,49.0088
-123.11287,49.26081
-126.76,52.37
-138,61
-138,61
-138,61
-138,61
-138,61
-138,61
-138,61
-138,61
-138,61
-138,61
-138,61
-138,61
-138,61
-138,61
-138,61
-138,61
-138,61
-138,61
-138,61
-138,61
-138,61
-138,61
-138,61
-138,61
-138,61
-138,61
-138,61
-138,61
-138,61
-138,61
-138,61
-138,61
-138,61
-138,61
-138,61
-138,61
-138,61
-138,61
-138,61
-138,61
-138,61
-138,61
-138,61
-138,61
-138,61
-138,61
-138,61
-138,61
-138,61
-138,61
-138,61
-138,61
-138,61
-138,61
-138,61
-138,61
-138,61
-138,61
-138,61
-138,61
-138,61
-138,61
-138,61
-138,61
-138,61
-138,61
-138,61
-138,61
-138,61
-138,61
-138,61
-138,61
-138,61
-138,61
-138,61
-138,61
-138,61
-138,61
-138,61
-138,61
-138,61
-138,61
-138,61
-138,61
-138,61
-138,61
-138,61
-138,61
-138,61
-138,61
-138,61
-138,61
-138,61
-138,61
-138,61
-138,61
-138,61
-138,61
-138,61
-138,61
-138,61
-138,61
-138,61
-138,61
-138,61
-138,61
-138,61
-138,61
-138,61
-138,61
-138,61
-138,61
-138,61
-138,61
-138,61
-138,61
-138,61
-138,61
-138,61
-138,61
-138.7165,63.9896
-119.05,48.95
-120.14333,39.16667
-110.92,49.68
-117.47,49.7
-117.47,49.7
-124.9173,50.5812
-124.9173,50.5812
-120.33379,47.34946
-135.05006,60.72376
-118.21426,51.01036
-119.386,49.02977
-119.386,49.02977
-119.386,49.02977
-114.6925,49.6325
-117.7966,49.0753
-117.7966,49.0753
-117.7966,49.0753
-117.7966,49.0753
-117.7966,49.0754
-118.95,49.58
-119.19,50.45
-119.19,50.45
-135.27,62.02
-128.3334,61.6333
-120.1515,52.3177
-136.29,62.09
-110.50798,44.5909
-124.92,50.58
-119.27134,50.26057
-123.4,48.65
-123.4,48.65
-123.4,48.65
-129.95,54.2
-129.95,54.2
-129.95,54.2
-129.95,54.2
-129.95,54.2
-129.95,54.2
-129.95,54.2
-121.58,50.23
-127.67,55.25
-127.67,55.25
-120.33709,50.676
-123.11287,49.26081
-115.05879,49.50852
-129.34,54.32
-129.34,54.32
-129.34,54.32
-129.34,54.32
-129.34,54.32
-123.21,49.27
-119.1279,50.9937
-120.67,50.16
-120.67,50.16
-119.27373,50.26376
-119.27373,50.26376
-121.4444,50.01423
-121.4444,50.01423
-119.34476,50.2446
-120.32781,50.69063
-127.1668,54.7818
-127.1668,54.7818
-123.11287,49.26081
-123.11287,49.26081
-128.59,54.52
-128.59,54.52
-119.61,49.4
-119.61,49.4
-121.58,50.23
-119.63105,49.83682
-120.98432,50.75932
-119.27134,50.26057
-123.11287,49.26081
-123.11287,49.26081
-118.38801,56.06594
-128.31,55.03
-128.59,54.52
-147.187,64.1707
-148.1821,64.7757
-112.824,49.6917
-112.824,49.6917
-110.35944,49.63
-112.81,49.7
-123.57871,44.63792
-116.92443,49.91899
-116.92443,49.91899
-116.92443,49.91899
-147.03947,65.21966
-121.08593,47.74622
-113.03421,49.76669
-113.03421,49.76669
-121.8125,46.7498
-121.8125,46.7498
-113.01177,48.55594
-113.01177,48.55594
-123.36506,48.42914
-115.55637,51.17647
-121.8125,46.7498
-121.8125,46.7498
-121.8125,46.7498
-121.8125,46.7498
-122.7041,41.0648
-122.7041,41.0648
-122.7041,41.0648
-122.7041,41.0648
-122.7041,41.0648
-122.7041,41.0648
-122.7041,41.0648
-122.7041,41.0648
-117.3627,49.4841
-117.6996,49.3504
-117.85,49.1
-117.85,49.1
-117.67,49.4
-117.67,49.4
-117.67,49.4
-117.67,49.4
-117.67,49.4
-117.67,49.4
-117.67,49.4
-117.67,49.4
-117.67,49.4
-117.67,49.4
-117.67,49.4
-117.67,49.4
-117.67,49.4
-117.67,49.4
-117.65,49.54
-117.76,49.34
-105.39026,41.23196
-105.39026,41.23196
-105.39026,41.23196
-122.30917,41.31876
-122.30917,41.31876
-123.94007,49.16589
-123.94007,49.16589
-119.68249,50.81722
-119.68249,50.81722
-117.6266,45.6055
-115.96332,45.44436
-116.49,51.4
-116.49,51.4
-121.52616,45.11539
-122.3403,44.1539
-122.3403,44.1539
-117.40247,45.57021
-121.57066,50.14388
-115.55637,51.17647
-122.4186,37.7744
-123.93662,45.67503
-123.93662,45.67503
-123.93662,45.67503
-110.50798,44.5909
-116.7141,49.33729
-116.7141,49.33729
-116.7141,49.33729
-126.0833,53.25
-126.0833,53.25
-126.0833,53.25
-126.0833,53.25
-126.0833,53.25
-126.0833,53.25
-126.0833,53.25
-126.0833,53.25
-126.0833,53.25
-111.65919,35.34245
-111.65919,35.34245
-111.65919,35.34245
-111.65919,35.34245
-111.65919,35.34245
-111.65919,35.34245
-111.65919,35.34245
-111.65919,35.34245
-111.65919,35.34245
-116.04927,50.88339
-119.27373,50.26376
-119.27373,50.26376
-119.27373,50.26376
-119.27373,50.26376
-119.27373,50.26376
-121.44547,49.7959
-121.44547,49.7959
-121.44547,49.7959
-121.44547,49.7959
-121.44547,49.7959
-121.44547,49.7959
-121.4444,50.01423
-121.4444,50.01423
-119.34476,50.2446
-119.27,50.26
-122.2036,44.3872
-149.44222,60.10416
-149.44222,60.10416
-149.44222,60.10416
-149.44222,60.10416
-149.44222,60.10416
-106.21724,39.53054
-144.73711,65.52324
-128.70506,60.06415
-128.70506,60.06415
-126.06666,59.4
-144.73711,65.52324
-145.55506,65.43104
-122.14917,44.40797
-118.21,49.04
-118.21,49.04
-118.21,49.04
-110.9063,49.8735
-114.01317,49.1214
-110.27137,49.66751
-115.55637,51.17647
-115.83,50.15
-110.35944,49.63
-115.5,51.25
-115.73,49.78
-115.73,49.78
-115.73,49.78
-120.51,50.49
-120.51,50.49
-120.51,50.49
-111.903,50.421
-112.81,49.7
-112.81,49.7
-112.81,49.7
-112.81,49.7
-112.81,49.7
-112.81,49.7
-115.98,49.68
-115.98,49.68
-115.98,49.68
-116.03,51.24
-106.3256,41.3478
-105.6112,40.1522
-118.21426,51.01036
-118.21425,51.01035
-118.78931,50.93479
-110.69083,44.11522
-133.68952,59.57803
-133.68952,59.57803
-133.68952,59.57803
-115.91486,50.6392
-115.55569,51.17974
-114.0436,51.0535
-114.0436,51.0535
-115.60111,51.20667
-115.60111,51.20667
-115.60111,51.20667
-115.60111,51.20667
-115.60111,51.20667
-115.60111,51.20667
-115.60111,51.20667
-115.56333,51.22833
-115.55637,51.17647
-115.55637,51.17647
-115.55637,51.17647
-115.55637,51.17647
-115.55637,51.17647
-115.55637,51.17647
-123.11287,49.26081
-123.11287,49.26081
-110.27307,49.95716
-124.31356,49.31981
-122.65709,53.81931
-137.06425,60.85896
-137.06425,60.85896
-150.50087,63.33337
-136.8513,62.5837
-136.8513,62.5837
-114.04523,49.0203
-123.2057,49.62438
-133.633,60.4833
-149.0854,64.53911
-113.22567,48.46004
-123.77264,40.12286
-109.5844,33.9106
-126.0833,53.25
-118.21425,51.01035
-118.21425,51.01035
-123.17083,45.85333
-123.17083,45.85333
-115.64,51.2
-135.05016,60.71955
-135.05016,60.71955
-135.05016,60.71955
-107.36139,38.58444
-107.36139,38.58444
-107.36139,38.58444
-107.36139,38.58444
-107.36139,38.58444
-107.36139,38.58444
-107.36139,38.58444
-107.36139,38.58444
-107.36139,38.58444
-107.36139,38.58444
-107.36139,38.58444
-107.36139,38.58444
-107.36139,38.58444
-107.36139,38.58444
-107.36139,38.58444
-107.36139,38.58444
-107.36139,38.58444
-107.36139,38.58444
-107.36139,38.58444
-107.36139,38.58444
-107.36139,38.58444
-107.36139,38.58444
-107.36139,38.58444
-107.36139,38.58444
-107.36139,38.58444
-107.36139,38.58444
-107.36139,38.58444
-107.36139,38.58444
-107.36139,38.58444
-107.36139,38.58444
-123.22909,49.25762
-122.3794,37.5741
-155.4869,64.7394
-155.4869,64.7394
-155.4869,64.7394
-155.4869,64.7394
-155.4869,64.7394
-155.4869,64.7394
-155.4869,64.7394
-155.4869,64.7394
-155.4869,64.7394
-155.4869,64.7394
-155.4869,64.7394
-138,61
-138,61
-138,61
-146.33944,64.28694
-106.94667,37.50917
-110.29879,49.67398
-110.29879,49.67398
-110.27137,49.66751
-114.0436,51.0535
-115.60111,51.20667
-115.60111,51.20667
-115.60111,51.20667
-115.60111,51.20667
-115.60111,51.20667
-115.60111,51.20667
-115.60111,51.20667
-115.56333,51.22833
-115.56333,51.22833
-118,45.5
-108.75739,44.75384
-105.32333,39.41
-110.28424,49.66079
-110.28424,49.66079
-110.28424,49.66079
-110.28424,49.66079
-116.183,51.43333
-110.68333,50.8
-113.73,52.46
-113.39759,49.72557
-113.39759,49.72557
-113.39759,49.72557
-128.59,54.52
-128.59,54.52
-128.59,54.52
-115.56,51.17
-115.56,51.17
-115.56,51.17
-111.96,49
-118.08,52.88
-122.68294,54.49285
-122.68294,54.49285
-118.55128,52.85622
-133.67302,59.50563
-115.7615,49.51798
-115.7615,49.51798
-115.7615,49.51798
-115.7615,49.51798
-115.7615,49.51798
-112.8175,37.17083
-123.8149,48.059
-118.0751,44.9006
-120.94,47.19
-112.824,49.6917
-112.09,49.15
-112.09,49.15
-115.55637,51.17647
-135.445,59.23583
-118,45.5
-118,45.5
-125.01593,54.40057
-115.5,51.25
-119.82,49.21
-119.82,49.21
-119.34033,48.88766
-119.34033,48.88766
-142.9361,61.4278
-123.36506,48.42914
-134.7,60.18
-134.7913,59.8895
-130.4833,60.0667
-132.28,60.05
-119.27134,50.26057
-125.9,51.9
-138.48,61
-119.27134,50.26057
-123.62312,48.65368
-123.62312,48.65368
-148.07778,64.71238
-148.19925,64.64576
-147.78198,64.55675
-122.62,49.13
-141.2,64.78805
-136.573,62.8202
-128.03,55.11
-128.41,54.63
-136.56,59.67
-132,60.99
-135.15,61.17
-135.15,61.17
-123.11287,49.26081
-123.36506,48.42914
-123.36506,48.42914
-132.4667,61.9167
-112.93,49.8
-112.9105,49.6363
-113.95936,49.49215
-113.95936,49.49215
-113.95936,49.49215
-123.11287,49.26081
-123.11287,49.26081
-155.4869,64.7394
-144.07555,65.83027
-144.07555,65.83027
-109.5844,33.9106
-109.5844,33.9106
-116.4833,51.4
-105.5972,40.5611
-106.0864,38.42222
-114.1,49.3333
-124.1625,40.8022
-120.7833,50.1167
-111.8053,41.9636
-114.1,49.3333
-119.38333,49.9
-120.7833,50.1167
-120.2758,47.1994
-111.8505,41.7041
-119.38333,49.9
-123.0369,38.3903
-109.05,33.6833
-123.0369,38.3903
-118.7367,48.6483
-106.9258,37.84917
-124.1157,40.9251
-111.6506,35.1981
-111.6825,35.34083
-121.9697,38.525
-105.27,40.015
-105.7572,38.29328
-119.2667,50.2667
-141.7933,65.2008
-116.4833,51.4
-111.0378,45.6797
-111.74254,34.99095
-106.9917,44.6833
-114.1,49.3333
-114.1539,46.2472
-106.2911,40.0608
-109.05,33.6833
-113.9931,46.8722
-123.3272,42.4392
-109.2486,37.2436
-111.6989,42.136
-105.5972,40.5611
-104.5522,45.7877
-111.74254,34.99095
-106.9258,37.84917
-105.3653,40.6872
-105.27,40.015
-105.27,40.015
-111.0378,45.6797
-111.8053,41.9636
-105.27,40.015
-119.38333,49.9
-121.8047,38.005
-114.1539,46.2472
-117.585,34.9944
-122.2717,37.8717
-106.9258,37.84917
-105.27,40.015
-124.0817,40.8667
-122.03,37.9781
-115.3986,47.3833
-107.1833,39.55
-121.5069,45.7044
-106.2911,40.0608
-105.27,40.015
-120.7833,50.1167
-117.585,34.9944
-124.0986,43.9828
-115.3986,47.3833
-111.74254,34.99095
-122.8833,38.0667
-118.7367,48.6483
-106.9258,37.84917
-105.27,40.015
-106.9917,44.6833
-110.5069,43.8417
-105.27,40.015
-124.1725,47.1128
-105.5972,40.5611
-120.2758,47.1994
-106.9917,44.6833
-110.7644,40.4042
-119.83,49.27
-105.27,40.015
-118.7367,48.6483
-120.2758,47.1994
-124.1725,47.1128
-116.4833,51.4
-107.5458,40.5153
-107.1833,39.55
-112.73,49.85
-114.1,49.3333
-118.7367,48.6483
-111.8053,41.9636
-101.4147,43.5614
-149.4422,60.4222
-111.6506,35.1981
-109.2486,37.2436
-124.1157,40.9251
-141.7933,65.2008
-105.27,40.015
-114.1539,46.2472
-109.2486,37.2436
-111.6825,35.3408
-115.3986,47.3833
-123.0369,38.3903
-106.9258,37.84917
-122.2717,37.8717
-105.5972,40.5611
-119.38333,49.9
-105.27,40.015
-122.2717,37.8717
-105.5972,40.5611
-109.05,33.6833
-105.27,40.015
-119.38333,49.9
-114.1539,46.2472
-105.27,40.015
-105.27,40.015
-123.0369,38.3903
-105.7572,38.29328
-120.7833,50.1167
-105.3266,40.015
-105.9389,40.0861
-119.83,49.27
-109.2486,37.2436
-110.7644,40.4042
-105.27,40.015
-121.0526,39.8552
-123.0369,38.3903
-141.7933,65.2008
-114.1744,46.0897
-106.9258,37.84917
-122.8833,38.0667
-106.9258,37.84917
-120.589,49.45
-124.1157,40.9251
-115.3986,47.3833
-105.27,40.015
-101.4147,43.5614
-119.4833,49.9
-112.6369,37.2758
-122.8833,38.0667
-115.3986,47.3833
-109.05,33.6833
-105.7572,38.29328
-106.9258,37.84917
-105.5972,40.5611
-106.9892,38.95917
-105.3915,40.3167
-123.1333,49.25
-141.7933,65.2008
-123.0369,38.3903
-121.8047,38.005
-105.5972,40.5611
-117.9378,44.9117
-114.1,49.3333
-116.4833,51.4
-120.1863,39.4455
-119.83,49.27
-109.05,33.6833
-124.1157,40.9251
-106.9258,37.84917
-118.2297,44.9606
-111.74254,34.99095
-104.7228,39.7492
-111.74254,34.99095
-121.8047,38.005
-149.5834,61.0647
-149.5834,61.0647
-105.27,40.015
-123.1333,49.25
-122.3861,37.5986
-106.9258,37.84917
-114.1539,46.2472
-107.8794,37.2753
-109.2486,37.2436
-121.5667,50.2333
-121.8047,38.005
-120.1492,46.2703
-106.6111,38.5667
-110.8378,47.214
-120.2758,47.1994
-121.745,48.5394
-106.9258,37.84917
-105.27,40.015
-122.3417,48.3406
-111.0378,45.6797
-111.8505,41.7041
-123.0369,38.3903
-112.6369,37.2758
-121.8047,38.005
-105.9742,41.74139
-114.1744,46.0897
-101.4147,43.5614
-122.8833,38.0667
-105.9742,41.74139
-119.83,49.27
-114.0781,46.6317
-105.7083,40.3333
-121.5069,45.7044
-121.0526,39.8552
-109.3094,35.81389
-123.0369,38.3903
-105.27,40.015
-111.6506,35.1981
-105.27,40.015
-111.8903,40.7608
-118.7367,48.6483
-105.27,40.015
-114.1539,46.2472
-105.27,40.015
-120.3717,46.4189
-106.9258,37.84917
-124.0817,40.8667
-141.7933,65.2008
-106.9258,37.84917
-123.3272,42.4392
-109.3094,35.81389
-105.27,40.015
-117.9189,45.0286
-117.9378,44.9117
-115.3986,47.3833
-123.0369,38.3903
-106.9258,37.84917
-120.7833,50.1167
-105.5972,40.5611
-106.9258,37.84917
-149.5834,61.0647
-119.38333,49.9
-106.9258,37.84917
-105.5103,39.9614
-111.8053,41.9636
-122.8833,38.0667
-141.7933,65.2008
-122.3417,48.3406
-113.9931,46.8722
-106.9258,37.84917
-120.3717,46.4189
-123.0369,38.3903
-123.0369,38.3903
-105.27,40.015
-111.74254,34.99095
-123.0369,38.3903
-124.0817,40.8667
-122.2717,37.8717
-123.0369,38.3903
-123.0369,38.3903
-113.9931,46.8722
-111.6989,42.136
-106.9258,37.84917
-123.0369,38.3903
-118.7367,48.6483
-105.5972,40.5611
-118.7367,48.6483
-122.8833,38.0667
-105.7083,40.3333
-111.0378,45.6797
-106.9258,37.84917
-114.1539,46.2472
-123.0369,38.3903
-109.2486,37.2436
-105.27,40.015
-106.9258,37.84917
-105.27,40.015
-124.0817,40.8667
-111.8336,41.7356
-111.76,41.79
-121.0526,39.8552
-106.9258,37.84917
-106.9258,37.84917
-105.27,40.015
-124.0817,40.8667
-114.1,49.3333
-124.0817,40.8667
-123.0369,38.3903
-124.0817,40.8667
-123.0369,38.3903
-114.1,49.3333
-106.9258,37.84917
-111.6825,35.34083
-141.7933,65.2008
-106.9892,38.95917
-111.74254,34.99095
-105.7572,38.2788
-109.05,33.6833
-124.06873,44.42679
-106.9258,37.84917
-105.27,40.015
-118.7367,48.6483
-111.8336,41.6633
-149.5834,61.0647
-111.6825,35.3408
-119.38333,49.9
-121.158,46.9757
-123.0369,38.3903
-111.6506,35.1981
-141.7933,65.2008
-105.9742,41.74139
-114.1,49.3333
-112.5256,37.0475
-118.7367,48.6483
-123.0369,38.3903
-105.27,40.015
-111.4022,34.27028
-122.8833,38.0667
-111.0378,45.6797
-113.8697,48.6136
-111.74254,34.99095
-106.6111,38.5667
-105.5972,40.5611
-120.2758,47.1994
-114.1,49.3333
-105.5103,39.9614
-107.7667,50.2833
-123.0369,38.3903
-122.8833,38.0667
-122.8433,46.0086
-112.5258,36.9456
-106.9258,37.84917
-123.0369,38.3903
-111.6825,35.3408
-108.2138,39.6291
-122.386,46.533
-122.397,44.754
-105.598,40.561
-122.3157,47.7091
-122.3157,47.7091
-122.3157,47.7091
-107.25,44.5
-121.086,47.746
-122.3157,47.7091
-120.939,47.195
-117.18,46.731
-117.18,46.731
-103.459843,43.881356
-120.020254,39.127268
-105.500549,40.662574
-106.17504,40.05753
-105.21028,40.4875
-105.084423,40.58526
-105.08389,40.58528
-105.643716,39.588228
-105.8,40.4167
-105.42054,40.734408
-105.500549,40.662574
-104.9833,39.7333
-105.32584,40.86121
-105.520398,37.739774
-106.193902,40.866934
-106.193902,40.866934
-105.69167,40.69611
-105.69167,40.69611
-105.69167,40.69611
-105.084423,40.58526
-105.084423,40.58526
-105.569022,40.791045
-105.3333,40.95
-105.433962,40.75134
-105.4333,37.2667
-122.205404,47.76232
-108.000629,39.555432
-105.643716,39.588228
-105.210818,40.487483
-111.923596,41.299469
-105.42054,40.734408
-105.500549,40.662574
-105.327049,40.86164
-105.084423,40.58526
-105.084423,40.58526
-105.42054,40.734408
-105.643716,39.588228
-107.958128,39.584978
-105.42054,40.734408
-109.184573,40.725459
-105.42054,40.734408
-105.42054,40.734408
-104.9833,39.7333
-107.139291,37.775155
-105.262611,40.632737
-105.421452,40.736604
-105.421452,40.736604
-105.421452,40.736604
-105.69167,40.69611
-105.69167,40.69611
-106.175302,40.05693
-105.085559,39.469264
-122.205404,47.76232
-122.205404,47.76232
-117.467225,46.703006
-105.21028,40.4875
-105.6333,39.5833
-105.643716,39.588228
-106.17504,40.05753
-105.3333,40.95
-105.42054,40.734408
-107.7825,39.52973
-105.643716,39.588228
-105.643716,39.588228
-105.487765,39.838526
-104.91068,39.12373
-105.643716,39.588228
-105.32584,40.86121
-105.421452,40.736604
-105.421452,40.736604
-105.421452,40.736604
-106.026685,40.52637
-105.69167,40.69611
-105.421452,40.736604
-105.271378,40.224708
-105.217203,40.794426
-105.597778,40.561094
-105.433962,40.75134
-105.569596,37.760955
-122.205404,47.76232
-122.205404,47.76232
-117.31971,46.595585
-106.17504,40.05753
-105.080991,40.574989
-105.3333,40.95
-105.42054,40.734408
-105.849728,40.606121
-105.643716,39.588228
-105.08389,40.58528
-105.389438,40.07693
-105.42054,40.734408
-105.42054,40.734408
-104.9833,39.7333
-106.3465,38.18871
-105.27,40.015
-105.69167,40.69611
-105.421452,40.736604
-105.421452,40.736604
-105.487765,39.838526
-105.421452,40.736604
-105.3333,40.95
-105.643716,39.588228
-111.0833,40.35
-105.5,39.8833
-105.5,39.8833
-105.487765,39.838526
-105.327049,40.86164
-105.569596,37.760955
-106.17504,40.05753
-105.643716,39.588228
-105.42054,40.734408
-105.643716,39.588228
-105.643716,39.588228
-105.42054,40.734408
-105.589,39.905
-105.34861,40.95472
-105.210818,40.487483
-105,39
-107.139291,37.775155
-105.32584,40.86121
-105.512497,39.738877
-105.69167,40.69611
-105.421452,40.736604
-106.3465,38.18871
-105.69167,40.69611
-105.421452,40.736604
-105.316931,40.637204
-105.569022,40.791045
-105.21028,40.4875
-105.210818,40.487483
-105,39
-105.69167,40.69611
-105.589,39.905
-114.072613,48.063286
-107.95,39.5833
-105.21028,40.4875
-105.3333,40.95
-105.084423,40.58526
-105.3333,40.95
-105.42054,40.734408
-105.084423,40.58526
-104.984703,39.739154
-105.081045,40.575078
-105.095908,40.605771
-105.42054,40.734408
-105,39
-107.139291,37.775155
-105.084423,40.58526
-105.69167,40.69611
-106.026685,40.52637
-105.69167,40.69611
-105.69167,40.69611
-107.139291,37.775155
-122.205404,47.76232
-111.03778,45.67972
-122.325248,37.900203
-115.425324,46.082289
-122.10639,42.94201
-117.43566,47.68005
-117.43566,47.68005
-154.88169,58.68086
-103.72814,44.00113
-122.2929,47.18538
-117.43566,47.68005
-121.15257,45.81707
-154.88169,58.68086
-106.29145,41.35986
-103.72814,44.00113
-117.43566,47.68005
-121.1804,45.60225
-154.88169,58.68086
-154.88169,58.68086
-111.60288,41.68542
-121.89496,37.33939
-154.88169,58.68086
-104.8666,39.77505
-105.58424,41.30518
-122.42553,37.67952
-117.40968,47.78417
-154.88169,58.68086
-106.58542,35.60635
-106.1325,38.83821
-103.59881,43.76665
-123.92231,40.35388
-117.43566,47.68005
-117.43566,47.68005
-154.88169,58.68086
-103.72814,44.00113
-117.43566,47.68005
-120.77396,46.87262
-154.88169,58.68086
-117.43566,47.68005
-119.30696,45.91792
-154.88169,58.68086
-117.43566,47.68005
-119.30696,45.91792
-154.88169,58.68086
-154.88169,58.68086
-110.77779,32.44168
-154.88169,58.68086
-105.64639,39.83533
-154.88169,58.68086
-104.8666,39.77505
-105.58424,41.30518
-122.42553,37.67952
-117.43566,47.68005
-154.88169,58.68086
-111.65503,35.33946
-105.06525,38.89578
-103.59881,43.76665
-115.83,52.33
-115.83,52.33
-119.6,49.8
-115.83,52.33
-120.3,50.6
-119.6,50.8
-123.42,48.65
-116,50.6
-116,50.6
-123.3767,48.4593
-115.83,52.33
-119.5,49
-123.34,48.45
-115.83,52.33
-116.52,49.1
-119.6,49.8
-116.5,49
-119.5,49
-116,50.6
-124.8,49.27
-106.989767,38.959158
-127.125,50.027778
-117.108333,49.066667
-117.108333,49.066667
-117.108333,49.066667
-117.108333,49.066667
-117.108333,49.066667
-117.108333,49.066667
-117.108333,49.066667
-117.108333,49.066667
-117.108333,49.066667
-116.102778,49.013889
-117.108333,49.066667
-117.108333,49.066667
-117.108333,49.066667
-117.108333,49.066667
-117.108333,49.066667
-117.108333,49.058333
-117.072222,49.094444
-117.108333,49.091667
-123.446,48.928
-123.22,49.245
-123.137,49.251
-123.137,49.251
-123.137,49.251
-123.532,48.958
-123.137,49.251
-123.137,49.251
-125.143,48.833
-123.137,49.251
-123.137,49.251
-119.53333,49.21666
-123.137,49.251
-123.137,49.251
-119.794,49.323
-119.901,49.354
-123.137,49.251
-123.137,49.251
-117.69,49.333
-123.137,49.251
-124.787,49.539
-124.787,49.539
-124.787,49.539
-124.787,49.539
-124.787,49.539
-124.787,49.539
-124.787,49.539
-124.787,49.539
-124.787,49.539
-123.156,49.702
-123.137,49.251
-118.173,51.018
-123.137,49.251
-123.532,48.958
-119.55,49.182
-123.137,49.251
-123.164,48.782
-118.173,51.018
-119.914,49.366
-119.914,49.366
-124.787,49.539
-119.914,49.366
-122.481,50.349
-115.769,49.513
-115.769,49.513
-115.769,49.513
-116.179,49.004
-123.137,49.251
-116.179,49.004
-119.914,49.366
-123.137,49.251
-119.523,49.091
-123.137,49.251
-119.677,49.607
-123.137,49.251
-119.098,49.379
-122.988,49.239
-116.788,49.625
-106.7268,41.4547
-121.9915,47.2942
-160.7833,63.8666
-105.5166,39.7333
-115.5666,51.1666
-106.7278,38.5028
-118.4666,51.45
-121.9915,47.2942
-121.9915,47.2942
-121.9915,47.2942
-121.9915,47.2942
-145.8333,64.15
-140.6833,62.1666
-145.5,63.0333
-145.5,63.0333
-145.5,63.0333
-149.4833,60.5166
-116.9166,49.9166
-121.9833,50.65
-119.5666,49.35
-119.2666,50.25
-118.05,52.8833
-124.8,49.25
-145.5,63.0333
-105.6333,49.3833
-122.6,47.6166
-123.053,49.7494
-122.6,47.6166
-123.053,49.7494
-120.0166,49.3666
-122.0167,49.2167
-123.053,49.7494
-123.053,49.7494
-121.9915,47.2942
-123.053,49.7494
-124.8,49.25
-123.053,49.7494
-112.0847,50.2368
-123.0265,49.7627
-119.2666,50.25
-116.9166,49.9166
-115.6333,49.6166
-123.3666,48.55
-119.5833,50.4666
-122.7,49.25
-118.1166,51.0666
-120.7666,49.0833
-123.053,49.7494
-123.053,49.7494
-123.053,49.7494
-105.9333,40.0833
-121.9915,47.2942
-124.8,49.25
-121.9915,47.2942
-119.2666,50.25
-121.9915,47.2942
-119.2666,50.25
-116.9,49.9
-121.9333,50.6833
-124.8,49.25
-118.1333,51.0333
-114.1666,49.5833
-119.5833,49.5
-115.6333,49.6166
-118.05,52.8833
-118.1333,51.0333
-121.9833,50.65
-115.5666,51.1666
-145.5,63.0333
-124.8,49.25
-121.9833,50.65
-124.8,49.25
-118.05,52.8833
-121.7666,49.2333
-110.3,49.65
-123.3666,48.55
-113.9333,49.5333
-121.5833,49.6833
-118.05,52.8833
-124.8,49.25
-119.2666,50.25
-123.3666,48.4333
-119.2666,50.25
-110.3,49.65
-119.2666,50.25
-115.5666,51.1666
-118.1333,51.0333
-119.2666,50.25
-115.5666,51.1666
-117.5833,49.6
-115.5666,51.1666
-118.05,52.8833
-117.5333,49.65
-121.7666,49.2333
-121.7666,49.2333
-133.5,59.55
-117.0429,49.9268
-117.0429,49.9268
-117.0429,49.9268
-117.0429,49.9268
-139.4333,64.0666
-122.6,47.6166
-118.1166,51.0666
-156.65,58.6833
-126.9333,59.9333
-116.9166,49.9166
-149.15,61.4
-121.7666,49.2333
-149.15,61.4
-156.65,58.6833
-145.5,63.0333
-116.9166,49.9166
-149.9,61.2166
-133.7,59.5666
-156.65,58.6833
-133.7,59.5666
-149.9,61.2166
-133.7,59.5666
-133.7,59.5666
-145.8666,63.7
-123.053,49.7494
-126.9333,59.9333
-118.1166,51.0666
-123.053,49.7494
-145.8666,63.7
-123.053,49.7494
-115.5666,51.1666
-115.5666,51.1666
-133.7,59.5666
-123.1166,49.25
-123.053,49.7494
-115.5167,51.1333
-135.05,60.7166
-119.2666,50.25
-109.7166,49.6666
-145.75,63.8166
-114.1666,49.5833
-133.5,59.55
-133.5,59.55
-133.5,59.55
-122.6,47.6166
-121.7666,49.2333
-122.6,47.6166
-123.053,49.7494
-123.053,49.7494
-119.2666,50.25
-131.75,58.3666
-123.053,49.7494
-122.6,47.6166
-120.7833,49.0666
-116.9166,49.9166
-123.3666,48.55
-122.3166,49.1333
-123.053,49.7494
-123.053,49.7494
-109.7833,50.7333
-115.5666,51.1666
-116.0333,50.5166
-118.1666,51.0333
-120.9833,50.75
-124.8,49.25
-118.1833,51.0166
-116.9166,49.9166
-123.6166,48.5833
-109.7166,49.6666
-109.7166,49.6666
-109.7166,49.6666
-132.1166,58.1666
-133.7,59.5666
-132.1166,58.1666
-131.1,62.6666
-131.1,62.6666
-131.1,62.6666
-145.75,63.8166
-122.6,47.6166
-119.2666,50.25
-123.0475,49.7504
-156.65,58.6833
-106.3131,40.8597
-111.5433,40.7272
-103.5833,43.8333
-105.9333,40.0833
-105.5166,39.7333
-105.5166,39.9666
-105.3166,40.05
-107.8095,37.618
-116.9166,49.9166
-128.5667,54.4667
-110.7908,32.4416
-107,41.1666
-105.6,39.6666
-103.4666,43.4333
-105.6,39.6666
-149.15,61.4
-120.0666,49.35
-140.6833,62.1666
-123.8,40.4666
-135.05,60.7166
-119.5166,49.2833
-149.45,60.1
-149.9,61.2166
-116.9166,49.9166
-107.7333,49.2333
-110.2833,49.6666
-119.5833,49.5
-132.3333,62.6833
-133,62.2166
-118.4666,51.45
-132.75,58.4333
-118.1166,51.0666
-135.1173,59.6481
-133.7,59.5666
-133.7,59.5666
-133.7,59.5666
-133.7,59.5666
-119.2666,50.7
-132.75,58.4333
-128.6,54.5333
-133.0666,58.6833
-132.3333,62.6833
-135.1173,59.6481
-107.7333,49.2333
-149.15,61.4
-119.6333,49.3166
-123.6166,48.5833
-149.9,61.2166
-139.4166,64.0666
-149.9,61.2166
-106.4303,39.5864
-119.5833,49.5
-128.6333,54.5166
-123.6166,48.7333
-119.6204,49.2326
-116.7833,49.6333
-128.6333,54.5333
-123.3666,48.4333
-123.8166,48.9833
-123.8166,48.9833
-119.3166,49.0166
-113.5833,43.4666
-120.4833,50.85
-119.5167,50.9333
-118.2333,44.9666
-118.9833,50.8333
-123.9333,48.6166
-119.5167,50.9333
-122.3166,49.1333
-118.1166,51.0666
-115.8166,51.2166
-115.8166,51.2166
-115.8166,51.2166
-121.6833,49.1833
-119.55,49.1833
-123.053,49.7494
-120.0166,49.3666
-118.1333,51.0333
-118.1666,51.0333
-118.1666,51.0333
-118.15,51.05
-118.1333,51.0333
-118.1333,51.0333
-118.15,51.05
-118.1333,51.0333
-115.8166,51.2166
-123.3666,48.55
-120.3166,50.6666
-120.15,42.3
-121.2743,43.7068
-119.2666,50.25
-121.8833,44.2166
-123.0491,49.7606
-123.053,49.7494
-123.053,49.7494
-122.4333,49.2
-110.2,49.6333
-149.9,61.2166
-140.6833,62.1666
-149.4833,60.5166
-156.65,58.6833
-118.1333,51.0333
-119.2666,50.25
-156.65,58.6833
-149.8364,60.4894
-149.4833,60.5166
-127.6666,55.25
-128.7,60.0667
-149.9,61.2166
-149.6333,60.9166
-149.4833,60.5166
-149.4833,60.5166
-128.7,60.0667
-149.9,61.2166
-149.4833,60.5166
-149.9,61.2166
-149.4833,60.5166
-149.9,61.2166
-123.3666,48.4333
-156.65,58.6833
-156.65,58.6833
-149.4833,60.5166
-149.9,61.2166
-149.15,61.4
-149.15,61.4
-121.7666,49.2333
-118.5167,50.4
-124.6666,49.4333
-128.3833,54.6
-111.3167,49.0333
-149.9,61.2166
-121.9833,50.65
-116.9,49.9
-122.0833,50.7333
-119.2666,50.25
-140.6833,62.1666
-149.15,61.4
-121.9833,50.65
-123.2666,47.95
-123.8166,48.9833
-121.6833,49.1833
-121.6833,49.1833
-123.9666,49.2
-123.4,48.65
-121.7666,49.2333
-121.7666,49.2333
-125.3,58.85
-133.0666,58.6833
-132.3333,62.55
-121.9915,47.2942
-121.9915,47.2942
-133.0666,58.6833
-122.6,47.6166
-115.5666,51.1666
-110.9,49.8666
-133.7,59.5666
-133.7,59.5666
-133.7,59.5666
-110.2666,49.95
-123.2666,47.95
-133.7,59.5666
-107.7333,49.2333
-149.9,61.2166
-140.6833,62.1666
-128.7,60.0667
-110.3,49.65
-133.7,59.5666
-133.7,59.5666
-145.5,63.0333
-156.65,58.6833
-149.9,61.2166
-156.65,58.6833
-139.4333,64.0666
-156.65,58.6833
-145.5,63.0333
-137,62.8
-145.5,63.0333
-133.5,59.55
-156.65,58.6833
-140.6833,62.1666
-149.9,61.2166
-128.7,60.0667
-149.9,61.2166
-145.5,63.0333
-139.4333,64.0666
-135.05,60.7166
-140.6833,62.1666
-156.65,58.6833
-149.9,61.2166
-149.9,61.2166
-149.9,61.2166
-139.4166,64.0666
-135.05,60.7166
-156.65,58.6833
-145.8333,64.15
-149.9,61.2166
-149.9,61.2166
-149.9,61.2166
-149.9,61.2166
-149.9,61.2166
-149.9,61.2166
-149.9,61.2166
-156.65,58.6833
-145.5,63.0333
-149.9,61.2166
-156.65,58.6833
-122.6,47.6166
-133,62.2166
-139.0833,64.0667
-132.1166,58.1666
-132.3333,62.55
-118.4666,51.45
-133,62.2166
-137,62.8
-118.05,52.8833
-120.0666,49.35
-127.6666,55.25
-123.6166,48.7333
-123.8166,48.9833
-124.6,49.2166
-123.2666,47.95
-118.1333,51.0333
-123.053,49.7494
-115.8166,51.2166
-107.7333,49.2333
-119.2666,50.25
-119.2666,50.25
-128.3833,54.6
-107.7333,49.2333
-119.8333,49.2
-124.6,49.2166
-123.3666,48.4333
-123.2666,47.95
-121.9833,50.65
-107.7333,49.2333
-120.0666,49.35
-122.6,47.6166
-123.7,48.7833
-123.053,49.7494
-123.2666,47.95
-119.2666,50.25
-123.053,49.7494
-123.3833,48.4833
-124.6,49.2166
-107.7333,49.2333
-128.3833,54.6
-125.0833,49.6667
-123.053,49.7494
-128.3833,54.6
-124.95,49.65
-124.6,49.2166
-123.2666,47.95
-121.9833,50.65
-121.9833,50.65
-115.5666,51.1666
-119.2666,50.25
-119.2666,50.25
-118.1333,51.0333
-118.1333,51.0333
-118.1333,51.0333
-118.1666,51.0333
-118.1666,51.0333
-118.1333,51.0333
-118.1333,51.0333
-118.1333,51.0333
-118.1333,51.0333
-123.0265,49.7627
-123.053,49.7494
-123.053,49.7494
-123.053,49.7494
-123.053,49.7494
-118.1333,51.0667
-118.1333,51.0667
-118.1166,51.0666
-118.1166,51.0666
-118.1166,51.0666
-118.1166,51.0666
-125.8833,49.1167
-123.8166,48.9833
-123.8166,48.9833
-123.6166,48.7333
-119.55,49.1833
-123.8166,48.9833
-123.8166,48.9833
-118.2333,50.5
-115.8166,51.2166
-115.8166,51.2166
-115.8166,51.2166
-115.8166,51.2166
-115.8166,51.2166
-121.7666,49.2333
-120.3166,50.6666
-116.2667,50.9
-114.0833,51.05
-113.9166,49.05
-122.7,49.25
-121.8833,44.2166
-112.8166,49.7
-123.4,48.65
-119.2666,50.7
-122.95,49.4
-119.55,49.1833
-119.55,49.1833
-122.1628,44.1753
-120.3166,50.6666
-119.45,49.0333
-119.3333,49.0166
-119.7333,49.3166
-119.35,49.0166
-112.75,49.7
-119.55,49.1833
-119.55,49.1833
-119.7333,49.3166
-122.95,49.4
-122.95,49.4
-112.75,49.7
-119.6204,49.2326
-128.9,54.7666
-119.55,49.3333
-109.7166,49.6666
-128.3833,54.6
-123.6166,48.7333
-128.9333,54.4167
-128.4,54.4667
-116.8688,46.7981
-128.8,57.4666
-122.8666,42.3333
-118.1666,51.0333
-122.95,49.4
-122.95,49.4
-118.15,51.05
-118.15,51.05
-119.55,49.1833
-123.053,49.7494
-123.053,49.7494
-123.0491,49.7606
-123.053,49.7494
-118.15,51.05
-118.1166,51.0666
-119.55,49.1833
-123.053,49.7494
-119.45,49.0333
-118.0833,51.0667
-123.053,49.7494
-123.0463,49.7652
-118.1333,51.0333
-122.2513,49.2165
-122.7,49.25
-123.062,49.7507
-119.55,49.1833
-118.1403,51.0469
-118.1666,51.0333
-120.0333,49.3666
-123.053,49.7494
-123.053,49.7494
-119.55,49.1833
-120.0333,49.3666
-120.0333,49.3666
-120.0333,49.3666
-119.7333,49.3166
-119.45,49.0333
-119.7333,49.3166
-123.053,49.7494
-123.053,49.7494
-118.1166,51.0666
-123.053,49.7494
-123.053,49.7494
-123.053,49.7494
-128.3833,54.6
-115.7666,49.5
-123.4166,48.6
-121.4333,49.3833
-123.6166,48.7333
-123.8166,48.9833
-118.1333,51.0333
-118.1333,51.0333
-118.1333,51.0333
-118.1333,51.0333
-118.1166,51.0666
-118.1666,51.0333
-118.1166,51.0666
-116.5,49.1
-110.4666,49.1166
-121.8706,44.1923
-122.6,47.6166
-118.1666,51.0333
-110.9,49.8666
-110.4666,49.1166
-121.8684,44.2245
-122.6,47.6166
-118.15,49.7833
-118.1666,51.0333
-122.6,47.6166
-110.2167,49
-112.0333,50.2833
-109.7166,49.6666
-112.75,49.7
-112.75,49.7
-123.8166,48.9833
-110.3,49.65
-110.3,49.65
-110.3,49.65
-122.6,47.6166
-122.6,47.6166
-112.0833,49.15
-110.3,49.65
-119.2666,50.7
-118.15,49.7833
-119.2666,50.7
-123.1,49.35
-123.9666,49.2
-118.15,49.7833
-106.3833,49.3666
-124.6333,49.4
-119.4333,50.85
-118.15,49.7833
-128.3833,54.6
-128.4333,54.5333
-123.6166,48.7333
-123.6166,48.7333
-128.3833,54.6
-112.0833,49.15
-122.6,47.6166
-121.9833,50.65
-118.15,49.7833
-121.9333,50.6833
-126.75,52.3833
-112.0833,49.15
-118.1333,51.0333
-110.3,49.65
-119.4333,50.85
-121.9333,50.6833
-121.9333,50.6833
-110.3,49.65
-115.6333,49.6166
-119.7,50.7833
-110.4666,49.1166
-118.1333,51.0333
-119.2666,50.25
-118.1666,51.0333
-127.6666,55.25
-121.6833,49.1833
-127.6666,55.25
-121.7666,49.2333
-110.3,49.65
-116.1833,51.4333
-121.7666,49.2333
-121.7666,49.2333
-110.3,49.65
-121.7666,49.2333
-119.8333,49.2
-115.6333,49.6166
-110.3,49.65
-118.1333,51.0333
-119.2666,50.25
-118.1333,51.0333
-121.7666,49.2333
-119.8333,49.2
-110.3,49.65
-110.3,49.65
-110.3,49.65
-139.0833,64.0667
-122.6,47.6166
-122.6,47.6166
-122.6,47.6166
-122.6,47.6166
-122.6,47.6166
-122.6,47.6166
-122.6,47.6166
-122.6,47.6166
-122.6,47.6166
-122.6,47.6166
-122.6,47.6166
-122.6,47.6166
-122.6,47.6166
-122.6,47.6166
-122.6,47.6166
-122.6,47.6166
-122.6,47.6166
-122.6,47.6166
-122.6,47.6166
-122.6,47.6166
-122.6,47.6166
-122.6,47.6166
-122.6,47.6166
-122.6,47.6166
-122.6,47.6166
-122.6,47.6166
-122.6,47.6166
-122.6,47.6166
-122.6,47.6166
-122.6,47.6166
-122.6,47.6166
-122.6,47.6166
-122.6,47.6166
-160.7833,63.8666
-138.2,64.4666
-137.9,63.8167
-145.8333,64.15
-138.25,64.5833
-135.05,60.7166
-138.2,64.4666
-150.0166,62.6166
-110.3166,31.45
-122.95,49.4
-113.95,49.4833
-119.2666,50.7
-128.0683,55.0998
-122.6,47.6166
-128.9333,54.4167
-128.6333,54.5166
-129.0792,55.2042
-122.1166,51.95
-135.1173,59.6481
-118.1333,51.0333
-128.5,59.9333
-116.9166,49.9166
-119.2666,50.25
-123.1166,49.25
-115.2,49.0333
-119.2666,50.25
-119.2666,50.7
-119.2666,50.25
-120.65,50.95
-113.9166,49.05
-112.75,49.7
-112.8166,49.7
-113.9166,49.05
-133.7,59.5666
-149.9,61.2166
-145.8333,64.15
-145.8491,65.1549
-135.05,60.7166
-128.7,60.0667
-150.0166,62.6166
-145.8333,64.15
-150.0166,62.6166
-150.0166,62.6166
-145.8333,64.15
-119.5833,49.5
-149.9,61.2166
-149.3666,60.4
-156.65,58.6833
-122.6,47.6166
-120.3166,50.6666
-122.6,47.6166
-119.5833,49.5
-116.9166,49.9166
-105.6,39.6666
-122.6,47.6166
-122.6,47.6166
-123.1166,49.25
-105.5166,39.9666
-122.5666,52.1166
-119.2666,50.7
-117.5166,49.1166
-117.5166,49.1166
-123.1166,49.25
-128.9,54.7666
-118.1666,51.0333
-119.55,49.1833
-119.55,49.1833
-119.2666,50.7
-110.8078,31.8018
-118.1465,51.017
-120.3166,50.6666
-118.1166,51.0666
-129.2833,54.3333
-118.1333,51.0333
-129.2833,54.3333
-118.1166,51.0666
-118.1333,51.0333
-128.65,54.05
-129.2833,54.3333
-122.8876,46.8376
-123.1166,49.25
-122.95,49.4
-120.6666,50.1666
-123.1166,49.25
-122.6167,49.1333
-122.6167,49.1333
-119.5833,49.5
-116.9166,49.9166
-123.1166,49.25
-121.5666,50.2333
-119.5833,49.5
-122.8876,46.8376
-115.9166,51.3
-122.85,46.85
-119.2666,50.25
-119.5833,49.5
-120.6666,50.1666
-120.3166,50.6666
-118.1333,51.0333
-115.9166,51.3
-129.2833,54.3333
-128.6,54.5333
-119.75,48.55
-128.6,54.5333
-129.2833,54.3333
-129.0792,55.2042
-129.2833,54.3333
-128.65,54.05
-119.2666,50.7
-119.2666,50.25
-110.3,49.65
-110.2833,49.6666
-133.7,59.5666
-110.4666,49.1166
-112.75,49.7
-123.3666,48.4333
-119.2666,50.7
-118.0833,52.8833
-116.9666,51.3
-133.7,59.5666
-133.7,59.5666
-110.3,49.65
-133.7,59.5666
-133.7,59.5666
-133.7,59.5666
-133.7,59.5666
-133.7,59.5666
-133.7,59.5666
-133.7,59.5666
-128.5333,54.3833
-133.7,59.5666
-133.7,59.5666
-109.7166,49.6666
-119.2666,50.25
-114.1666,49.5833
-133.5,59.55
-133.7,59.5666
-110.3,49.65
-110.3,49.65
-112.75,49.7
-133.4833,59.5667
-121.9333,50.6833
-118.1666,51.0333
-122.8876,46.8376
-119.2666,50.25
-118.1333,51.0333
-121.9833,50.65
-119.55,49.1833
-123.3666,48.4333
-113.9166,49.05
-119.55,49.1833
-119.55,49.1833
-116.9666,51.3
-118.1666,51.0333
-110.45,49.0666
-112.8166,49.7
-110.3,49.65
-112.75,49.7
-120.3166,50.6666
-116.9166,49.9166
-119.55,49.1833
-119.2666,50.25
-112.8166,49.7
-129.2833,54.3333
-123.3666,48.4333
-124.0333,49.2
-129.2833,54.3333
-128.5833,54.4333
-123.4166,48.6
-112.75,49.7
-112.2009,49.2833
-112.75,49.7
-112.75,49.7
-113.9166,49.05
-119.2666,50.7
-112.75,49.7
-115.0683,51.0941
-119.2,50.45
-116.8688,46.7981
-123.3833,48.4833
-123.3666,48.4333
-115.9166,51.3
-112.75,49.7
-119.2666,50.25
-119.2666,50.25
-111.9509,49
-112.75,49.7
-115.9166,51.3
-114.0833,51.05
-113.9166,49.05
-112.75,49.7
-119.2666,50.25
-109.7166,49.6666
-121.7666,49.2333
-121.7666,49.2333
-121.7666,49.2333
-118.1333,51.0333
-119.55,49.1833
-123.3666,48.4333
-122.5666,52.1166
-110.7333,50.05
-124.0333,49.2
-119.2666,50.25
-122.5666,52.1166
-123.3666,48.4333
-119.8333,49.2
-113.9166,49.05
-112.75,49.7
-110.3,49.65
-110.3,49.65
-110.3,49.65
-110.3,49.65
-112.75,49.7
-112.75,49.7
-113.9166,49.05
-116.9166,49.9166
-121.9833,50.65
-113.9166,49.05
-119.5833,49.5
-112.75,49.7
-112.75,49.7
-112.75,49.7
-112.75,49.7
-112.75,49.7
-112.75,49.7
-112.75,49.7
-118.9833,50.8333
-115.7666,49.5
-115.7666,49.5
-121.35,50.4167
-119.3333,50.2333
-119.2666,50.7
-124.0333,49.2
-116.9666,51.3
-119.5833,49.5
-117.5166,51.2666
-115.5666,51.1666
-109.7166,49.6666
-121.6833,49.1833
-119.2666,50.25
-118.2,49.0667
-119.2478,49.2298
-128.6333,54.5166
-119.2478,49.2298
-128.6333,54.5333
-115.6505,51.197
-119.3166,49.0166
-123.1166,49.25
-123.6166,48.7333
-113.7333,52.4666
-124.95,49.65
-119.55,49.1833
-119.55,49.1833
-119.55,49.1833
-119.55,49.1833
-119.55,49.1833
-119.55,49.1833
-119.55,49.1833
-119.55,49.1833
-120.3166,50.6666
-123.053,49.7494
-120.020254,39.127268
-111.297704,42.32215
-111.297704,42.32215
-123.266471,47.487964
-123.266471,47.487964
-111.65056,35.19806
-105.418056,40.026667
-111.297704,42.32215
-123.266471,47.487964
-123.266471,47.487964
-111.297704,42.32215
-123.266471,47.487964
-105.418056,40.026667
-123.266471,47.487964
-111.297704,42.32215
-111.297704,42.32215
-111.297704,42.32215
-111.297704,42.32215
-105.616947,40.059708
-123.266471,47.487964
-111.297704,42.32215
-123.266471,47.487964
-123.266471,47.487964
-111.297704,42.32215
-111.8037,41.629593
-111.651272,35.198067
-123.266471,47.487964
-105.418056,40.026667
-123.266471,47.487964
-111.65056,35.19806
-123.266471,47.487964
-111.297704,42.32215
-123.266471,47.487964
-123.266471,47.487964
-123.266471,47.487964
-123.266471,47.487964
-123.266471,47.487964
-120.020254,39.127268
-111.297704,42.32215
-111.297704,42.32215
-111.297704,42.32215
-111.297704,42.32215
-123.266471,47.487964
-111.297704,42.32215
-111.297704,42.32215
-111.297704,42.32215
-111.297704,42.32215
-120.71667,46.492637
-123.266471,47.487964
-111.297704,42.32215
-120.020254,39.127268
-123.266471,47.487964
-123.266471,47.487964
-123.266471,47.487964
-111.297704,42.32215
-123.266471,47.487964
-123.266471,47.487964
-111.297704,42.32215
-123.266471,47.487964
-111.297704,42.32215
-111.297704,42.32215
-111.297704,42.32215
-111.297704,42.32215
-111.297704,42.32215
-124.053451,44.636784
-106.14834,37.58135
-123.266471,47.487964
-123.266471,47.487964
-123.266471,47.487964
-106.14834,37.58135
-124.053451,44.636784
-111.65056,35.19806
-123.335989,47.639627
-123.266471,47.487964
-123.34056,43.21667
-107.32417,39.55056
-121.97778,44.78306
-123.34056,43.21667
-107.32417,39.55056
-118.41472,44.03833
-107.76111,38.15278
-103.59833,43.76667
-122.14194,37.44194
-122.16917,37.42722
-123.26083,44.56472
-105.58861,39.905
-118.231,44.96
-119.273889,50.265556
-110.7336,44.9195
-110.7336,44.9195
-110.7336,44.9195
-110.7336,44.9195
-106.3,39.366667
-110.7336,44.9195
-110.7336,44.9195
-110.7336,44.9195
-106.156389,39.501667
-110.7336,44.9195
-110.7336,44.9195
-122.16917,37.42722
-123.26083,44.56472
-121.96,49.05
-123.26083,44.56472
-115.55,51.166667
-122.14972,43.15889
-121.81139,46.75
-123.10472,44.63667
-119.273889,50.265556
-110.7336,44.9195
-110.7336,44.9195
-110.7336,44.9195
-110.7336,44.9195
-116.1375,46.39111
-110.7336,44.9195
-110.7336,44.9195
-110.7336,44.9195
-122.1345,42.8971
-110.7336,44.9195
-110.7336,44.9195
-105.93722,35.68694
-122.925,45.699
-122.134,42.897
-123.10944,45.52
-113.05,37.3
-110.7336,44.9195
-110.7336,44.9195
-110.7336,44.9195
-121.97778,44.78306
-110.7336,44.9195
-110.7336,44.9195
-107.183333,39.55
-110.7336,44.9195
-110.7336,44.9195
-105.43333,37.42889
-111.03778,45.67972
-123.59528,44.38167
-122.925,45.699
-121.65434,45.40406
-110.7336,44.9195
-113.99306,46.87222
-110.7336,44.9195
-110.7336,44.9195
-123.26083,44.56472
-110.7336,44.9195
-110.7336,44.9195
-110.7336,44.9195
-110.7336,44.9195
-110.7336,44.9195
-105.43333,37.42889
-107.183333,39.55
-123.55,44.5044
-118.08667,45.32472
-105.5971,40.5614
-110.7336,44.9195
-118.08667,45.32472
-110.7336,44.9195
-112.582,38.602
-110.7336,44.9195
-110.7336,44.9195
-110.7336,44.9195
-110.7336,44.9195
-110.7336,44.9195
-123.616667,48.733333
-122.70306,41.065
-124.05222,44.63694
-121.766667,49.233333
-103.63806,44.46111
-103.72917,44.37667
-103.85889,44.49083
-122.39472,42.40556
-121.05972,39.92972
-123.10944,45.52
-122.925,45.699
-110.7336,44.9195
-122.98861,45.52306
-110.7336,44.9195
-110.7336,44.9195
-110.7336,44.9195
-107.183333,39.55
-110.7336,44.9195
-110.7336,44.9195
-110.7336,44.9195
-110.7336,44.9195
-110.7336,44.9195
-117.939,44.912
-118.231,44.96
-123.133333,49.25
-122.925,45.699
-122.14972,43.15889
-117.1675,44.76917
-110.7336,44.9195
-111.03778,45.67972
-110.7336,44.9195
-110.7336,44.9195
-113.05,37.3
-107.183333,39.55
-110.7336,44.9195
-110.7336,44.9195
-110.7336,44.9195
-110.7336,44.9195
-105.50778,40.07222
-122.16917,37.42722
-105.01667,37.15222
-122.39472,42.40556
-104.98417,39.73917
-122.925,45.699
-118.64667,42.73722
-110.7336,44.9195
-110.7336,44.9195
-110.7336,44.9195
-118.42028,45.50667
-107.183333,39.55
-110.7336,44.9195
-110.7336,44.9195
-110.7336,44.9195
-110.7336,44.9195
-110.7336,44.9195
-105.5971,40.5614
-118.231,44.96
-106.69167,35.76861
-111.66,40.23
-123.26083,44.56472
-123.03389,44.94306
-107.183333,39.55
-113.42,53.83
-110.7336,44.9195
-110.7336,44.9195
-122.5429,46.0547
-110.7336,44.9195
-121.566667,50.233333
-110.7336,44.9195
-110.7336,44.9195
-122.70306,41.065
-110.7336,44.9195
-110.7336,44.9195
-110.7336,44.9195
-110.7336,44.9195
-110.7336,44.9195
-115.55,51.166667
-105.5971,40.5614
-118.231,44.96
-106.69167,35.76861
-118.3942,45.1329
-105.508,40.072
-123.133333,49.25
-107.183333,39.55
-117.17861,46.73139
-117.83333,44.775
-110.7336,44.9195
-110.7336,44.9195
-121.65434,45.40406
-123.18556,44.85139
-110.7336,44.9195
-110.7336,44.9195
-122.39472,42.40556
-105.58861,39.905
-110.7336,44.9195
-110.7336,44.9195
-110.7336,44.9195
-110.7336,44.9195
-110.7336,44.9195
-105.59056,41.31139
-107.76111,38.15278
-123.051,42.432
-112.582,38.602
-115.55,51.166667
-111.03778,45.67972
-123.00417,45.73056
-118.088,45.325
-122.818,42.275
-103.59833,43.76667
-106.1094,40.6351
-105.35,40.08333
-118.64667,42.73722
-123.59858,44.38041
-122.1345,42.8971
-123.34056,43.21667
-115.55,51.166667
-117.91889,45.02861
-122.16917,37.42722
-122.16917,37.42722
-123.26083,44.56472
-106.61111,40.38472
-123.966667,49.183333
-116.865487,46.087024
-117.91889,45.02861
-121.97778,44.78306
-115.55,51.166667
-110.7336,44.9195
-110.7336,44.9195
-110.7336,44.9195
-110.7336,44.9195
-123.133333,49.25
-110.7336,44.9195
-110.7336,44.9195
-110.7336,44.9195
-110.7336,44.9195
-122.1345,42.8971
-110.7336,44.9195
-110.7336,44.9195
-110.7336,44.9195
-124.10361,44.31139
-121.94254,45.34731
-111.11056,43.60278
-123.133333,49.25
-121.6944,45.3736
-110.7336,44.9195
-110.7336,44.9195
-123.60139,46.98139
-110.7336,44.9195
-116.030278,50.508333
-121.566667,50.233333
-110.7336,44.9195
-110.7336,44.9195
-110.7336,44.9195
-110.7336,44.9195
-110.7336,44.9195
-122.1345,42.8971
-123.26083,44.56472
-122.16917,37.42722
-106.61111,40.38472
-117.32306,44.87111
-122.315619,42.444472
-110.7336,44.9195
-124.06528,41.54694
-110.7336,44.9195
-122.345,44.154
-110.7336,44.9195
-110.7336,44.9195
-110.7336,44.9195
-110.7336,44.9195
-110.7336,44.9195
-123.18556,44.85139
-110.7336,44.9195
-110.7336,44.9195
-123.92056,40.32194
-122.10556,42.94389
-119.273889,50.265556
-122.5429,46.0547
-117.17861,46.73139
-115.39861,47.38333
-110.7336,44.9195
-123.34056,43.21667
-110.7336,44.9195
-110.7336,44.9195
-122.1345,42.8971
-122.16395,44.17512
-110.7336,44.9195
-110.7336,44.9195
-110.7336,44.9195
-110.7336,44.9195
-110.7336,44.9195
-121.94254,45.34731
-120.18333,38.95
-122.96778,44.51028
-122.66222,45.49
-111.11056,43.60278
-104.98417,39.73917
-110.7336,44.9195
-123.17083,45.85333
-110.7336,44.9195
-123.26083,44.56472
-110.7336,44.9195
-110.7336,44.9195
-110.7336,44.9195
-110.7336,44.9195
-119.273889,50.265556
-110.7336,44.9195
-110.7336,44.9195
-123.133333,49.25
-116.99917,43.7325
-118.64667,42.73722
-105.4119,40.0107
-123.34056,43.21667
-117.01667,46.41667
-118.231,44.96
-110.7336,44.9195
-122.16395,44.17512
-110.7336,44.9195
-123.26083,44.56472
-110.7336,44.9195
-110.7336,44.9195
-156.2,58.666667
-118.231,44.96
-110.7336,44.9195
-110.7336,44.9195
-110.7336,44.9195
-110.7336,44.9195
-110.7336,44.9195
-110.7336,44.9195
-123.92056,40.32194
-118.73667,48.64833
-123.133333,49.25
-122.48694,48.75972
-117.14,47.00806
-103.18417,37.94611
-107.183333,39.55
-113.42,53.83
-103.59833,43.76667
-123.26083,44.56472
-110.7336,44.9195
-110.7336,44.9195
-105.5971,40.5614
-115.39861,47.38333
-110.7336,44.9195
-110.7336,44.9195
-110.7336,44.9195
-110.7336,44.9195
-110.7336,44.9195
-123.26083,44.56472
-122.7073,42.5432
-110.7336,44.9195
-123.26083,44.56472
-123.59528,44.38167
-110.7336,44.9195
-117.22083,45.335
-110.7336,44.9195
-110.7336,44.9195
-122.70306,41.065
-110.7336,44.9195
-110.7336,44.9195
-110.7336,44.9195
-110.7336,44.9195
-110.7336,44.9195
-123.133333,49.25
-110.7336,44.9195
-110.7336,44.9195
-113.05,37.3
-121.94254,45.34731
-123.34056,43.21667
-111.03778,45.67972
-105.25,40
-106.3,39.366667
-117.20333,45.20833
-110.7336,44.9195
-121.05972,39.92972
-122.39472,42.40556
-122.345,44.154
-110.7336,44.9195
-110.7336,44.9195
-124.08167,40.86667
-110.7336,44.9195
-110.7336,44.9195
-110.7336,44.9195
-110.7336,44.9195
-110.7336,44.9195
-119.273889,50.265556
-110.7336,44.9195
-110.7336,44.9195
-111.40028,42.22722
-121.94254,45.34731
-121.79,45.58
-122.134,42.897
-110.7336,44.9195
-110.7336,44.9195
-111.03778,45.67972
-110.7336,44.9195
-110.7336,44.9195
-105.20278,37.59306
-116.38472,44.95528
-110.7336,44.9195
-110.7336,44.9195
-110.7336,44.9195
-110.7336,44.9195
-122.46056,43.74667
-110.7336,44.9195
-113.430905,48.744007
-106.989768,38.959158
-116.81222,43.54556
-106.989768,38.959158
-109.083282,40.29617
-146.47339,64.954121
-105.30472,39.52111
-105.30472,39.52111
-106.989768,38.959158
-105.30472,39.52111
-112.072114,36.232482
-112.063973,36.214809
-112.057331,36.219056
-112.058096,36.213472
-112.064883,36.221621
-112.058096,36.213472
-112.071902,36.222304
-112.064883,36.217189
-112.058096,36.213472
-105.12083,39.55333
-106.131956,41.18414
-123.353777,48.431511
-118.527126,45.312922
-123.353777,48.431511
-123.353777,48.431511
-123.353777,48.431511
-105.270546,40.014986
-107.332375,39.552344
-123.353777,48.431511
-123.353777,48.431511
-123.353777,48.431511
-105.599795,40.55785
-123.353777,48.431511
-123.353777,48.431511
-123.353777,48.431511
-105.940931,40.088789
-105.270546,40.014986
-105.508332,40.072208
-105.974648,39.8705
-105.165422,39.542292
-123.353777,48.431511
-105.763062,39.891654
-123.353777,48.431511
-123.353777,48.431511
-106.116839,40.834648
-123.353777,48.431511
-111.647385,40.389718
-123.353777,48.431511
-111.340853,44.496771
-111.125622,43.756782
-105.270546,40.014986
-105.44861,40.45389
-115.474225,40.691594
-123.353777,48.431511
-111.111332,43.602698
-111.125622,43.756782
-123.353777,48.431511
-106.141677,41.298306
-110.508053,43.84168
-123.353777,48.431511
-105.961301,40.144198
-105.270546,40.014986
-105.48194,39.91083
-123.353777,48.431511
-110.420041,31.864334
-154.942862,58.381171
-121.769645,44.103833
-105.524412,40.373021
-111.83,45.23
-111.45,44.07
-111.45,44.07
-111.45,44.07
-111.45,44.07
-111.45,44.07
-122.46,38.29
-111.47,44.33
-110.493271,44.735972
-116.999,46.733
-116.999,46.733
-123.0369,38.3903
-122.9667,49.1667
-122.9667,49.1667
-122.9667,49.1667
-122.9667,49.1667
-121.158,46.9757
-113.1319,45.4786
-122.9667,49.1667
-122.9667,49.1667
-113.2867,46.4167
-123.0369,38.3903
-122.9667,49.1667
-122.9667,49.1667
-113.1319,45.4786
-116.0833,49.0833
-106.9258,37.8492
-116.0833,49.0833
-122.9667,49.1667
-113.1319,45.4786
-106.9258,37.8492
-121.8047,38.005
-122.9667,49.1667
-106.9258,37.8492
-122.9667,49.1667
-106.9258,37.8492
-122.9667,49.1667
-122.9667,49.1667
-113.1319,45.4786
-116.0833,49.0833
-122.9667,49.1667
-122.9667,49.1667
-122.9667,49.1667
-122.9667,49.1667
-106.9258,37.8492
-123.0369,38.3903
-122.9667,49.1667
-149.9003,61.2181
-122.9667,49.1667
-122.9667,49.1667
-123.0369,38.3903
-113.1319,45.4786
-122.9667,49.1667
-122.9667,49.1667
-111.8053,41.9636
-122.9667,49.1667
-122.9667,49.1667
-105.4486,40.4539
-122.9667,49.1667
-122.9667,49.1667
-149.9003,61.2181
-113.1319,45.4786
-113.1319,45.4786
-122.9667,49.1667
-122.9667,49.1667
-113.1319,45.4786
-120.3717,46.4189
-106.9258,37.8492
-117.9378,44.9117
-122.9667,49.1667
-122.9667,49.1667
-113.1319,45.4786
-122.9667,49.1667
-116.0833,49.0833
-111.0378,45.6797
-105.5972,40.5611
-106.9258,37.8492
-106.9258,37.8492
-106.9258,37.8492
-149.9003,61.2181
-122.9667,49.1667
-106.9258,37.8492
-106.9258,37.8492
-121.4333,49.3833
-106.9258,37.8492
-113.1319,45.4786
-106.9258,37.8492
-122.9667,49.1667
-122.9667,49.1667
-116.0833,49.0833
-122.9667,49.1667
-116.0833,49.0833
-120.7833,50.1167
-113.8697,48.6136
-118.7367,48.6483
-116.0833,49.0833
-106.9258,37.8492
-122.9667,49.1667
-113.1319,45.4786
-106.2919,39.2508
-122.9667,49.1667
-122.9667,49.1667
-116.0833,49.0833
-122.9667,49.1667
-118.7367,48.6483
-105.4486,40.4539
-113.1319,45.4786
-122.3417,48.3406
-106.9258,37.8492
-122.9667,49.1667
-122.9667,49.1667
-113.1319,45.4786
-122.9667,49.1667
-106.9258,37.8492
-122.9667,49.1667
-122.9667,49.1667
-122.9667,49.1667
-122.9667,49.1667
-116.0833,49.0833
-122.9667,49.1667
-122.9667,49.1667
-122.9667,49.1667
-117.9189,45.0286
-106.9258,37.8492
-111.6825,35.3408
-106.9258,37.8492
-122.9667,49.1667
-106.9258,37.8492
-120.3717,46.4189
-122.9667,49.1667
-106.9258,37.8492
-122.9667,49.1667
-122.9667,49.1667
-122.9667,49.1667
-149.9003,61.2181
-122.9667,49.1667
-113.1319,45.4786
-122.9667,49.1667
-111.8053,41.9636
-116.0833,49.0833
-149.9003,61.2181
-116.0833,49.0833
-122.9667,49.1667
-111.6825,35.3408
-123.0369,38.3903
-106.9258,37.8492
-122.9667,49.1667
-111.0378,45.6797
-105.4486,40.4539
-106.9258,37.8492
-113.1319,45.4786
-122.9667,49.1667
-106.9258,37.8492
-122.9667,49.1667
-106.9258,37.8492
-123.0369,38.3903
-111.8053,41.9636
-122.9667,49.1667
-109.2486,37.2436
-106.9258,37.8492
-106.9258,37.8492
-123.0369,38.3903
-106.9258,37.8492
-149.9003,61.2181
-115.3986,47.3833
-122.9667,49.1667
-106.9258,37.8492
-113.1319,45.4786
-122.9667,49.1667
-106.9258,37.8492
-122.9667,49.1667
-122.9667,49.1667
-122.9667,49.1667
-122.9667,49.1667
-121.9697,38.525
-122.9667,49.1667
-122.9667,49.1667
-149.9003,61.2181
-113.1319,45.4786
-122.9667,49.1667
-122.9667,49.1667
-106.9258,37.8492
-122.9667,49.1667
-122.9667,49.1667
-118.7367,48.6483
-122.9667,49.1667
-113.1319,45.4786
-122.9667,49.1667
-116.0833,49.0833
-122.9667,49.1667
-106.9258,37.8492
-122.9667,49.1667
-122.9667,49.1667
-122.9667,49.1667
-122.9667,49.1667
-122.9667,49.1667
-122.9667,49.1667
-122.9667,49.1667
-106.9258,37.8492
-122.9667,49.1667
-122.9667,49.1667
-106.9258,37.8492
-149.9003,61.2181
-106.9258,37.8492
-122.9667,49.1667
-122.9667,49.1667
-122.9667,49.1667
-106.9258,37.8492
-122.9667,49.1667
-122.9667,49.1667
-123.0369,38.3903
-106.9258,37.8492
-106.9258,37.8492
-106.9258,37.8492
-113.9931,46.8722
-122.9667,49.1667
-122.9667,49.1667
-122.9667,49.1667
-122.9667,49.1667
-116.0833,49.0833
-116.0833,49.0833
-122.9667,49.1667
-106.9258,37.8492
-121.5667,50.2333
-122.9667,49.1667
-116.0833,49.0833
-122.9667,49.1667
-122.9667,49.1667
-122.9667,49.1667
-122.9667,49.1667
-116.0833,49.0833
-122.9667,49.1667
-122.9667,49.1667
-149.9003,61.2181
-121.8047,38.005
-116.0833,49.0833
-122.9667,49.1667
-122.9667,49.1667
-120.3717,46.4189
-111.8053,41.9636
-116.0833,49.0833
-118.7367,48.6483
-118.7367,48.6483
-114.1,49.3333
-106.9258,37.8492
-123.0369,38.3903
-122.9667,49.1667
-149.9003,61.2181
-124.0986,43.9828
-122.9667,49.1667
-149.9003,61.2181
-122.9667,49.1667
-122.9667,49.1667
-122.9667,49.1667
-106.9258,37.8492
-121.8047,38.005
-113.1319,45.4786
-105.4486,40.4539
-122.9667,49.1667
-122.9667,49.1667
-113.1319,45.4786
-106.9258,37.8492
-122.9667,49.1667
-122.9667,49.1667
-122.9667,49.1667
-122.9667,49.1667
-122.9667,49.1667
-106.9258,37.8492
-122.9667,49.1667
-122.9667,49.1667
-122.9667,49.1667
-113.1319,45.4786
-116.0833,49.0833
-122.9667,49.1667
-122.9667,49.1667
-107.2433,34.1167
-106.9258,37.8492
-106.9258,37.8492
-149.9003,61.2181
-106.9258,37.8492
-113.1319,45.4786
-116.0833,49.0833
-106.9258,37.8492
-106.9258,37.8492
-122.9667,49.1667
-122.9667,49.1667
-122.9667,49.1667
-110.1533,41.0544
-122.9667,49.1667
-121.8047,38.005
-122.9667,49.1667
-111.8053,41.9636
-106.9258,37.8492
-122.9667,49.1667
-106.9258,37.8492
-122.9667,49.1667
-122.9667,49.1667
-122.9667,49.1667
-122.9667,49.1667
-122.9667,49.1667
-106.9258,37.8492
-122.9667,49.1667
-122.9667,49.1667
-122.9667,49.1667
-122.9667,49.1667
-122.9667,49.1667
-106.9258,37.8492
-122.9667,49.1667
-118.7367,48.6483
-122.9667,49.1667
-122.9667,49.1667
-121.5069,45.7044
-122.9667,49.1667
-113.1319,45.4786
-122.9667,49.1667
-122.9667,49.1667
-121.8047,38.005
-122.9667,49.1667
-111.6825,35.3408
-122.9667,49.1667
-111.8053,41.9636
-122.9667,49.1667
-122.9667,49.1667
-106.9258,37.8492
-116.0833,49.0833
-113.1319,45.4786
-122.9667,49.1667
-123.0369,38.3903
-122.9667,49.1667
-116.0833,49.0833
-122.9667,49.1667
-106.9258,37.8492
-122.9667,49.1667
-122.9667,49.1667
-115.3986,47.3833
-122.9667,49.1667
-122.9667,49.1667
-106.9258,37.8492
-116.0833,49.0833
-122.9667,49.1667
-106.9258,37.8492
-106.9258,37.8492
-111.8053,41.9636
-122.9667,49.1667
-110.7644,40.4042
-122.9667,49.1667
-106.9258,37.8492
-122.9667,49.1667
-106.9258,37.8492
-116.0833,49.0833
-122.9667,49.1667
-149.9003,61.2181
-149.9003,61.2181
-124.1157,40.9251
-118.7367,48.6483
-113.1319,45.4786
-113.1319,45.4786
-106.9258,37.8492
-122.9667,49.1667
-106.9258,37.8492
-122.9667,49.1667
-106.9258,37.8492
-113.1319,45.4786
-122.9667,49.1667
-122.3417,48.3406
-116.0833,49.0833
-113.1319,45.4786
-116.0833,49.0833
-122.9667,49.1667
-116.0833,49.0833
-106.9258,37.8492
-122.9667,49.1667
-113.1319,45.4786
-122.9667,49.1667
-113.1319,45.4786
-122.9667,49.1667
-113.1319,45.4786
-106.9258,37.8492
-116.0833,49.0833
-122.9667,49.1667
-106.9258,37.8492
-122.9667,49.1667
-113.1319,45.4786
-106.9258,37.8492
-122.9667,49.1667
-106.9258,37.8492
-121.8047,38.005
-113.1319,45.4786
-111.6825,35.3408
-122.9667,49.1667
-122.9667,49.1667
-106.9258,37.8492
-122.9667,49.1667
-122.9667,49.1667
-122.9667,49.1667
-106.9258,37.8492
-105.27,40.015
-106.9258,37.8492
-122.055369,37.01519
-121.790598,36.934249
-121.790598,36.934249
-121.790598,36.934249
-121.790598,36.934249
-121.790598,36.934249
-121.790598,36.934249
-121.790598,36.934249
-121.790598,36.934249
-121.790598,36.934249
-121.685888,36.937781
-121.790598,36.934249
-121.790598,36.934249
-121.790598,36.934249
-121.790598,36.934249
-121.790598,36.934249
-121.790598,36.934249
-121.790598,36.934249
-121.790598,36.934249
-121.790598,36.934249
-121.790598,36.934249
-121.790598,36.934249
-121.790598,36.934249
-121.790598,36.934249
-121.790598,36.934249
-121.790598,36.934249
-121.790598,36.934249
-121.790598,36.934249
-121.790598,36.934249
-121.790598,36.934249
-121.790598,36.934249
-121.790598,36.934249
-121.790598,36.934249
-121.790598,36.934249
-121.790598,36.934249
-121.790598,36.934249
-121.790598,36.934249
-121.790598,36.934249
-121.790598,36.934249
-121.790598,36.934249
-122.067445,36.976324
-121.871839,36.960828
-122.067445,36.976324
-121.871839,36.960828
-121.871839,36.960828
-122.067445,36.976324
-122.067445,36.976324
-121.871839,36.960828
-121.787366,36.908356
-121.871839,36.960828
-121.871839,36.960828
-121.871839,36.960828
-121.787366,36.908356
-121.871839,36.960828
-121.871839,36.960828
-121.871839,36.960828
-121.871839,36.960828
-121.871839,36.960828
-121.871839,36.960828
-122.067445,36.976324
-121.871839,36.960828
-121.871839,36.960828
-121.871839,36.960828
-121.871839,36.960828
-121.871839,36.960828
-121.790598,36.934249
-121.790598,36.934249
-121.685888,36.937781
-121.790598,36.934249
-121.790598,36.934249
-121.790598,36.934249
-121.790598,36.934249
-121.790598,36.934249
-121.685888,36.937781
-121.790598,36.934249
-121.790598,36.934249
-121.685888,36.937781
-121.790598,36.934249
-121.790598,36.934249
-121.790598,36.934249
-121.790598,36.934249
-121.685888,36.937781
-121.856083,36.983875
-121.685888,36.937781
-121.790598,36.934249
-121.790598,36.934249
-121.685888,36.937781
-121.790598,36.934249
-121.790598,36.934249
-121.790598,36.934249
-121.790598,36.934249
-121.790598,36.934249
-121.790598,36.934249
-121.790598,36.934249
-121.790598,36.934249
-121.790598,36.934249
-121.790598,36.934249
-121.790598,36.934249
-121.790598,36.934249
-121.790598,36.934249
-121.790598,36.934249
-121.790598,36.934249
-121.790598,36.934249
-121.790598,36.934249
-121.790598,36.934249
-121.790598,36.934249
-121.790598,36.934249
-121.790598,36.934249
-121.790598,36.934249
-121.790598,36.934249
-121.790598,36.934249
-121.790598,36.934249
-121.790598,36.934249
-121.790598,36.934249
-121.790598,36.934249
-121.790598,36.934249
-121.790598,36.934249
-121.790598,36.934249
-121.790598,36.934249
-121.790598,36.934249
-121.790598,36.934249
-121.790598,36.934249
-121.790598,36.934249
-121.790598,36.934249
-121.790598,36.934249
-121.790598,36.934249
-121.790598,36.934249
-122.067445,36.976324
-121.871839,36.960828
-122.067445,36.976324
-121.871839,36.960828
-122.067445,36.976324
-121.871839,36.960828
-122.067445,36.976324
-122.067445,36.976324
-121.871839,36.960828
-121.871839,36.960828
-121.871839,36.960828
-121.871839,36.960828
-121.871839,36.960828
-121.871839,36.960828
-121.871839,36.960828
-121.871839,36.960828
-121.871839,36.960828
-121.871839,36.960828
-121.871839,36.960828
-121.871839,36.960828
-121.871839,36.960828
-121.871839,36.960828
-121.871839,36.960828
-121.871839,36.960828
-121.871839,36.960828
-121.871839,36.960828
-122.067445,36.976324
-121.871839,36.960828
-109.0053,40.503752
-109.184573,40.725459
-122.67611,45.52333
-111.89083,40.76056
-111.89083,40.76056
-121.80528,37.98111
-122.63889,41.435
-111.75917,35.37667
-107.33889,34.96167
-111.75917,35.37667
-111.75917,35.37667
-106.62167,35.08417
-111.75917,35.37667
-111.75917,35.37667
-111.75917,35.37667
-109.45694,34.01333
-121.02111,39.94639
-111.75917,35.37667
-111.75917,35.37667
-111.75917,35.37667
-148.28306,64.73333
-111.75917,35.37667
-111.75917,35.37667
-111.75917,35.37667
-117.95472,45.45639
-118.53472,36.84972
-111.75917,35.37667
-121.82722,37.325
-122.17222,37.41889
-111.75917,35.37667
-122.96528,38.07417
-122.27278,37.87167
-122.17222,37.41889
-122.125,37.41917
-111.75917,35.37667
-122.27278,37.87167
-111.75917,35.37667
-122.17222,37.41889
-121.80528,37.98111
-148.28306,64.73694
-122.125,37.41917
-122.125,37.41917
-111.75917,35.37667
-111.75917,35.37667
-122.24778,37.89944
-122.33194,47.60611
-122.17222,37.41889
-122.125,37.41917
-122.125,37.41917
-118.53472,36.84972
-122.14333,42.91083
-122.33194,47.60611
-122.17222,37.41889
-121.96472,37.57667
-122.125,37.41917
-124.03361,46.49833
-122.17222,37.41889
-123.795,40.1
-122.17222,37.41889
-122.17222,37.41889
-121.69528,37.93167
-122.17222,37.41889
-122.17222,37.41889
-122.17222,37.41889
-122.09833,41.39972
-122.17222,37.41889
-122.17222,37.41889
-121.69528,37.93167
-122.17222,37.41889
-122.17222,37.41889
-121.82722,37.325
-122.35889,45.35722
-122.125,37.41917
-111.74222,35.33306
-122.17222,37.41889
-122.31306,37.55417
-124.03361,46.49833
-122.17222,37.41889
-122.33194,47.60611
-121.82722,37.325
-122.36583,37.58389
-122.17222,37.41889
-118.53472,36.84972
-121.02111,39.94639
-103.45972,43.87889
-118.98111,48.72083
-122.17222,37.41889
-121.82722,37.325
-122.125,37.41917
-122.46194,37.70556
-122.125,37.41917
-111.75917,35.37667
-122.435,37.7
-122.125,37.41917
-122.33194,47.60611
-120.92111,41.34639
-122.17222,37.41889
-122.125,37.41917
-122.17222,37.41889
-122.125,37.41917
-121.56917,40.53417
-118.95361,48.72611
-122.125,37.41917
-122.33194,47.60611
-122.53194,38.42333
-103.45972,43.87889
-122.435,37.7
-122.27278,37.87167
-122.125,37.41917
-122.17222,37.41889
-122.17222,37.41889
-112.02694,46.59556
-122.125,37.41917
-122.17222,37.41889
-122.17222,37.41889
-122.17222,37.41889
-120.92111,41.34639
-122.14333,42.91083
-124.03361,46.49833
-122.06472,37.90611
-123.38417,39.48111
-122.17222,37.41889
-120.92111,41.34639
-121.75667,36.91
-122.54167,47.11194
-120.92111,41.34639
-120.69528,39.76056
-122.96528,38.07417
-122.36583,37.58389
-122.125,37.41917
-122.14333,42.91083
-121.96472,37.57667
-120.92111,41.34639
-122.17222,37.41889
-121.96472,37.57667
-120.92111,41.34639
-122.54167,47.11194
-121.96472,37.57667
-121.75667,36.91
-123.80833,40.1425
-125.26806,50.20556
-122.29778,37.88694
-122.96528,38.07417
-106.02972,40.52722
-122.96528,38.07417
-121.73611,38.55083
-122.96528,38.07417
-122.29778,37.88694
-122.96528,38.07417
-122.27278,37.87167
-122.91528,38.37222
-122.96528,38.07417
-122.17222,37.41889
-120.92111,41.34639
-122.96528,38.07417
-122.96528,38.07417
-120.92111,41.34639
-119.87278,44.53861
-103.45972,43.87889
-122.125,37.41917
-120.92111,41.34639
-120.92111,41.34639
-124.12778,43.90972
-122.63639,38.23222
-122.33194,47.60611
-103.45972,43.87889
-120.92111,41.34639
-123.99472,40.76111
-122.17222,37.41889
-122.33194,47.60611
-122.96528,38.07417
-122.96528,38.07417
-110.6375,43.90889
-120.92111,41.34639
-123.13333,41.74806
-124.15611,40.80194
-121.75667,36.91
-121.10667,39.56389
-121.75667,36.91
-120.92111,41.34639
-125.26806,50.20556
-122.96528,38.07417
-121.75667,36.91
-121.73611,38.55083
-122.3475,37.94111
-122.3475,37.94111
-123.87056,40.01778
-121.98306,38.045
-126.94167,52.81806
-122.44111,37.75917
-123.87056,40.01778
-117.78472,48.91278
-122.78778,38.04056
-117.78472,48.91278
-122.24167,44.16667
-122.3475,37.94111
-123.87056,40.01778
-121.65194,41.01194
-117.78472,48.91278
-121.80528,37.98111
-117.78472,48.91278
-122.14167,37.87944
-121.80306,41.265
-122.29778,37.88694
-117.78472,48.91278
-122.11778,37.88556
-122.3475,37.94111
-121.65194,41.01194
-121.98306,38.045
-111.63806,41.89028
-122.27278,37.87167
-111.63806,41.89028
-122.11778,37.88556
-118.08583,45.77806
-123.85,49.01667
-122.48333,37.76889
-120.97944,40.53222
-121.48694,37.65611
-121.12333,41.55167
-122.27278,37.87167
-147.84083,64.85528
-120.90583,39.09861
-121.87444,44.40889
-121.87444,44.40889
-123.65861,39.68194
-122.27278,37.87167
-122.44111,37.75917
-122.44111,37.75917
-121.1575,40.08028
-120.97944,40.53222
-123.65861,39.68194
-120.09409,39.38602
-110.79417,44.64889
-120.97944,40.53222
-123.65333,39.70528
-122.72806,38.37556
-122.18722,38.18
-121.80528,37.98111
-106.87778,37.27028
-121.18639,39.89167
-110.91944,40.20917
-120.46889,39.81028
-122.285,37.83111
-120.97944,40.53222
-122.48417,37.94278
-121.80528,37.98111
-122.54167,47.11194
-106.87778,37.27028
-122.285,37.83111
-121.18639,39.89167
-121.67667,40.51806
-121.02111,39.94639
-121.87444,44.40889
-122.18722,38.18
-121.87444,44.40889
-122.18722,38.18
-106.87778,37.27028
-121.02111,39.94639
-120.94694,39.93667
-110.78694,43.2975
-121.80528,37.98111
-120.94694,39.93667
-117.94278,45.435
-121.33778,39.69056
-122.17222,37.41889
-121.80528,37.98111
-124.26917,47.83222
-122.16583,37.81361
-124.0575,41.29167
-106.51722,37.68028
-110.79389,43.27444
-110.78694,43.2975
-121.80528,37.98111
-122.44111,37.75917
-119.93722,38.755
-122.18722,38.18
-122.44111,37.75917
-120.97944,40.53222
-122.18722,38.18
-110.79389,43.27444
-122.44111,37.75917
-105.09972,37.37917
-121.29944,51.08361
-110.79389,43.27444
-122.42444,37.68583
-121.31944,40.55139
-115.61444,51.18111
-110.79389,43.27444
-110.78694,43.2975
-110.78694,43.2975
-121.02111,39.94639
-121.80528,37.98111
-121.80528,37.98111
-120.94694,39.93667
-110.79389,43.27444
-110.79389,43.27444
-121.80528,37.98111
-105.09972,37.37917
-121.01583,36.12639
-122.1525,37.855
-122.17222,37.41889
-121.75278,40.5175
-110.78694,43.2975
-105.09972,37.37917
-121.80528,37.98111
-122.44111,37.75917
-105.355,40.42111
-121.46583,40.50833
-121.80528,37.98111
-107.22417,39.27389
-121.80528,37.98111
-122.12333,37.68111
-110.78694,43.2975
-118.76278,36.55389
-121.80528,37.98111
-110.79389,43.27444
-110.78694,43.2975
-110.79389,43.27444
-122.27278,37.87167
-110.78694,43.2975
-110.78694,43.2975
-124.15611,40.80194
-107.22417,39.27389
-107.705,39.31667
-122.17222,37.41889
-122.27278,37.87167
-110.79389,43.27444
-122.17222,37.41889
-121.80528,37.98111
-122.17222,37.41889
-107.24139,39.18083
-122.17222,37.41889
-123.65333,39.70528
-110.79389,43.27444
-110.79389,43.27444
-122.27278,37.87167
-110.79389,43.27444
-110.79389,43.27444
-105.27694,40.01028
-110.78694,43.2975
-110.78694,43.2975
-110.78694,43.2975
-121.80528,37.98111
-121.80528,37.98111
-110.73639,43.36861
-122.27278,37.87167
-110.78694,43.2975
-121.80528,37.98111
-107.705,39.31667
-122.12333,37.68111
-103.855,44.46111
-107.24139,39.18083
-110.78694,43.2975
-110.78694,43.2975
-110.79389,43.27444
-110.79389,43.27444
-110.78694,43.2975
-111.89083,40.76056
-110.79389,43.27444
-110.79389,43.27444
-121.80528,37.98111
-122.27278,37.87167
-121.80528,37.98111
-121.46583,40.50833
-107.24139,39.18083
-107.24139,39.18083
-110.73639,43.36861
-110.79389,43.27444
-110.79389,43.27444
-122.17222,37.41889
-105.27694,40.01028
-122.17222,37.41889
-122.27278,37.87167
-121.95306,36.975
-110.73639,43.36861
-121.80528,37.98111
-122.17222,37.41889
-103.855,44.46111
-110.79389,43.27444
-110.79389,43.27444
-121.80528,37.98111
-110.79389,43.27444
-121.80528,37.98111
-122.42444,37.68583
-110.79389,43.27444
-110.78694,43.2975
-121.80528,37.98111
-107.24139,39.18083
-120.97944,40.53222
-110.79389,43.27444
-110.79389,43.27444
-120.97944,40.53222
-103.855,44.46111
-110.83028,44.46333
-121.80528,37.98111
-110.79389,43.27444
-122.27278,37.87167
-110.79389,43.27444
-110.78694,43.2975
-110.79389,43.27444
-122.42444,37.68583
-110.78694,43.2975
-121.02111,39.94639
-121.80528,37.98111
-120.97944,40.53222
-122.17222,37.41889
-115.33639,47.59306
-120.97944,40.53222
-120.97944,40.53222
-122.17222,37.41889
-121.94028,38.22833
-120.97944,40.53222
-122.17222,37.41889
-121.02111,39.94639
-111.67722,35.34083
-122.17222,37.41889
-122.17222,37.41889
-122.17222,37.41889
-121.85694,38.19028
-111.67722,35.34083
-115.33639,47.59306
-111.67722,35.34083
-121.80528,37.98111
-122.17222,37.41889
-122.17222,37.41889
-122.71972,42.08111
-120.97944,40.53222
-149.11556,63.3325
-122.17222,37.41889
-121.02111,39.94639
-122.17222,37.41889
-122.65111,41.19222
-111.67722,35.34083
-122.01944,37.8425
-121.02111,39.94639
-111.67722,35.34083
-122.17222,37.41889
-122.01944,37.8425
-122.29889,37.88639
-121.80528,37.98111
-122.17222,37.41889
-110.83944,40.2125
-120.97944,40.53222
-122.17222,37.41889
-111.67722,35.34083
-123.6325,39.83361
-122.47111,43.74667
-122.27278,37.87167
-111.67722,35.34083
-121.66639,37.60528
-122.17222,37.41889
-121.91556,37.52944
-121.94028,38.22833
-111.67722,35.34083
-124.15611,40.80194
-111.67722,35.34083
-123.09889,38.405
-121.57056,40.72611
-121.92361,38.03
-122.17222,37.41889
-114.29667,38.94306
-121.80528,37.98111
-122.46194,37.70556
-122.42806,37.67028
-122.96528,38.07417
-122.65111,41.19222
-124.1725,40.8325
-122.27278,37.87167
-111.85,38.51667
-110.78694,43.2975
-121.66028,37.71889
-122.42806,37.67028
-122.36583,37.58389
-122.36583,37.58389
-122.36583,37.58389
-122.36583,37.58389
-122.31056,41.30972
-121.6075,40.69944
-122.36583,37.58389
-122.3475,37.94111
-109.57556,44.18306
-122.36583,37.58389
-124.14722,43.84694
-123.91694,46.0175
-122.21583,41.35
-122.20056,41.36139
-121.06472,39.91861
-122.31056,41.30972
-122.33194,47.60611
-123.41222,42.10694
-122.31056,41.30972
-122.36583,37.58389
-123.23444,41.29306
-122.09833,41.39972
-121.06472,39.91861
-122.36583,37.58389
-123.83611,40.12194
-121.79583,38.01556
-122.31056,41.30972
-148.19472,64.79222
-109.57556,44.18306
-109.57556,44.18306
-122.36583,37.58389
-122.31056,41.30972
-122.125,37.41917
-122.09833,41.39972
-122.31056,41.30972
-122.01944,37.8425
-123.23444,41.29306
-122.31056,41.30972
-122.21583,41.35
-121.06472,39.91861
-122.31056,41.30972
-122.20056,41.36139
-122.31056,41.30972
-122.31056,41.30972
-122.31056,41.30972
-120.69528,39.76056
-122.31056,41.30972
-117.17194,46.07722
-122.31056,41.30972
-122.31056,41.30972
-123.65861,39.68194
-122.31056,41.30972
-122.09833,41.39972
-120.97944,40.53222
-123.32583,40.375
-122.65528,45.47944
-123.83611,40.12194
-122.31056,41.30972
-123.23444,41.29306
-122.31056,41.30972
-122.31056,41.30972
-122.31056,41.30972
-122.46944,37.74972
-122.01944,37.8425
-122.31056,41.30972
-124.1725,40.8325
-122.31056,41.30972
-122.01944,37.8425
-122.31056,41.30972
-123.23444,41.29306
-122.31056,41.30972
-122.09833,41.39972
-122.22222,37.17194
-122.31056,41.30972
-121.67667,40.51806
-124.1725,40.8325
-122.31056,41.30972
-120.61861,39.77722
-121.06472,39.91861
-120.97944,40.53222
-122.31056,41.30972
-122.46944,37.74972
-122.31056,41.30972
-149.23722,64.22861
-122.01944,37.8425
-123.83611,40.12194
-121.06472,39.91861
-122.31056,41.30972
-121.6525,45.41056
-109.46944,33.92972
-121.79583,38.01556
-121.79583,38.01556
-121.06472,39.91861
-110.72431,45.0445
-122.42444,37.68583
-123.36694,48.42944
-122.01944,37.8425
-122.01944,37.8425
-122.75389,38.07972
-122.03944,36.98028
-122.75611,45.47528
-123.65861,39.68194
-109.46944,33.92972
-124.02083,41.39139
-120.5025,46.17139
-122.75389,38.07972
-117.09278,47.91444
-117.09278,47.91444
-121.77889,46.75556
-121.77889,46.75556
-107.41361,39.11944
-121.80528,37.98111
-121.42091,44.86474
-111.35472,40.08444
-121.77889,46.75556
-121.80528,37.98111
-121.80528,37.98111
-122.31306,37.55417
-124.02083,41.39139
-117.09278,47.91444
-124.02083,41.39139
-121.80528,37.98111
-120.97944,40.53222
-124.02083,41.39139
-122.31306,37.55417
-122.03944,36.98028
-121.80528,37.98111
-122.28306,47.27333
-121.80528,37.98111
-122.31306,37.55417
-122.3475,37.94111
-121.56917,40.53417
-111.70833,41.75944
-123.65333,39.70528
-122.31306,37.55417
-121.80528,37.98111
-123.65861,39.68194
-106.76528,39.57472
-122.31306,37.55417
-120.64889,39.67306
-118.53472,36.84972
-122.42444,37.68583
-122.42444,37.68583
-122.31056,41.30972
-121.80528,37.98111
-121.87444,37.66222
-122.31306,37.55417
-122.28306,47.27333
-121.09056,37.79778
-122.31306,37.55417
-119.87806,37.97389
-121.31917,37.775
-121.02111,39.94639
-104.07,36.9075
-121.06472,39.91861
-121.02111,39.94639
-122.31306,37.55417
-122.29778,37.88694
-122.31306,37.55417
-122.31306,37.55417
-122.31306,37.55417
-110.78694,43.2975
-121.80528,37.98111
-122.31306,37.55417
-123.65333,39.70528
-121.80528,37.98111
-122.31306,37.55417
-122.31306,37.55417
-123.38417,39.48111
-121.80528,37.98111
-111.70833,41.75944
-121.80528,37.98111
-123.57333,39.15806
-122.31306,37.55417
-121.80528,37.98111
-122.31306,37.55417
-109.34124,46.72344
-123.75889,39.52944
-111.70833,41.75944
-122.31306,37.55417
-122.96,40.92278
-120.95083,40.13944
-120.80139,39.91472
-122.45139,37.77917
-122.31306,37.55417
-120.95083,40.13944
-142.92167,61.43333
-116.99861,46.73222
-116.99861,46.73222
-121.92361,38.03
-121.97778,37.57889
-121.54389,40.08194
-121.0925,40.49194
-122.89528,38.06444
-122.31306,37.55417
-121.60139,37.64
-121.02111,39.94639
-121.80528,37.98111
-121.80528,37.98111
-120.37556,41.73639
-142.92167,61.43333
-121.80528,37.98111
-121.18639,39.89167
-116.20345,43.6135
-122.6595,45.4704
-122.900695,47.037874
-122.900695,47.037874
-121.466549,49.371654
-121.466549,49.371654
-121.466549,49.371654
-121.466549,49.371654
-123.114965,49.248431
-121.466549,49.371654
-121.466549,49.371654
-121.466549,49.371654
-123.114965,49.248431
-121.466549,49.371654
-121.466549,49.371654
-123.114965,49.248431
-123.114965,49.248431
-121.466549,49.371654
-122.900695,47.037874
-122.900695,47.037874
-122.900695,47.037874
-122.444291,47.252877
-122.900695,47.037874
-122.900695,47.037874
-122.900695,47.037874
-122.900695,47.037874
-122.900695,47.037874
-122.900695,47.037874
-122.900695,47.037874
-122.900695,47.037874
-122.900695,47.037874
-105.363886,40.088783
-122.900695,47.037874
-122.590276,41.818725
-122.900695,47.037874
-122.900695,47.037874
-122.900695,47.037874
-122.900695,47.037874
-122.900695,47.037874
-122.900695,47.037874
-122.900695,47.037874
-122.900695,47.037874
-122.583444,47.061712
-122.226055,37.48576
-122.13722,47.0376
-122.13722,47.0376
-122.13722,47.0376
-122.13722,47.0376
-122.13722,47.0376
-122.13722,47.0376
-122.13722,47.0376
-122.13722,47.0376
-122.13722,47.0376
-122.13722,47.0376
-122.13722,47.0376
-122.13722,47.0376
-122.13722,47.0376
-122.13722,47.0376
-122.13722,47.0376
-122.13722,47.0376
-122.13722,47.0376
-122.13722,47.0376
-122.13722,47.0376
-122.13722,47.0376
-122.13722,47.0376
-122.13722,47.0376
-122.13722,47.0376
-122.13722,47.0376
-122.13722,47.0376
-122.13722,47.0376
-122.13722,47.0376
-122.13722,47.0376
-122.13722,47.0376
-122.13722,47.0376
-122.13722,47.0376
-122.13722,47.0376
-122.13722,47.0376
-122.13722,47.0376
-122.13722,47.0376
-122.13722,47.0376
-122.13722,47.0376
-122.13722,47.0376
-122.13722,47.0376
-122.13722,47.0376
-122.13722,47.0376
-122.13722,47.0376
-122.13722,47.0376
-122.13722,47.0376
-122.13722,47.0376
-122.13722,47.0376
-122.13722,47.0376
-122.13722,47.0376
-122.13722,47.0376
-122.13722,47.0376
-122.13722,47.0376
-122.13722,47.0376
-122.13722,47.0376
-122.13722,47.0376
-122.13722,47.0376
-123.5555,42.3655
-122.13722,47.0376
-122.13722,47.0376
-122.13722,47.0376
-122.13722,47.0376
-122.13722,47.0376
-122.13722,47.0376
-122.13722,47.0376
-123.5555,42.3655
-122.13722,47.0376
-122.13722,47.0376
-123.5555,42.3655
-123.5555,42.3655
-122.13722,47.0376
-123.5555,42.3655
-123.5555,42.3655
-123.5555,42.3655
-123.5555,42.3655
-123.5555,42.3655
-123.5555,42.3655
-123.5555,42.3655
-123.5555,42.3655
-123.5555,42.3655
-123.5555,42.3655
-123.5555,42.3655
-123.5555,42.3655
-123.5555,42.3655
-123.5555,42.3655
-123.5555,42.3655
-123.5555,42.3655
-123.5555,42.3655
-123.5555,42.3655
-123.5555,42.3655
-123.5555,42.3655
-123.5555,42.3655
-123.5555,42.3655
-123.5555,42.3655
-123.5555,42.3655
-123.5555,42.3655
-123.5555,42.3655
-123.5555,42.3655
-123.5555,42.3655
-123.5555,42.3655
-123.5555,42.3655
-123.5555,42.3655
-122.52801,41.59474
-122.52801,41.59474
-123.5555,42.3655
-123.5555,42.3655
-122.52801,41.59474
-123.5555,42.3655
-123.5555,42.3655
-123.5555,42.3655
-123.5555,42.3655
-123.5555,42.3655
-123.5555,42.3655
-123.5555,42.3655
-123.5555,42.3655
-123.5555,42.3655
-122.13722,47.0376
-122.52801,41.59474
-123.5555,42.3655
-123.5555,42.3655
-122.52801,41.59474
-122.13722,47.0376
-122.13722,47.0376
-122.52801,41.59474
-122.13722,47.0376
-122.52801,41.59474
-122.13722,47.0376
-122.13722,47.0376
-122.52801,41.59474
-122.13722,47.0376
-122.52801,41.59474
-122.13722,47.0376
-122.52801,41.59474
-122.13722,47.0376
-122.52801,41.59474
-122.13722,47.0376
-122.13722,47.0376
-122.13722,47.0376
-122.13722,47.0376
-122.13722,47.0376
-122.52801,41.59474
-122.13722,47.0376
-122.13722,47.0376
-122.13722,47.0376
-122.13722,47.0376
-122.13722,47.0376
-122.13722,47.0376
-122.13722,47.0376
-122.13722,47.0376
-122.13722,47.0376
-122.13722,47.0376
-122.13722,47.0376
-122.13722,47.0376
-122.13722,47.0376
-122.13722,47.0376
-122.13722,47.0376
-122.13722,47.0376
-122.13722,47.0376
-122.13722,47.0376
-122.13722,47.0376
-122.13722,47.0376
-122.13722,47.0376
-122.13722,47.0376
-122.13722,47.0376
-122.13722,47.0376
-122.13722,47.0376
-122.13722,47.0376
-122.13722,47.0376
-122.13722,47.0376
-122.13722,47.0376
-122.13722,47.0376
-122.13722,47.0376
-122.13722,47.0376
-122.13722,47.0376
-122.13722,47.0376
-122.13722,47.0376
-122.13722,47.0376
-122.13722,47.0376
-122.13722,47.0376
-122.13722,47.0376
-122.13722,47.0376
-122.13722,47.0376
-122.13722,47.0376
-122.13722,47.0376
-122.13722,47.0376
-122.13722,47.0376
-122.13722,47.0376
-122.13722,47.0376
-122.13722,47.0376
-122.13722,47.0376
-122.13722,47.0376
-122.13722,47.0376
-122.13722,47.0376
-122.13722,47.0376
-122.13722,47.0376
-122.13722,47.0376
-122.13722,47.0376
-122.13722,47.0376
-122.13722,47.0376
-122.13722,47.0376
-122.13722,47.0376
-122.13722,47.0376
-122.13722,47.0376
-122.13722,47.0376
-122.13722,47.0376
-122.13722,47.0376
-122.13722,47.0376
-122.13722,47.0376
-122.13722,47.0376
-122.13722,47.0376
-122.13722,47.0376
-122.13722,47.0376
-122.13722,47.0376
-122.13722,47.0376
-122.13722,47.0376
-122.13722,47.0376
-122.13722,47.0376
-122.13722,47.0376
-122.13722,47.0376
-122.13722,47.0376
-122.13722,47.0376
-122.13722,47.0376
-122.13722,47.0376
-122.13722,47.0376
-122.13722,47.0376
-122.13722,47.0376
-122.13722,47.0376
-122.13722,47.0376
-122.13722,47.0376
-122.13722,47.0376
-122.13722,47.0376
-122.13722,47.0376
-122.13722,47.0376
-122.13722,47.0376
-122.13722,47.0376
-122.13722,47.0376
-122.13722,47.0376
-122.13722,47.0376
-122.13722,47.0376
-122.13722,47.0376
-122.13722,47.0376
-122.13722,47.0376
-122.13722,47.0376
-122.13722,47.0376
-122.13722,47.0376
-122.13722,47.0376
-122.13722,47.0376
-122.13722,47.0376
-122.13722,47.0376
-122.13722,47.0376
-122.13722,47.0376
-122.13722,47.0376
-122.13722,47.0376
-122.13722,47.0376
-122.13722,47.0376
-122.13722,47.0376
-122.13722,47.0376
-122.13722,47.0376
-122.13722,47.0376
-122.13722,47.0376
-122.13722,47.0376
-122.13722,47.0376
-122.13722,47.0376
-122.13722,47.0376
-122.13722,47.0376
-122.13722,47.0376
-122.13722,47.0376
-122.13722,47.0376
-122.13722,47.0376
-122.13722,47.0376
-122.13722,47.0376
-122.13722,47.0376
-122.13722,47.0376
-122.13722,47.0376
-122.13722,47.0376
-122.13722,47.0376
-122.13722,47.0376
-122.13722,47.0376
-122.13722,47.0376
-122.13722,47.0376
-122.13722,47.0376
-122.13722,47.0376
-122.13722,47.0376
-122.13722,47.0376
-122.13722,47.0376
-122.13722,47.0376
-122.13722,47.0376
-122.13722,47.0376
-122.13722,47.0376
-122.13722,47.0376
-122.13722,47.0376
-122.13722,47.0376
-122.13722,47.0376
-122.13722,47.0376
-122.13722,47.0376
-122.13722,47.0376
-122.13722,47.0376
-122.13722,47.0376
-122.13722,47.0376
-122.13722,47.0376
-122.13722,47.0376
-122.13722,47.0376
-122.13722,47.0376
-122.13722,47.0376
-122.13722,47.0376
-122.13722,47.0376
-122.13722,47.0376
-122.13722,47.0376
-122.13722,47.0376
-122.13722,47.0376
-122.13722,47.0376
-122.13722,47.0376
-122.13722,47.0376
-122.13722,47.0376
-122.13722,47.0376
-122.13722,47.0376
-122.13722,47.0376
-122.13722,47.0376
-122.13722,47.0376
-122.13722,47.0376
-122.13722,47.0376
-122.13722,47.0376
-122.13722,47.0376
-122.13722,47.0376
-122.13722,47.0376
-122.13722,47.0376
-122.13722,47.0376
-122.13722,47.0376
-122.13722,47.0376
-122.13722,47.0376
-122.13722,47.0376
-122.13722,47.0376
-122.13722,47.0376
-122.13722,47.0376
-122.13722,47.0376
-122.13722,47.0376
-122.13722,47.0376
-122.13722,47.0376
-122.13722,47.0376
-122.13722,47.0376
-122.13722,47.0376
-122.13722,47.0376
-122.13722,47.0376
-122.13722,47.0376
-122.13722,47.0376
-122.13722,47.0376
-122.13722,47.0376
-122.13722,47.0376
-122.13722,47.0376
-122.13722,47.0376
-122.13722,47.0376
-122.13722,47.0376
-122.13722,47.0376
-122.13722,47.0376
-122.13722,47.0376
-122.13722,47.0376
-122.13722,47.0376
-122.13722,47.0376
-122.13722,47.0376
-122.13722,47.0376
-122.13722,47.0376
-122.13722,47.0376
-122.13722,47.0376
-122.13722,47.0376
-122.13722,47.0376
-122.13722,47.0376
-122.13722,47.0376
-122.13722,47.0376
-122.13722,47.0376
-122.13722,47.0376
-122.13722,47.0376
-122.13722,47.0376
-122.13722,47.0376
-122.13722,47.0376
-122.13722,47.0376
-122.13722,47.0376
-122.13722,47.0376
-122.13722,47.0376
-122.13722,47.0376
-122.13722,47.0376
-122.13722,47.0376
-122.13722,47.0376
-122.13722,47.0376
-122.13722,47.0376
-122.13722,47.0376
-122.13722,47.0376
-122.13722,47.0376
-122.13722,47.0376
-122.13722,47.0376
-122.13722,47.0376
-122.13722,47.0376
-122.13722,47.0376
-122.13722,47.0376
-122.13722,47.0376
-122.13722,47.0376
-122.13722,47.0376
-122.13722,47.0376
-122.13722,47.0376
-122.13722,47.0376
-122.13722,47.0376
-122.13722,47.0376
-122.13722,47.0376
-122.13722,47.0376
-122.13722,47.0376
-122.13722,47.0376
-122.13722,47.0376
-122.13722,47.0376
-122.13722,47.0376
-122.13722,47.0376
-122.13722,47.0376
-123.5555,42.3655
-122.13722,47.0376
-122.13722,47.0376
-122.13722,47.0376
-122.13722,47.0376
-122.13722,47.0376
-122.13722,47.0376
-122.13722,47.0376
-122.13722,47.0376
-122.13722,47.0376
-122.13722,47.0376
-122.13722,47.0376
-122.13722,47.0376
-122.13722,47.0376
-122.13722,47.0376
-122.13722,47.0376
-122.13722,47.0376
-122.13722,47.0376
-122.13722,47.0376
-122.13722,47.0376
-122.13722,47.0376
-123.5555,42.3655
-123.5555,42.3655
-122.13722,47.0376
-110.58975,43.93476
-122.13722,47.0376
-122.13722,47.0376
-122.13722,47.0376
-123.5555,42.3655
-122.13722,47.0376
-122.13722,47.0376
-110.58975,43.93476
-110.58975,43.93476
-123.5555,42.3655
-122.13722,47.0376
-122.13722,47.0376
-122.13722,47.0376
-122.13722,47.0376
-122.13722,47.0376
-110.58975,43.93476
-110.58975,43.93476
-110.58975,43.93476
-110.58975,43.93476
-110.58975,43.93476
-110.58975,43.93476
-110.58975,43.93476
-123.5555,42.3655
-110.58975,43.93476
-110.58975,43.93476
-110.58975,43.93476
-122.13722,47.0376
-110.58975,43.93476
-110.58975,43.93476
-123.5555,42.3655
-110.58975,43.93476
-110.58975,43.93476
-110.58975,43.93476
-110.58975,43.93476
-110.58975,43.93476
-110.58975,43.93476
-110.58975,43.93476
-110.58975,43.93476
-110.58975,43.93476
-110.58975,43.93476
-110.58975,43.93476
-110.58975,43.93476
-110.58975,43.93476
-110.58975,43.93476
-110.58975,43.93476
-110.58975,43.93476
-110.58975,43.93476
-110.58975,43.93476
-110.58975,43.93476
-110.58975,43.93476
-110.58975,43.93476
-110.58975,43.93476
-110.58975,43.93476
-110.58975,43.93476
-110.58975,43.93476
-110.58975,43.93476
-110.58975,43.93476
-110.58975,43.93476
-110.58975,43.93476
-110.58975,43.93476
-110.58975,43.93476
-110.58975,43.93476
-110.58975,43.93476
-110.58975,43.93476
-110.58975,43.93476
-110.58975,43.93476
-110.58975,43.93476
-110.58975,43.93476
-110.58975,43.93476
-110.58975,43.93476
-110.58975,43.93476
-110.58975,43.93476
-110.58975,43.93476
-110.58975,43.93476
-110.58975,43.93476
-110.58975,43.93476
-110.58975,43.93476
-110.58975,43.93476
-110.58975,43.93476
-110.58975,43.93476
-110.58975,43.93476
-110.58975,43.93476
-110.58975,43.93476
-110.58975,43.93476
-110.58975,43.93476
-110.58975,43.93476
-110.58975,43.93476
-110.58975,43.93476
-110.58975,43.93476
-110.58975,43.93476
-110.58975,43.93476
-110.58975,43.93476
-110.58975,43.93476
-110.58975,43.93476
-110.58975,43.93476
-110.58975,43.93476
-110.58975,43.93476
-110.58975,43.93476
-110.58975,43.93476
-110.58975,43.93476
-110.58975,43.93476
-110.58975,43.93476
-110.58975,43.93476
-110.58975,43.93476
-110.58975,43.93476
-110.58975,43.93476
-110.58975,43.93476
-110.58975,43.93476
-110.58975,43.93476
-110.58975,43.93476
-110.58975,43.93476
-110.58975,43.93476
-110.58975,43.93476
-110.58975,43.93476
-110.58975,43.93476
-110.58975,43.93476
-110.58975,43.93476
-110.58975,43.93476
-110.58975,43.93476
-110.58975,43.93476
-110.58975,43.93476
-110.58975,43.93476
-110.58975,43.93476
-110.58975,43.93476
-110.58975,43.93476
-110.58975,43.93476
-110.58975,43.93476
-110.58975,43.93476
-110.58975,43.93476
-110.58975,43.93476
-110.58975,43.93476
-110.58975,43.93476
-110.58975,43.93476
-110.58975,43.93476
-110.58975,43.93476
-110.58975,43.93476
-110.58975,43.93476
-110.58975,43.93476
-110.58975,43.93476
-110.58975,43.93476
-110.58975,43.93476
-110.58975,43.93476
-110.58975,43.93476
-110.58975,43.93476
-110.58975,43.93476
-110.58975,43.93476
-110.58975,43.93476
-110.58975,43.93476
-110.58975,43.93476
-110.58975,43.93476
-110.58975,43.93476
-110.58975,43.93476
-110.58975,43.93476
-110.58975,43.93476
-110.58975,43.93476
-110.58975,43.93476
-110.58975,43.93476
-110.58975,43.93476
-110.58975,43.93476
-110.58975,43.93476
-110.58975,43.93476
-110.58975,43.93476
-110.58975,43.93476
-110.58975,43.93476
-110.58975,43.93476
-110.58975,43.93476
-110.58975,43.93476
-110.58975,43.93476
-110.58975,43.93476
-110.58975,43.93476
-110.58975,43.93476
-110.58975,43.93476
-110.58975,43.93476
-110.58975,43.93476
-110.58975,43.93476
-110.58975,43.93476
-110.58975,43.93476
-110.58975,43.93476
-110.58975,43.93476
-110.58975,43.93476
-110.58975,43.93476
-110.58975,43.93476
-110.58975,43.93476
-110.58975,43.93476
-110.58975,43.93476
-110.58975,43.93476
-110.58975,43.93476
-110.58975,43.93476
-110.58975,43.93476
-110.58975,43.93476
-110.58975,43.93476
-110.58975,43.93476
-110.58975,43.93476
-110.58975,43.93476
-110.58975,43.93476
-110.58975,43.93476
-110.58975,43.93476
-110.58975,43.93476
-110.58975,43.93476
-110.58975,43.93476
-110.58975,43.93476
-110.58975,43.93476
-110.58975,43.93476
-110.58975,43.93476
-110.58975,43.93476
-110.58975,43.93476
-110.58975,43.93476
-110.58975,43.93476
-110.58975,43.93476
-110.58975,43.93476
-110.58975,43.93476
-110.58975,43.93476
-110.58975,43.93476
-110.58975,43.93476
-110.58975,43.93476
-110.58975,43.93476
-110.58975,43.93476
-110.58975,43.93476
-110.58975,43.93476
-110.58975,43.93476
-110.58975,43.93476
-110.58975,43.93476
-110.58975,43.93476
-110.58975,43.93476
-110.58975,43.93476
-110.58975,43.93476
-110.58975,43.93476
-110.58975,43.93476
-110.58975,43.93476
-110.58975,43.93476
-110.58975,43.93476
-110.58975,43.93476
-110.58975,43.93476
-110.58975,43.93476
-110.58975,43.93476
-110.58975,43.93476
-110.58975,43.93476
-110.58975,43.93476
-110.58975,43.93476
-110.58975,43.93476
-110.58975,43.93476
-110.58975,43.93476
-110.58975,43.93476
-110.58975,43.93476
-110.58975,43.93476
-110.58975,43.93476
-110.58975,43.93476
-110.58975,43.93476
-110.58975,43.93476
-110.58975,43.93476
-110.58975,43.93476
-110.58975,43.93476
-110.58975,43.93476
-110.58975,43.93476
-110.58975,43.93476
-110.58975,43.93476
-110.58975,43.93476
-110.58975,43.93476
-110.58975,43.93476
-110.58975,43.93476
-110.58975,43.93476
-110.58975,43.93476
-110.58975,43.93476
-110.58975,43.93476
-110.58975,43.93476
-110.58975,43.93476
-110.58975,43.93476
-110.58975,43.93476
-110.58975,43.93476
-110.58975,43.93476
-110.58975,43.93476
-110.58975,43.93476
-110.58975,43.93476
-110.58975,43.93476
-110.58975,43.93476
-110.58975,43.93476
-110.58975,43.93476
-110.58975,43.93476
-110.58975,43.93476
-110.58975,43.93476
-110.58975,43.93476
-110.58975,43.93476
-110.58975,43.93476
-110.58975,43.93476
-110.58975,43.93476
-110.58975,43.93476
-110.58975,43.93476
-110.58975,43.93476
-110.58975,43.93476
-110.58975,43.93476
-110.58975,43.93476
-110.58975,43.93476
-110.58975,43.93476
-110.58975,43.93476
-110.58975,43.93476
-110.58975,43.93476
-110.58975,43.93476
-110.58975,43.93476
-110.58975,43.93476
-110.58975,43.93476
-110.58975,43.93476
-110.58975,43.93476
-110.58975,43.93476
-110.58975,43.93476
-110.58975,43.93476
-110.58975,43.93476
-110.58975,43.93476
-110.58975,43.93476
-110.58975,43.93476
-110.58975,43.93476
-110.58975,43.93476
-110.58975,43.93476
-110.58975,43.93476
-110.58975,43.93476
-110.58975,43.93476
-110.58975,43.93476
-110.58975,43.93476
-110.58975,43.93476
-110.58975,43.93476
-110.58975,43.93476
-110.58975,43.93476
-110.58975,43.93476
-110.58975,43.93476
-110.58975,43.93476
-110.58975,43.93476
-110.58975,43.93476
-110.58975,43.93476
-110.58975,43.93476
-110.58975,43.93476
-110.58975,43.93476
-110.58975,43.93476
-110.58975,43.93476
-110.58975,43.93476
-110.58975,43.93476
-110.58975,43.93476
-110.58975,43.93476
-110.58975,43.93476
-110.58975,43.93476
-110.58975,43.93476
-110.58975,43.93476
-110.58975,43.93476
-110.58975,43.93476
-110.58975,43.93476
-110.58975,43.93476
-110.58975,43.93476
-110.58975,43.93476
-110.58975,43.93476
-110.58975,43.93476
-110.58975,43.93476
-110.58975,43.93476
-110.58975,43.93476
-110.58975,43.93476
-110.58975,43.93476
-110.58975,43.93476
-110.58975,43.93476
-110.58975,43.93476
-110.58975,43.93476
-110.58975,43.93476
-110.58975,43.93476
-110.58975,43.93476
-110.58975,43.93476
-110.58975,43.93476
-110.58975,43.93476
-110.58975,43.93476
-110.58975,43.93476
-110.58975,43.93476
-110.58975,43.93476
-110.58975,43.93476
-110.58975,43.93476
-110.58975,43.93476
-110.58975,43.93476
-110.58975,43.93476
-110.58975,43.93476
-110.58975,43.93476
-110.58975,43.93476
-110.58975,43.93476
-110.58975,43.93476
-110.58975,43.93476
-110.58975,43.93476
-110.58975,43.93476
-110.58975,43.93476
-110.58975,43.93476
-110.58975,43.93476
-110.58975,43.93476
-110.58975,43.93476
-110.58975,43.93476
-110.58975,43.93476
-110.58975,43.93476
-110.58975,43.93476
-110.58975,43.93476
-110.58975,43.93476
-110.58975,43.93476
-110.58975,43.93476
-110.58975,43.93476
-110.58975,43.93476
-110.58975,43.93476
-110.58975,43.93476
-110.58975,43.93476
-110.58975,43.93476
-110.58975,43.93476
-110.58975,43.93476
-110.58975,43.93476
-110.58975,43.93476
-110.58975,43.93476
-110.58975,43.93476
-110.58975,43.93476
-110.58975,43.93476
-110.58975,43.93476
-110.58975,43.93476
-110.58975,43.93476
-110.58975,43.93476
-110.58975,43.93476
-110.58975,43.93476
-110.58975,43.93476
-110.58975,43.93476
-110.58975,43.93476
-110.58975,43.93476
-110.58975,43.93476
-110.58975,43.93476
-110.58975,43.93476
-110.58975,43.93476
-110.58975,43.93476
-110.58975,43.93476
-110.58975,43.93476
-110.58975,43.93476
-110.58975,43.93476
-110.58975,43.93476
-110.58975,43.93476
-110.58975,43.93476
-110.58975,43.93476
-110.58975,43.93476
-110.58975,43.93476
-110.58975,43.93476
-110.58975,43.93476
-110.58975,43.93476
-110.58975,43.93476
-110.58975,43.93476
-110.58975,43.93476
-110.58975,43.93476
-110.58975,43.93476
-110.58975,43.93476
-110.58975,43.93476
-110.58975,43.93476
-110.58975,43.93476
-110.58975,43.93476
-110.58975,43.93476
-110.58975,43.93476
-110.58975,43.93476
-110.58975,43.93476
-110.58975,43.93476
-110.58975,43.93476
-110.58975,43.93476
-110.58975,43.93476
-110.58975,43.93476
-110.58975,43.93476
-110.58975,43.93476
-110.58975,43.93476
-110.58975,43.93476
-110.58975,43.93476
-110.58975,43.93476
-110.58975,43.93476
-110.58975,43.93476
-110.58975,43.93476
-110.58975,43.93476
-110.58975,43.93476
-110.58975,43.93476
-110.58975,43.93476
-110.58975,43.93476
-110.58975,43.93476
-110.58975,43.93476
-110.58975,43.93476
-110.58975,43.93476
-110.58975,43.93476
-110.58975,43.93476
-110.58975,43.93476
-110.58975,43.93476
-110.58975,43.93476
-110.58975,43.93476
-110.58975,43.93476
-110.58975,43.93476
-110.58975,43.93476
-110.58975,43.93476
-110.58975,43.93476
-110.58975,43.93476
-110.58975,43.93476
-110.58975,43.93476
-110.58975,43.93476
-110.58975,43.93476
-110.58975,43.93476
-110.58975,43.93476
-110.58975,43.93476
-110.58975,43.93476
-110.58975,43.93476
-110.58975,43.93476
-110.58975,43.93476
-110.58975,43.93476
-110.58975,43.93476
-110.58975,43.93476
-110.58975,43.93476
-110.58975,43.93476
-110.58975,43.93476
-110.58975,43.93476
-110.58975,43.93476
-110.58975,43.93476
-110.58975,43.93476
-110.58975,43.93476
-110.58975,43.93476
-110.58975,43.93476
-110.58975,43.93476
-110.58975,43.93476
-110.58975,43.93476
-110.58975,43.93476
-110.58975,43.93476
-110.58975,43.93476
-110.58975,43.93476
-110.58975,43.93476
-110.58975,43.93476
-110.58975,43.93476
-110.58975,43.93476
-110.58975,43.93476
-110.58975,43.93476
-110.58975,43.93476
-110.58975,43.93476
-110.58975,43.93476
-110.58975,43.93476
-110.58975,43.93476
-110.58975,43.93476
-110.58975,43.93476
-110.58975,43.93476
-110.58975,43.93476
-110.58975,43.93476
-110.58975,43.93476
-110.58975,43.93476
-110.58975,43.93476
-110.58975,43.93476
-110.58975,43.93476
-110.58975,43.93476
-110.58975,43.93476
-110.58975,43.93476
-110.58975,43.93476
-110.58975,43.93476
-110.58975,43.93476
-110.58975,43.93476
-110.58975,43.93476
-110.58975,43.93476
-110.58975,43.93476
-110.58975,43.93476
-110.58975,43.93476
-110.58975,43.93476
-110.58975,43.93476
-110.58975,43.93476
-110.58975,43.93476
-110.58975,43.93476
-110.58975,43.93476
-110.58975,43.93476
-110.58975,43.93476
-110.58975,43.93476
-110.58975,43.93476
-110.58975,43.93476
-110.58975,43.93476
-110.58975,43.93476
-110.58975,43.93476
-110.58975,43.93476
-110.58975,43.93476
-110.58975,43.93476
-110.58975,43.93476
-110.58975,43.93476
-110.58975,43.93476
-110.58975,43.93476
-110.58975,43.93476
-110.58975,43.93476
-110.58975,43.93476
-110.58975,43.93476
-110.58975,43.93476
-110.58975,43.93476
-110.58975,43.93476
-110.58975,43.93476
-110.58975,43.93476
-110.58975,43.93476
-110.58975,43.93476
-110.58975,43.93476
-110.58975,43.93476
-110.58975,43.93476
-110.58975,43.93476
-110.58975,43.93476
-110.58975,43.93476
-110.58975,43.93476
-110.58975,43.93476
-110.58975,43.93476
-110.58975,43.93476
-110.58975,43.93476
-110.58975,43.93476
-110.58975,43.93476
-110.58975,43.93476
-110.58975,43.93476
-110.58975,43.93476
-110.58975,43.93476
-110.58975,43.93476
-110.58975,43.93476
-110.58975,43.93476
-110.58975,43.93476
-110.58975,43.93476
-110.58975,43.93476
-110.58975,43.93476
-110.58975,43.93476
-110.58975,43.93476
-110.58975,43.93476
-110.58975,43.93476
-110.58975,43.93476
-110.58975,43.93476
-110.58975,43.93476
-110.58975,43.93476
-110.58975,43.93476
-110.58975,43.93476
-110.58975,43.93476
-110.58975,43.93476
-110.58975,43.93476
-110.58975,43.93476
-110.58975,43.93476
-110.58975,43.93476
-110.58975,43.93476
-110.58975,43.93476
-110.58975,43.93476
-110.58975,43.93476
-110.58975,43.93476
-110.58975,43.93476
-110.58975,43.93476
-110.58975,43.93476
-110.58975,43.93476
-110.58975,43.93476
-110.58975,43.93476
-110.58975,43.93476
-110.58975,43.93476
-110.58975,43.93476
-110.58975,43.93476
-110.58975,43.93476
-110.58975,43.93476
-110.58975,43.93476
-110.58975,43.93476
-110.58975,43.93476
-110.58975,43.93476
-110.58975,43.93476
-110.58975,43.93476
-110.58975,43.93476
-110.58975,43.93476
-110.58975,43.93476
-110.58975,43.93476
-110.58975,43.93476
-110.58975,43.93476
-110.58975,43.93476
-110.58975,43.93476
-110.58975,43.93476
-110.58975,43.93476
-110.58975,43.93476
-110.58975,43.93476
-110.58975,43.93476
-110.58975,43.93476
-110.58975,43.93476
-110.58975,43.93476
-110.58975,43.93476
-110.58975,43.93476
-110.58975,43.93476
-110.58975,43.93476
-110.58975,43.93476
-110.58975,43.93476
-110.58975,43.93476
-110.58975,43.93476
-110.58975,43.93476
-110.58975,43.93476
-110.58975,43.93476
-110.58975,43.93476
-110.58975,43.93476
-110.58975,43.93476
-110.58975,43.93476
-110.58975,43.93476
-110.58975,43.93476
-110.58975,43.93476
-110.58975,43.93476
-110.58975,43.93476
-110.58975,43.93476
-110.58975,43.93476
-110.58975,43.93476
-110.58975,43.93476
-110.58975,43.93476
-110.58975,43.93476
-110.58975,43.93476
-110.58975,43.93476
-110.58975,43.93476
-110.58975,43.93476
-110.58975,43.93476
-110.58975,43.93476
-110.58975,43.93476
-110.58975,43.93476
-110.58975,43.93476
-110.58975,43.93476
-110.58975,43.93476
-110.58975,43.93476
-110.58975,43.93476
-110.58975,43.93476
-110.58975,43.93476
-110.58975,43.93476
-110.58975,43.93476
-110.58975,43.93476
-110.58975,43.93476
-110.58975,43.93476
-110.58975,43.93476
-110.58975,43.93476
-110.58975,43.93476
-110.58975,43.93476
-110.58975,43.93476
-110.58975,43.93476
-110.58975,43.93476
-110.58975,43.93476
-110.58975,43.93476
-110.58975,43.93476
-110.58975,43.93476
-110.58975,43.93476
-110.58975,43.93476
-110.58975,43.93476
-110.58975,43.93476
-110.58975,43.93476
-110.58975,43.93476
-110.58975,43.93476
-110.58975,43.93476
-110.58975,43.93476
-110.58975,43.93476
-110.58975,43.93476
-110.58975,43.93476
-110.58975,43.93476
-110.58975,43.93476
-110.58975,43.93476
-110.58975,43.93476
-110.58975,43.93476
-110.58975,43.93476
-110.58975,43.93476
-110.58975,43.93476
-110.58975,43.93476
-110.58975,43.93476
-110.58975,43.93476
-110.58975,43.93476
-110.58975,43.93476
-110.58975,43.93476
-110.58975,43.93476
-110.58975,43.93476
-110.58975,43.93476
-110.58975,43.93476
-110.58975,43.93476
-110.58975,43.93476
-110.58975,43.93476
-110.58975,43.93476
-110.58975,43.93476
-110.58975,43.93476
-110.58975,43.93476
-110.58975,43.93476
-110.58975,43.93476
-110.58975,43.93476
-110.58975,43.93476
-110.58975,43.93476
-110.58975,43.93476
-110.58975,43.93476
-110.58975,43.93476
-110.58975,43.93476
-110.58975,43.93476
-110.58975,43.93476
-110.58975,43.93476
-110.58975,43.93476
-110.58975,43.93476
-110.58975,43.93476
-110.58975,43.93476
-110.58975,43.93476
-110.58975,43.93476
-110.58975,43.93476
-110.58975,43.93476
-110.58975,43.93476
-110.58975,43.93476
-110.58975,43.93476
-110.58975,43.93476
-110.58975,43.93476
-110.58975,43.93476
-110.58975,43.93476
-110.58975,43.93476
-110.58975,43.93476
-110.58975,43.93476
-110.58975,43.93476
-110.58975,43.93476
-110.58975,43.93476
-110.58975,43.93476
-110.58975,43.93476
-110.58975,43.93476
-110.58975,43.93476
-110.58975,43.93476
-110.58975,43.93476
-110.58975,43.93476
-110.58975,43.93476
-110.58975,43.93476
-110.58975,43.93476
-110.58975,43.93476
-110.58975,43.93476
-110.58975,43.93476
-110.58975,43.93476
-110.58975,43.93476
-110.58975,43.93476
-110.58975,43.93476
-110.58975,43.93476
-110.58975,43.93476
-110.58975,43.93476
-110.58975,43.93476
-110.58975,43.93476
-110.58975,43.93476
-110.58975,43.93476
-110.58975,43.93476
-110.58975,43.93476
-110.58975,43.93476
-110.58975,43.93476
-110.58975,43.93476
-110.58975,43.93476
-110.58975,43.93476
-110.58975,43.93476
-110.58975,43.93476
-110.58975,43.93476
-110.58975,43.93476
-110.58975,43.93476
-110.58975,43.93476
-110.58975,43.93476
-110.58975,43.93476
-110.58975,43.93476
-110.58975,43.93476
-110.58975,43.93476
-110.58975,43.93476
-110.58975,43.93476
-110.58975,43.93476
-110.58975,43.93476
-110.58975,43.93476
-110.58975,43.93476
-110.58975,43.93476
-110.58975,43.93476
-110.58975,43.93476
-110.58975,43.93476
-110.58975,43.93476
-110.58975,43.93476
-110.58975,43.93476
-110.58975,43.93476
-110.58975,43.93476
-110.58975,43.93476
-110.58975,43.93476
-110.58975,43.93476
-110.58975,43.93476
-110.58975,43.93476
-110.58975,43.93476
-110.58975,43.93476
-110.58975,43.93476
-110.58975,43.93476
-110.58975,43.93476
-110.58975,43.93476
-110.58975,43.93476
-110.58975,43.93476
-110.58975,43.93476
-110.58975,43.93476
-110.58975,43.93476
-110.58975,43.93476
-110.58975,43.93476
-110.58975,43.93476
-110.58975,43.93476
-110.58975,43.93476
-110.58975,43.93476
-110.58975,43.93476
-110.58975,43.93476
-110.58975,43.93476
-110.58975,43.93476
-110.58975,43.93476
-110.58975,43.93476
-110.58975,43.93476
-110.58975,43.93476
-110.58975,43.93476
-110.58975,43.93476
-110.58975,43.93476
-110.58975,43.93476
-110.58975,43.93476
-110.58975,43.93476
-110.58975,43.93476
-110.58975,43.93476
-110.58975,43.93476
-110.58975,43.93476
-110.58975,43.93476
-110.58975,43.93476
-110.58975,43.93476
-110.58975,43.93476
-110.58975,43.93476
-110.58975,43.93476
-110.58975,43.93476
-110.58975,43.93476
-110.58975,43.93476
-110.58975,43.93476
-110.58975,43.93476
-110.58975,43.93476
-110.58975,43.93476
-110.58975,43.93476
-110.58975,43.93476
-110.58975,43.93476
-110.58975,43.93476
-110.58975,43.93476
-110.58975,43.93476
-110.58975,43.93476
-110.58975,43.93476
-110.58975,43.93476
-110.58975,43.93476
-110.58975,43.93476
-110.58975,43.93476
-110.58975,43.93476
-110.58975,43.93476
-110.58975,43.93476
-110.58975,43.93476
-110.58975,43.93476
-110.58975,43.93476
-110.58975,43.93476
-110.58975,43.93476
-110.58975,43.93476
-110.58975,43.93476
-110.58975,43.93476
-110.58975,43.93476
-110.58975,43.93476
-110.58975,43.93476
-110.58975,43.93476
-110.58975,43.93476
-110.58975,43.93476
-110.58975,43.93476
-110.58975,43.93476
-110.58975,43.93476
-110.58975,43.93476
-110.58975,43.93476
-110.58975,43.93476
-110.58975,43.93476
-110.58975,43.93476
-110.58975,43.93476
-110.58975,43.93476
-110.58975,43.93476
-110.58975,43.93476
-110.58975,43.93476
-110.58975,43.93476
-110.58975,43.93476
-110.58975,43.93476
-110.58975,43.93476
-110.58975,43.93476
-110.58975,43.93476
-110.58975,43.93476
-110.58975,43.93476
-110.58975,43.93476
-110.58975,43.93476
-110.58975,43.93476
-105.3026,40.00029
-105.3026,40.00029
-105.3026,40.00029
-105.3026,40.00029
-105.50567,39.80144
-105.50567,39.80144
-111.63722,40.588629
-111.89028,40.76083
-111.665686,40.233829
-112.12,38.63
-111.81028,40.75056
-112.12,38.63
-111.719881,40.698394
-111.89028,40.76083
-111.435,39.45611
-122.43028,45.49833
-111.84778,40.765
-111.89028,40.76083
-111.81028,40.75056
-112.12,38.63
-110.241547,40.778907
-111.84778,40.765
-111.89028,40.76083
-111.81028,40.75056
-111.89028,40.76083
-111.89028,40.76083
-111.89028,40.76083
-111.84778,40.765
-118.727,44.45
-114.565,50.953
-123.111,45.5197
-122.12,47.05
-105.308,40.0017
-117,46.73
-122.12,47.05
-121.799,44.6742
-122.065,37.9064
-105.308,40.0017
-105.259,39.9672
-122.492,48.6833
-155.488,64.7372
-139.5,60.75
-105.27,40.015
-105.308,40.0017
-105.27,40.015
-122.73,38.03
-105.589,39.905
-139.5,60.75
-122.12,47.05
-105.259,39.9672
-105.508,39.8908
-105.27,40.015
-108.526,47.9178
-139.5,60.75
-112.363,38.3164
-105.308,40.0017
-122.12,47.05
-122.12,47.05
-139.5,60.75
-122.416,37.7775
-122.73,38.03
-122.065,37.9064
-122.12,47.05
-115.763,49.509
-122.12,47.05
-139.5,60.75
-105.308,40.0017
-122.12,47.05
-159.55,61.5789
-105.725,39.6958
-122.12,47.05
-105.308,40.0017
-105.508,39.8908
-122.73,38.03
-122.12,47.05
-148.833,63.6542
-139.5,60.75
-117.375,46.6358
-105.11,39.4368
-122.12,47.05
-122.416,37.7775
-122.4,46.58
-147.398,66.3597
-105.725,39.6958
-139.5,60.75
-122.73,38.03
-122.197,44.7892
-139.5,60.75
-105.417,36.5569
-156.886,64.7406
-123.111,45.5197
-105.27,40.015
-122.73,38.03
-123.111,45.5197
-115.767,49.5167
-105.308,40.0017
-105.27,40.015
-122.12,47.05
-122.12,47.05
-122.12,47.05
-105.725,39.6958
-122.12,47.05
-105.508,39.8908
-139.5,60.75
-105.308,40.0017
-139.5,60.75
-123.111,45.5197
-105.308,40.0017
-122.73,38.03
-105.508,39.8908
-135.314,59.4583
-105.308,40.0017
-105.64,39.69
-117.375,46.6358
-105.27,40.015
-122.4,46.58
-105.308,40.0017
-122.12,47.05
-147.398,66.3597
-105.27,40.015
-122.12,47.05
-105.27,40.015
-139.5,60.75
-105.347,39.6361
-121.647,36.6219
-121.843,48.8592
-105.27,40.015
-122.12,47.05
-105.308,40.0017
-121.799,44.6742
-149.117,61.6019
-123.28,44.57
-122.73,38.03
-122.12,47.05
-112.061,36.2106
-115.567,51.1667
-106.323,39.443
-139.5,60.75
-123.111,45.5197
-122.4,46.58
-139.5,60.75
-122.12,47.05
-123.111,45.5197
-122.73,38.03
-105.308,40.0017
-105.308,40.0017
-122.12,47.05
-147.398,66.3597
-121.845,44.6544
-123.111,45.5197
-122.12,47.05
-105.508,39.8908
-122.12,47.05
-105.27,40.015
-121.799,44.6742
-123.283,44.5667
-149.117,61.6019
-122.12,47.05
-139.5,60.75
-122.607,45.3572
-105.508,39.8908
-122.4,46.58
-105.308,40.0017
-123.182,45.8267
-105.508,39.8908
-105.725,39.6958
-122.73,38.03
-122.12,47.05
-123.111,45.5197
-105.36,40.09
-115.595,51.2
-139.5,60.75
-105.725,39.6958
-122.12,47.05
-123.498,47.9692
-121.733,45.3761
-122.12,47.05
-139.5,60.75
-122.12,47.05
-139.5,60.75
-105.308,40.0017
-121.491,46.2025
-122.12,47.05
-122.12,47.05
-122.73,38.03
-139.5,60.75
-159.773,62.1981
-105.27,40.015
-123.946,45.4347
-105.27,40.015
-105.308,40.0017
-149.117,61.6019
-122.12,47.05
-139.5,60.75
-122.12,47.05
-123.447,44.5042
-122.12,47.05
-122.12,47.05
-151.713,59.4389
-122.12,47.05
-105.27,40.015
-121.799,44.6742
-139.5,60.75
-122.12,47.05
-122.73,38.03
-139.5,60.75
-122.4,46.58
-105.27,40.015
-122.12,47.05
-122.73,38.03
-105.308,40.0017
-105.308,40.0017
-105.27,40.015
-105.308,40.0017
-122.73,38.03
-122.4,46.58
-139.5,60.75
-139.5,60.75
-122.73,38.03
-122.73,38.03
-122.12,47.05
-105.508,39.8908
-117.17,46.73
-139.5,60.75
-139.5,60.75
-121.845,44.6544
-150.25,61.38
-105.27,40.015
-123.111,45.5197
-122.578,37.9292
-105.27,39.3864
-122.12,47.05
-115.595,51.2
-105.347,39.6361
-105.27,39.3864
-139.5,60.75
-105.508,39.8908
-122.12,47.05
-122.12,47.05
-122.12,47.05
-105.308,40.0017
-139.5,60.75
-122.492,48.6833
-139.5,60.75
-105.27,40.015
-139.5,60.75
-105.27,40.015
-139.5,60.75
-139.5,60.75
-121.799,44.6742
-122.12,47.05
-105.508,39.8908
-105.725,39.6958
-122.73,38.03
-111.087,40.3561
-122.12,47.05
-122.12,47.05
-105.27,40.015
-147.398,66.3597
-105.725,39.6958
-105.27,39.3864
-105.589,39.905
-105.308,40.0017
-147.398,66.3597
-105.308,40.0017
-105.27,39.3864
-122.73,38.03
-105.725,39.6958
-150.25,61.38
-139.5,60.75
-122.12,47.05
-105.308,40.0017
-105.27,40.015
-105.589,39.905
-105.27,40.015
-147.398,66.3597
-105.27,40.015
-155.488,64.7372
-121.845,44.6544
-122.031,37.978
-122.12,47.05
-105.27,40.015
-105.03,39.9372
-122.12,47.05
-116.911,49.9133
-122.12,47.05
-139.5,60.75
-105.308,40.0017
-122.12,47.05
-149.027,61.5481
-139.5,60.75
-105.508,39.8908
-105.308,40.0017
-139.5,60.75
-105.308,40.0017
-105.308,40.0017
-105.308,40.0017
-122.197,44.7892
-111.083,39.9286
-122.73,38.03
-149.695,61.2542
-105.27,40.015
-112.061,36.2106
-139.5,60.75
-122.73,38.03
-159.773,62.1981
-122.12,47.05
-117.632,46.1236
-105.308,40.0017
-139.5,60.75
-139.5,60.75
-159.55,61.5789
-122.73,38.03
-105.328,36.9203
-105.308,40.0017
-105.308,40.0017
-145.752,63.7875
-122.73,38.03
-135.05,60.7167
-115.595,51.2
-149.117,61.6019
-105.36,40.09
-122.4,46.58
-105.308,40.0017
-139.5,60.75
-122.081,37.6689
-105.27,40.015
-105.27,40.015
-122.12,47.05
-159.55,61.5789
-147.398,66.3597
-135.05,60.7167
-105.27,40.015
-122.12,47.05
-123.111,45.5197
-122.12,47.05
-105.508,39.8908
-139.5,60.75
-105.27,40.015
-149.433,60.1244
-139.5,60.75
-105.27,40.015
-122.065,37.9064
-149.117,61.6019
-105.175,37.4853
-105.27,40.015
-113.896,48.5892
-105.308,40.0017
-105.27,40.015
-107.961,39.2405
-105.27,40.015
-105.27,40.015
-105.27,40.015
-122.12,47.05
-122.73,38.03
-139.5,60.75
-122.73,38.03
-106.382,38.4383
-112.849,37.6425
-105.508,39.8908
-122.73,38.03
-122.12,47.05
-122.73,38.03
-139.5,60.75
-105.308,40.0017
-123.707,44.3797
-113.684,46.7253
-122.145,47.8292
-105.36,40.09
-149.117,61.6019
-122.12,47.05
-122.12,47.05
-139.5,60.75
-117.375,46.6358
-122.73,38.03
-123.111,45.5197
-122.73,38.03
-122.12,47.05
-156.886,64.7406
-105.589,39.905
-105.27,40.7833
-105.508,39.8908
-122.12,47.05
-122.492,48.6833
-105.308,40.0017
-121.647,36.6219
-149.117,61.6019
-105.27,39.3864
-121.647,36.6219
-105.508,39.8908
-116.911,49.7333
-122.12,47.05
-147.833,64.8556
-113.896,48.5892
-105.27,40.015
-105.725,39.6958
-139.5,60.75
-105.308,40.0017
-139.5,60.75
-122.12,47.05
-122.73,38.03
-121.491,46.2025
-122.73,38.03
-122.73,38.03
-122.73,38.03
-122.12,47.05
-121.845,44.6544
-105.308,40.0017
-139.5,60.75
-123.029,44.9308
-119.272,50.2667
-159.55,61.5789
-105.308,40.0017
-105.508,39.8908
-105.27,40.015
-105.27,40.015
-139.5,60.75
-139.5,60.75
-122.12,47.05
-122.73,38.03
-147.398,66.3597
-122.12,47.05
-111.643,41.7808
-122.12,47.05
-122.12,47.05
-105.252,40.0275
-105.308,40.0017
-122.12,47.05
-122.73,38.03
-116.691,47.7622
-135.314,59.4583
-105.725,39.6958
-121.647,36.6219
-121.845,44.6544
-122.73,38.03
-105.27,40.015
-105.11,39.4368
-105.27,40.015
-122.73,38.03
-122.197,44.7892
-122.73,38.03
-121.845,44.6544
-117.375,46.6358
-105.27,40.015
-105.27,40.015
-105.27,39.3864
-105.27,40.015
-105.508,39.8908
-105.308,40.0017
-105.308,40.0017
-105.27,39.3864
-105.27,40.7833
-139.5,60.75
-122.12,47.05
-149.433,60.1244
-105.308,40.0017
-122.12,47.05
-105.252,40.0275
-105.725,39.6958
-105.239,39.7325
-105.725,39.6958
-105.308,40.0017
-139.5,60.75
-111.281,40.3564
-105.508,39.8908
-139.5,60.75
-105.27,40.015
-123.111,45.5197
-122.12,47.05
-149.117,61.6019
-145.802,64.1472
-121.992,43.4756
-123.111,45.5197
-121.843,48.8592
-139.5,60.75
-122.73,38.03
-122.12,47.05
-105.27,40.015
-122.12,47.05
-105.308,40.0017
-122.12,47.05
-122.12,47.05
-121.647,36.6219
-105.252,40.0275
-105.725,39.6958
-122.12,47.05
-105.308,40.0017
-122.12,47.05
-124.054,44.1881
-122.065,37.9064
-139.5,60.75
-149.433,60.1244
-105.27,40.015
-122.12,47.05
-105.27,40.015
-105.324,39.41
-139.5,60.75
-139.5,60.75
-122.12,47.05
-122.065,37.9064
-115.767,49.5167
-121.845,44.6544
-122.4,46.58
-139.5,60.75
-149.027,61.5481
-122.12,47.05
-107.017,40.4916
-105.308,40.0017
-155.577,62.9519
-147.723,64.8436
-105.308,40.0017
-105.27,40.015
-105.308,40.0017
-122.12,47.05
-139.5,60.75
-105.725,39.6958
-105.308,40.0017
-105.589,39.905
-105.308,40.0017
-144.07,65.83
-122.12,47.05
-105.27,40.015
-139.5,60.75
-122.12,47.05
-122.73,38.03
-105.308,40.0017
-135.05,60.7167
-123.283,44.5667
-121.491,46.2025
-122.12,47.05
-105.259,39.9672
-105.508,39.8908
-122.145,47.8292
-122.73,38.03
-122.12,47.05
-139.5,60.75
-105.27,40.015
-122.065,37.9064
-116.911,49.9133
-122.12,47.05
-108.526,47.9178
-105.308,40.0017
-139.5,60.75
-105.308,40.0017
-122.73,38.03
-122.12,47.05
-105.27,40.015
-105.27,40.015
-122.73,38.03
-139.5,60.75
-105.27,40.015
-122.273,37.8717
-111.872,40.8797
-139.5,60.75
-105.725,39.6958
-105.725,39.6958
-105.27,39.3864
-110.902,37.2567
-122.73,38.03
-105.27,40.015
-105.27,40.015
-147.398,66.3597
-105.308,40.0017
-139.5,60.75
-115.595,51.2
-122.12,47.05
-105.27,40.015
-105.27,40.015
-155.488,64.7372
-105.508,39.8908
-105.308,40.0017
-139.5,60.75
-122.12,47.05
-112.318,42.5506
-121.441,46.1519
-105.27,40.015
-122.12,47.05
-122.12,47.05
-122.12,47.05
-121.845,44.6544
-105.308,40.0017
-139.5,60.75
-122.73,38.03
-122.12,47.05
-122.73,38.03
-122.12,47.05
-122.12,47.05
-105.508,39.8908
-105.308,40.0017
-122.73,38.03
-155.577,62.9519
-122.12,47.05
-123.28,44.57
-139.5,60.75
-105.27,40.015
-149.9,61.22
-105.508,39.8908
-122.12,47.05
-105.308,40.0017
-105.27,40.015
-105.27,40.015
-110.196,44.5042
-105.27,40.015
-122.12,47.05
-122.73,38.03
-105.508,39.8908
-105.308,40.0017
-122.73,38.03
-122.73,38.03
-122.12,47.05
-139.5,60.75
-122.73,38.03
-105.27,40.015
-105.27,40.015
-105.308,40.0017
-122.4,46.58
-122.151,44.7356
-149.74,61.2917
-121.845,44.6544
-122.197,44.7892
-105.27,40.015
-113.401,49.729
-116.911,49.9133
-122.12,47.05
-105.308,40.0017
-122.416,37.7775
-139.5,60.75
-123.111,45.5197
-139.5,60.75
-105.27,40.015
-105.308,40.0017
-122.73,38.03
-105.725,39.6958
-105.27,40.015
-122.12,47.05
-122.73,38.03
-122.12,47.05
-105.239,39.7325
-122.12,47.05
-123.111,45.5197
-122.12,47.05
-106.919,40.3533
-122.41,45.54
-122.12,47.05
-105.27,40.015
-111.831,41.7378
-105.27,40.015
-105.308,40.0017
-105.27,40.015
-139.5,60.75
-122.12,47.05
-105.308,40.0017
-122.119,48.0722
-147.398,66.3597
-105.725,39.6958
-105.508,39.8908
-105.27,40.015
-105.27,40.015
-122.169,37.4283
-139.5,60.75
-122.12,47.05
-123.28,44.57
-121.647,36.6219
-105.27,40.015
-159.55,61.5789
-105.27,40.015
-105.347,39.6361
-122.73,38.03
-110.683,50.8
-122.73,38.03
-123.707,44.3797
-105.27,39.3864
-122.12,47.05
-105.36,40.09
-105.11,39.4368
-121.799,44.6742
-105.308,40.0017
-111.655,40.115
-139.5,60.75
-121.647,36.6219
-122.12,47.05
-123.111,45.5197
-139.5,60.75
-123.28,44.57
-105.27,40.015
-105.508,39.8908
-139.5,60.75
-139.5,60.75
-122.73,38.03
-123.111,45.5197
-122.12,47.05
-105.308,40.0017
-123.447,44.5042
-105.27,40.015
-105.27,39.3864
-105.508,39.8908
-139.5,60.75
-108.526,47.9178
-152.144,69.3669
-105.308,40.0017
-115.767,49.5167
-105.308,40.0017
-105.252,40.0275
-105.725,39.6958
-105.508,39.8908
-105.27,39.3864
-122.12,47.05
-105.508,39.8908
-139.5,60.75
-122.12,47.05
-122.492,48.6833
-105.36,40.09
-105.27,40.015
-155.577,62.9519
-128.608,54.5177
-123.111,45.5197
-123.111,45.5197
-122.73,38.03
-122.73,38.03
-122.4,46.58
-122.12,47.05
-139.5,60.75
-150.25,61.38
-105.725,39.6958
-122.12,47.05
-105.308,40.0017
-117.227,49.9756
-122.12,47.05
-122.12,47.05
-105.308,40.0017
-122.12,47.05
-122.12,47.05
-122.12,47.05
-105.725,39.6958
-139.5,60.75
-105.308,40.0017
-139.5,60.75
-139.5,60.75
-105.27,40.015
-122.12,47.05
-105.27,40.015
-105.508,39.8908
-122.12,47.05
-122.12,47.05
-105.308,40.0017
-155.488,64.7372
-111.689,40.6411
-123.28,44.57
-139.5,60.75
-123.28,44.57
-105.27,39.3864
-105.36,40.09
-123.111,45.5197
-122.12,47.05
-122.12,47.05
-105.27,40.015
-122.4,46.58
-105.308,40.0017
-147.398,66.3597
-105.27,40.015
-122.4,46.58
-122.259,37.8719
-122.73,38.03
-122.12,47.05
-139.5,60.75
-122.73,38.03
-122.73,38.03
-111.872,40.8797
-139.5,60.75
-105.725,39.6958
-105.36,40.09
-139.5,60.75
-105.308,40.0017
-122.12,47.05
-105.347,39.6361
-105.347,39.6361
-117.219,50.0584
-104.985,39.7392
-105.27,40.015
-122.73,38.03
-122.73,38.03
-139.5,60.75
-105.27,39.3864
-122.12,47.05
-155.488,64.7372
-105.508,39.8908
-123.28,44.57
-122.73,38.03
-123.111,45.5197
-105.308,40.0017
-105.27,40.015
-155.488,64.7372
-121.799,44.6742
-105.508,39.8908
-155.488,64.7372
-139.5,60.75
-105.36,40.09
-122.12,47.05
-149.117,61.6019
-105.308,40.0017
-122.12,47.05
-121.845,44.6544
-122.73,38.03
-139.5,60.75
-159.55,61.5789
-105.27,40.015
-122.12,47.05
-149.433,60.1244
-108.526,47.9178
-105.27,40.015
-105.36,40.09
-105.27,39.3864
-123.447,44.5042
-139.5,60.75
-122.672,44.4103
-122.12,47.05
-122.12,47.05
-105.725,39.6958
-116.911,49.9133
-122.065,37.9064
-123.111,45.5197
-149.991,61.7694
-122.197,44.7892
-123.707,44.3797
-105.27,40.015
-105.308,40.0017
-122.73,38.03
-139.5,60.75
-105.27,40.015
-122.73,38.03
-105.27,40.015
-139.5,60.75
-139.5,60.75
-105.27,39.3864
-147.398,66.3597
-105.27,40.015
-122.12,47.05
-105.308,40.0017
-139.5,60.75
-159.55,61.5789
-105.508,39.8908
-123.111,45.5197
-122.12,47.05
-149.433,60.1244
-105.308,40.0017
-105.27,40.015
-105.27,40.015
-105.308,40.0017
-115.767,49.5167
-105.36,40.09
-105.27,40.015
-105.308,40.0017
-122.12,47.05
-121.647,36.6219
-105.508,39.8908
-105.27,40.015
-115.582,51.2681
-122.12,47.05
-105.27,40.015
-105.27,40.015
-122.12,47.05
-122.73,38.03
-122.73,38.03
-122.12,47.05
-105.508,39.8908
-122.12,47.05
-166.211,60.095
-105.508,39.8908
-105.27,39.3864
-147.723,64.8436
-149.9,61.22
-149.027,61.5481
-139.5,60.75
-105.27,40.015
-105.725,39.6958
-122.12,47.05
-105.27,40.015
-122.12,47.05
-115.567,51.1667
-123.111,45.5197
-105.508,39.8908
-122.12,47.05
-139.5,60.75
-122.12,47.05
-105.27,40.015
-122.12,47.05
-105.508,39.8908
-105.308,40.0017
-115.667,51.15
-105.725,39.6958
-123.111,45.5197
-121.647,36.6219
-122.12,47.05
-121.733,45.3761
-105.308,40.0017
-123.182,45.8267
-122.73,38.03
-139.5,60.75
-122.73,38.03
-121.736,46.7889
-122.12,47.05
-139.5,60.75
-155.488,64.7372
-105.508,39.8908
-105.725,39.6958
-151.65,65.28
-139.5,60.75
-122.4,46.58
-105.308,40.0017
-122.489,37.7361
-122.12,47.05
-123.26,47.9564
-105.795,39.018
-122.4,46.58
-122.73,38.03
-111.689,40.6411
-111.087,40.3561
-115.595,51.2
-105.27,40.015
-122.12,47.05
-122.492,48.6833
-123.111,45.5197
-139.5,60.75
-105.308,40.0017
-139.5,60.75
-121.845,44.6544
-121.845,44.6544
-159.55,61.5789
-139.5,60.75
-149.027,61.5481
-106.103,40.073
-122.492,48.6833
-115.572,51.1781
-122.12,47.05
-105.308,40.0017
-122.12,47.05
-147.398,66.3597
-122.12,47.05
-105.36,40.09
-105.252,40.0275
-105.308,40.0017
-117.219,50.0584
-122.73,38.03
-133.72,59.58
-122.492,48.6833
-105.308,40.0017
-112.061,36.2106
-139.5,60.75
-149.117,61.6019
-123.111,45.5197
-122.73,38.03
-104.985,39.7392
-122.12,47.05
-105.308,40.0017
-122.12,47.05
-139.5,60.75
-122.416,37.7775
-139.5,60.75
-122.73,38.03
-122.12,47.05
-122.672,44.4103
-105.27,40.015
-113.896,48.5892
-121.491,46.2025
-122.4,46.58
-147.398,66.3597
-122.12,47.05
-155.488,64.7372
-123.283,44.5667
-155.488,64.7372
-122.4,46.58
-122.12,47.05
-122.73,38.03
-122.12,47.05
-105.36,40.09
-122.12,47.05
-105.508,39.8908
-123.111,45.5197
-105.27,40.015
-139.5,60.75
-108.526,47.9178
-122.12,47.05
-105.308,40.0017
-122.138,37.4292
-122.12,47.05
-105.27,39.3864
-105.27,40.015
-105.27,40.015
-122.73,38.03
-123.447,44.5042
-122.12,47.05
-115.595,51.2
-122.12,47.05
-149.9,61.22
-123.283,44.5667
-122.73,38.03
-123.447,44.5042
-105.27,39.3864
-121.845,44.6517
-122.065,37.9064
-139.5,60.75
-105.27,39.3864
-105.27,40.015
-122.12,47.05
-123.111,45.5197
-117.375,46.6358
-105.347,39.6361
-105.308,40.0017
-116.911,49.9133
-122.12,47.05
-105.308,40.0017
-105.308,40.0017
-105.27,40.015
-150.25,61.38
-122.12,47.05
-105.579,39.908
-105.27,40.015
-105.36,40.09
-105.308,40.0017
-117.114,48.3017
-108.669,37.4997
-105.308,40.0017
-105.725,39.6958
-121.491,46.2025
-122.73,38.03
-122.73,38.03
-105.725,39.6958
-122.73,38.03
-122.12,47.05
-128.608,54.5177
-105.27,40.015
-116.911,49.9133
-105.27,40.015
-156.886,64.7406
-105.308,40.0017
-122.73,38.03
-122.73,38.03
-105.347,39.6361
-105.27,40.015
-122.73,38.03
-105.27,39.3864
-105.508,39.8908
-110.714,45.0369
-139.5,60.75
-122.12,47.05
-105.27,40.015
-105.27,40.015
-105.72,39.12
-122.12,47.05
-139.5,60.75
-105.308,40.0017
-122.73,38.03
-123.111,45.5197
-123.28,44.57
-122.12,47.05
-122.672,44.4103
-117.375,46.6358
-105.417,36.5569
-122.12,47.05
-105.27,40.015
-105.27,39.3864
-105.27,40.015
-149.117,61.6019
-123.111,45.5197
-122.12,47.05
-122.197,44.7892
-122.934,44.6875
-105.27,40.015
-105.308,40.0017
-122.12,47.05
-139.5,60.75
-147.398,66.3597
-121.647,36.6219
-105.725,39.6958
-105.27,40.015
-105.308,40.0017
-108.758,44.7589
-122.12,47.05
-155.488,64.7372
-122.12,47.05
-105.508,39.8908
-118.533,52.8667
-122.12,47.05
-105.27,40.015
-105.508,39.8908
-155.577,62.9519
-105.308,40.0017
-128.608,54.5177
-105.508,39.8908
-105.27,40.015
-139.5,60.75
-139.5,60.75
-121.845,44.6544
-115.595,51.2
-123.111,45.5197
-122.73,38.03
-112.027,46.5958
-105.508,39.8908
-141.002,62.6151
-105.27,40.015
-155.577,62.9519
-105.308,40.0017
-105.27,40.015
-122.065,37.9064
-122.12,47.05
-105.27,40.015
-105.27,40.015
-122.065,37.9064
-149.117,61.6019
-105.308,40.0017
-108.526,47.9178
-122.12,47.05
-122.73,38.03
-105.308,40.0017
-139.5,60.75
-150.25,61.38
-105.27,40.015
-139.5,60.75
-139.5,60.75
-123.447,44.5042
-122.12,47.05
-105.308,40.0017
-147.723,64.8436
-122.73,38.03
-119.272,50.2667
-105.27,40.015
-122.12,47.05
-105.579,36.1622
-122.12,47.05
-105.27,40.015
-105.27,39.3864
-139.5,60.75
-104.881,39.7619
-105.308,40.0017
-121.845,44.6544
-122.12,47.05
-139.5,60.75
-122.73,38.03
-105.27,39.3864
-111.087,40.3561
-139.5,60.75
-122.12,47.05
-121.82,44.6289
-105.308,40.0017
-122.73,38.03
-105.589,39.905
-105.27,40.015
-105.27,40.015
-105.308,40.0017
-139.5,60.75
-122.065,37.9064
-111.815,41.5336
-139.5,60.75
-105.252,40.0275
-105.508,39.8908
-123.283,44.5667
-139.5,60.75
-105.27,40.015
-122.12,47.05
-105.27,40.015
-147.398,66.3597
-146.86,65.2358
-139.5,60.75
-105.508,39.8908
-105.308,40.0017
-122.169,37.4283
-105.05258,37.984588
-106.454191,35.277819
-122.65,49.1
-122.9667,49.1667
-122.63472,49.20694
-113.0558,47.1903
-119.3833,50.1167
-119.38333,49.9
-122.63472,49.20694
-105.535425,40.031978
-105.207614,39.663499
-124.106707,44.092698
-123.688249,47.976199
-117.112721,47.911624
-122.9667,49.1667
-122.9667,49.1667
-105.335,39.929
-105.335,39.929
-105.335,39.929
-105.335,39.929
-105.335,39.929
-105.3336,39.9268
-105.335,39.929
-105.3357,39.9307
-105.335,39.929
-105.335,39.929
-104.9847,39.73915
-105.5046,40.1432
-105.642,39.691
-107.1868,40.0596
-105.347,40.094
-108.0305,39.0512
-105.347,40.094
-105.642,39.691
-105.642,39.691
-105.347,40.094
-105.347,40.094
-105.347,40.094
-105.347,40.094
-105.347,40.094
-105.411,40.138
-105.6166,40.0597
-105.5376,40.0314
-105.642,39.691
-105.347,40.094
-105.347,40.094
-105.2651,40.0055
-105.347,40.094
-105.347,40.094
-105.347,40.094
-105.347,40.094
-105.347,40.094
-105.347,40.094
-105.347,40.094
-105.642,39.691
-105.642,39.691
-105.347,40.094
-105.347,40.094
-105.347,40.094
-107.671,38.023
-105.347,40.094
-105.347,40.094
-105.347,40.094
-105.347,40.094
-105.347,40.094
-105.347,40.094
-105.347,40.094
-105.347,40.094
-105.347,40.094
-105.347,40.094
-105.347,40.094
-105.347,40.094
-105.347,40.094
-105.347,40.094
-105.347,40.094
-105.347,40.094
-105.347,40.094
-105.347,40.094
-105.347,40.094
-105.347,40.094
-105.347,40.094
-105.347,40.094
-105.347,40.094
-105.347,40.094
-105.347,40.094
-105.347,40.094
-105.347,40.094
-105.504,39.866
-105.347,40.094
-105.504,39.866
-105.347,40.094
-105.347,40.094
-105.347,40.094
-105.347,40.094
-105.347,40.094
-105.504,39.866
-105.347,40.094
-105.347,40.094
-105.347,40.094
-105.347,40.094
-105.347,40.094
-105.347,40.094
-105.347,40.094
-105.347,40.094
-107.326,40.766
-105.347,40.094
-105.347,40.094
-107.326,40.766
-105.347,40.094
-105.347,40.094
-105.347,40.094
-107.544,40.748
-105.347,40.094
-105.347,40.094
-105.347,40.094
-107.326,40.766
-105.347,40.094
-107.326,40.766
-105.347,40.094
-105.504,39.866
-107.326,40.766
-105.347,40.094
-105.482,39.91
-105.504,39.866
-105.347,40.094
-107.326,40.766
-105.5358,40.0321
-105.347,40.094
-105.482,39.91
-105.347,40.094
-105.504,39.866
-105.347,40.094
-105.0242,37.3482
-107.14,40.15
-105.347,40.094
-105.347,40.094
-106.842,40.706
-106.7819,40.5356
-105.504,39.866
-105.504,39.866
-106.966,39.26
-106.966,39.26
-107.326,40.766
-107.326,40.766
-105.347,40.094
-107.326,40.766
-107.544,40.748
-105.347,40.094
-107.544,40.748
-107.326,40.766
-105.0242,37.3482
-107.14,40.15
-107.14,40.15
-107.14,40.15
-107.326,40.766
-107.14,40.15
-107.513,40.707
-107.513,40.707
-106.7819,40.5356
-105.6166,40.0597
-106.7819,40.5356
-107.326,40.766
-107.513,40.707
-107.326,40.766
-107.544,40.748
-105.2727,40.0232
-105.0242,37.3482
-107.544,40.748
-107.326,40.766
-107.14,40.15
-106.213,40.993
-106.213,40.993
-107.544,40.748
-106.966,39.26
-106.213,40.993
-107.544,40.748
-106.213,40.993
-107.326,40.766
-106.7555,40.485
-106.7555,40.485
-106.9395,40.5669
-107.14,40.15
-105.247,39.999
-107.544,40.748
-105.675,39.898
-107.544,40.748
-107.513,40.707
-107.544,40.748
-107.513,40.707
-105.335,39.929
-107.513,40.707
-106.7555,40.485
-105.597,40.561
-107.513,40.707
-105.2979,39.9978
-105.0242,37.3482
-105.642,39.691
-105.27055,40.01499
-107.513,40.707
-107.298,39.382
-107.513,40.707
-107.513,40.707
-107.0387,39.5353
-107.118,39.473
-107.513,40.707
-106.7819,40.5356
-107.118,39.473
-107.513,40.707
-107.273712,38.95261
-106.9804099,38.9499258
-124.016667,49.2
-107.042711,39.010099
-107.06088,38.990546
-106.629885,38.537848
-106.569732,40.051262
-106.987823,38.869715
-106.987823,38.71025
-107.384916,38.816355
-105.504807,39.893244
-106.987823,38.71025
-106.313082,40.859697
-107.042711,39.010099
-107.06088,38.990546
-106.313082,40.859697
-106.313082,40.859697
-106.261924,38.182393
-109.23289,47.19538
-106.719787,40.450275
-106.987823,38.869715
-106.987823,38.869715
-107.042711,39.010099
-106.9804099,38.9499258
-106.987823,38.869715
-106.719787,40.450275
-109.25,45.194
-106.313082,40.859697
-151.002028,65.34403
-124.054323,46.346634
-106.629885,38.537848
-106.987823,38.869715
-106.834716,38.733419
-106.989768,38.959158
-103.746339,43.959349
-106.9804099,38.9499258
-106.787475,40.505753
-107.384916,38.816355
-106.987823,38.869715
-106.313082,40.859697
-106.719787,40.450275
-106.9804099,38.9499258
-106.313082,40.859697
-106.787475,40.505753
-122.988702,38.014844
-107.384916,38.816355
-106.629885,38.537848
-106.968065,38.886238
-114.181686,39.216988
-106.989768,38.959158
-122.988702,38.014844
-106.989768,38.959158
-106.987823,38.869715
-106.989768,38.959158
-106.989768,38.959158
-106.987823,38.71025
-106.787475,40.505753
-106.9804099,38.9499258
-106.9804099,38.9499258
-106.313082,40.859697
-106.987823,38.71025
-106.9804099,38.9499258
-105.396284,40.119089
-107.042711,39.010099
-106.989768,38.959158
-107.862037,44.868912
-103.746339,43.959349
-107.042711,39.010099
-107.042711,39.010099
-107.042711,39.010099
-124.016667,49.2
-135.05,60.716667
-107.042711,39.010099
-112.161426,45.864237
-117.366886,48.019063
-122.988702,38.014844
-120.044238,51.795569
-106.993888,38.922578
-106.9804099,38.9499258
-106.987823,38.869715
-106.787475,40.505753
-106.9804099,38.9499258
-107.042711,39.010099
-105.504807,39.893244
-105.591788,41.349169
-106.719787,40.450275
-106.9804099,38.9499258
-108.151037,37.274922
-106.629885,38.537848
-106.629885,38.537848
-106.261924,38.182393
-106.9804099,38.9499258
-103.575193,43.890387
-108.151037,37.274922
-106.987823,38.71025
-122.364595,48.170654
-106.829567,38.537713
-107.042711,39.010099
-105.591788,41.349169
-106.9804099,38.9499258
-105.074195,37.321039
-106.787475,40.505753
-105.396284,40.119089
-123.133333,49.25
-106.968065,38.886238
-106.9804099,38.9499258
-111.943833,41.391182
-106.9804099,38.9499258
-122.988702,38.014844
-106.834716,38.733419
-106.987823,38.869715
-107.042711,39.010099
-106.989768,38.959158
-106.719787,40.450275
-108.536758,38.065825
-106.993888,38.922578
-106.96947,38.90862
-106.968065,38.886238
-122.364595,48.170654
-107.042711,39.010099
-106.56087,40.075819
-106.9804099,38.9499258
-124.115737,40.925112
-106.629885,38.537848
-106.787475,40.505753
-106.993888,38.922578
-122.961664,38.027427
-123.767299,45.008136
-107.273712,38.95261
-106.989768,38.959158
-145.503157,62.985988
-107.273712,38.95261
-106.987823,38.71025
-106.787475,40.505753
-106.834716,38.733419
-106.9804099,38.9499258
-106.968065,38.886238
-107.042711,39.010099
-107.042711,39.010099
-107.384916,38.816355
-105.5028,39.9233
-107.042711,39.010099
-106.987823,38.869715
-106.987823,38.869715
-106.84615,38.69371
-122.2929,47.185398
-106.987823,38.869715
-106.987823,38.869715
-107.9333,39.0667
-106.993888,38.922578
-106.987823,38.869715
-106.834716,38.733419
-107.042711,39.010099
-107.042711,39.010099
-122.988702,38.014844
-111.943833,41.429975
-122.364595,48.170654
-106.831029,40.502603
-106.9804099,38.9499258
-106.986443,38.960427
-106.968065,38.886238
-106.226132,40.969697
-122.988702,38.014844
-106.993888,38.922578
-106.987823,38.869715
-107.862037,44.868912
-111.351272,39.481836
-106.719787,40.450275
-106.829567,38.537713
-123.564593,45.865659
-109.343748,47.002601
-107.951574,39.069693
-108.536758,38.065825
-109.47772,45.37303
-106.987823,38.71025
-108.326057,38.960765
-106.791171,38.893127
-106.9804099,38.9499258
-106.261924,38.182393
-107.042711,39.010099
-105.591788,41.349169
-106.834716,38.733419
-113.917412,47.81287
-106.989768,38.959158
-106.719787,40.450275
-106.787475,40.505753
-108.953094,39.582548
-109.47772,45.37303
-106.629885,38.537848
-106.569732,40.051262
-106.719787,40.450275
-105.282496,40.10336
-105.307524,40.001679
-106.611707,40.384704
-106.907899,39.134157
-106.313082,40.859697
-109.47772,45.37303
-122.988702,38.014844
-103.746339,43.959349
-109.47772,45.37303
-107.042711,39.010099
-106.987823,38.869715
-106.9804099,38.9499258
-108.953094,39.582548
-107.042711,39.010099
-106.9804099,38.9499258
-106.987823,38.869715
-105.504807,39.893244
-105.591788,41.349169
-106.313082,40.859697
-107.042711,39.010099
-107.042711,39.010099
-106.829567,38.537713
-107.042711,39.010099
-106.987823,38.71025
-117.366886,48.019063
-106.313082,40.859697
-121.805789,38.004921
-123.001463,41.018104
-106.829567,38.537713
-106.629885,38.537848
-106.791171,38.893127
-106.791171,38.893127
-107.273712,38.95261
-107.3702,38.926325
-106.968065,38.886238
-106.787475,40.505753
-106.56087,40.075819
-107.06088,38.990546
-106.261924,38.182393
-106.9804099,38.9499258
-109.23289,47.19538
-106.829567,38.537713
-107.06088,38.990546
-106.834716,38.733419
-103.746339,43.959349
-109.679297,42.999633
-122.364595,48.170654
-106.987823,38.869715
-108.151037,37.274922
-122.988702,38.014844
-106.989768,38.901172
-106.830914,40.4868
-105.074195,37.321039
-106.987823,38.869715
-106.987823,38.869715
-106.989768,38.901172
-106.313082,40.859697
-106.719787,40.450275
-106.82682,38.525896
-107.273712,38.95261
-107.862037,44.868912
-106.830914,40.4868
-106.9804099,38.9499258
-107.042711,39.010099
-106.313082,40.859697
-106.9804099,38.9499258
-108.953094,39.582548
-106.611707,40.384704
-110.965081,42.813755
-109.47772,45.37303
-106.987823,38.869715
-105.074195,37.321039
-106.611707,40.384704
-106.84615,38.69371
-109.47772,45.37303
-106.9804099,38.9499258
-106.629885,38.537848
-106.719787,40.450275
-106.313082,40.859697
-106.719787,40.450275
-107.862037,44.868912
-106.989768,38.959158
-106.313082,40.859697
-106.987823,38.869715
-106.9804099,38.9499258
-122.988702,38.014844
-105.591788,41.349169
-105.074195,37.321039
-110.032151,45.822326
-107.06088,38.990546
-105.504807,39.893244
-106.989768,38.959158
-107.06088,38.990546
-106.313082,40.859697
-107.084209,40.028988
-105.094984,37.620592
-106.968065,38.886238
-106.629885,38.537848
-107.084209,40.028988
-106.719787,40.450275
-106.987823,38.869715
-109.23289,47.19538
-106.987823,38.869715
-106.719787,40.450275
-106.776726,38.748592
-106.719787,40.450275
-106.261924,38.182393
-106.56087,40.075819
-107.042711,39.010099
-108.536758,38.065825
-106.444746,46.274442
-105.591788,41.349169
-122.683491,47.925369
-105.307524,40.001679
-106.261924,38.182393
-107.053658,39.014157
-106.791171,38.893127
-107.042711,39.010099
-107.042711,39.010099
-106.629885,38.537848
-107.062547,38.952214
-106.987823,38.869715
-105.074195,37.321039
-107.862037,44.868912
-107.951574,39.069693
-106.313082,40.859697
-106.989768,38.959158
-122.988702,38.014844
-106.261924,38.182393
-106.989768,38.959158
-122.961664,38.027427
-106.56087,40.075819
-108.151037,37.274922
-106.719787,40.450275
-106.791171,38.893127
-106.261924,38.182393
-106.261924,38.182393
-106.968065,38.886238
-106.9804099,38.9499258
-106.830914,40.4868
-107.042711,39.010099
-106.829567,38.537713
-106.261924,38.182393
-108.326057,38.960765
-106.261924,38.182393
-106.719787,40.450275
-111.544168,40.727358
-108.953094,39.582548
-107.042711,39.010099
-107.273712,38.95261
-106.720727,38.746826
-106.313082,40.859697
-106.968065,38.886238
-107.216656,39.298178
-105.504807,39.893244
-106.987823,38.71025
-106.987823,38.71025
-106.989768,38.90842
-107.042711,39.010099
-113.917412,47.81287
-106.629885,38.537848
-107.384916,38.816355
-124.054323,46.346634
-106.989768,38.901172
-106.719787,40.450275
-106.987823,38.869715
-107.042711,39.010099
-107.384916,38.816355
-106.719787,40.450275
-107.9333,39.0667
-105.094984,37.620592
-105.504807,39.893244
-106.987823,38.869715
-123.491239,46.13368
-106.987823,38.71025
-106.987823,38.869715
-106.987823,38.869715
-105.074195,37.321039
-106.987823,38.71025
-106.261924,38.182393
-107.042711,39.010099
-106.261924,38.182393
-106.629885,38.537848
-106.313082,40.859697
-106.968065,38.886238
-122.961664,38.027427
-106.313082,40.859697
-106.629885,38.537848
-106.261924,38.182393
-106.787475,40.505753
-106.629885,38.537848
-107.27371,38.95261
-108.151037,37.274922
-106.829567,38.537713
-109.494416,40.633965
-105.591788,41.349169
-122.988702,38.014844
-106.9804099,38.9499258
-106.9804099,38.9499258
-105.504807,39.893244
-106.629885,38.537848
-106.987823,38.869715
-122.988702,38.014844
-106.9804099,38.9499258
-111.708481,38.729232
-105.591788,41.349169
-138.619539,61.21109
-107.042711,39.010099
-107.3204246,39.5499135
-106.9804099,38.9499258
-105.226594,39.22231
-112.161426,45.864237
-106.791171,38.893127
-106.830914,40.4868
-106.313082,40.859697
-123.29456,45.719834
-114.820581,50.874837
-106.719787,40.450275
-106.629885,38.537848
-107.042711,39.010099
-106.968065,38.886238
-106.9804099,38.9499258
-109.636489,45.197112
-107.042711,39.010099
-106.787475,40.505753
-106.787475,40.505753
-106.834716,38.733419
-107.042711,39.010099
-107.06088,38.990546
-106.719787,40.450275
-122.988702,38.014844
-105.074195,37.321039
-106.9804099,38.9499258
-106.719787,40.450275
-106.989768,38.959158
-106.719787,40.450275
-106.787475,40.505753
-110.965081,42.813755
-106.629885,38.537848
-108.334708,37.588344
-106.719787,40.450275
-109.47772,45.37303
-108.326057,38.960765
-106.968065,38.886238
-122.988702,38.014844
-123.419777,48.036857
-117.784894,50.242995
-106.719787,40.450275
-107.042711,39.010099
-106.989768,38.901172
-121.805789,38.004921
-106.190298,38.538609
-106.787475,40.505753
-108.326057,38.960765
-106.719787,40.450275
-106.261924,38.182393
-107.06088,38.990546
-106.989768,38.959158
-106.9804099,38.9499258
-106.968065,38.886238
-106.989768,38.959158
-106.968065,38.886238
-106.261924,38.182393
-106.313082,40.859697
-107.042711,39.010099
-106.629885,38.537848
-107.06088,38.990546
-106.993888,38.922578
-123.048057,38.33325
-122.961664,38.027427
-106.834716,38.733419
-106.719787,40.450275
-106.831029,40.502603
-106.719787,40.450275
-107.608947,38.548122
-106.989768,38.901172
-107.042711,39.010099
-107.084209,40.028988
-120.420313,44.394488
-106.968065,38.886238
-105.591788,41.349169
-109.25,45.194
-121.966573,43.627998
-106.830914,40.4868
-106.829567,38.537713
-106.787475,40.505753
-106.261924,38.182393
-107.608947,38.548122
-106.629885,38.537848
-106.987823,38.71025
-105.074195,37.321039
-107.06088,38.990546
-107.322554,39.519047
-107.042711,39.010099
-106.989768,38.959158
-106.629885,38.537848
-106.987823,38.869715
-106.989768,38.959158
-122.988702,38.014844
-106.987823,38.71025
-107.06088,38.990546
-106.261924,38.182393
-106.834716,38.733419
-106.992,39.058269
-117.784894,50.242995
-106.9804099,38.9499258
-107.06088,38.990546
-122.988702,38.014844
-106.629885,38.537848
-109.47772,45.37303
-107.273712,38.95261
-107.042711,39.010099
-106.9804099,38.9499258
-107.951574,39.069693
-121.13552,39.94156
-122.988702,38.014844
-106.993888,38.922578
-109.47772,45.37303
-112.439351,45.85603
-107.042711,39.010099
-122.961664,38.027427
-106.993888,38.922578
-106.989768,38.901172
-109.47772,45.37303
-106.987823,38.869715
-106.719787,40.450275
-105.591788,41.349169
-107.042711,39.010099
-106.313082,40.859697
-122.249496,37.536206
-106.907899,39.134157
-109.47772,45.37303
-122.988702,38.014844
-107.06088,38.990546
-106.313082,40.859697
-106.98337,38.101717
-107.042711,39.010099
-106.987823,38.71025
-122.988702,38.014844
-106.987823,38.869715
-106.987823,38.869715
-106.791171,38.893127
-106.719787,40.450275
-106.313082,40.859697
-106.834716,38.733419
-107.273712,38.95261
-106.313082,40.859697
-121.825391,47.528713
-106.987823,38.869715
-106.987823,38.869715
-107.042711,39.010099
-106.987823,38.869715
-106.313082,40.859697
-106.987823,38.869715
-107.042711,39.010099
-105.074195,37.321039
-122.988702,38.014844
-106.968065,38.886238
-106.907899,39.134157
-108.417675,37.301186
-106.968065,38.886238
-106.993888,38.922578
-108.953094,39.582548
-109.47772,45.37303
-106.629885,38.537848
-107.862037,44.868912
-122.308473,47.435958
-123.821079,43.593372
-107.936391,39.06678
-106.989768,38.959158
-106.719787,40.450275
-121.825391,47.528713
-123.048057,38.33325
-106.719787,40.450275
-122.988702,38.014844
-105.074195,37.321039
-106.9804099,38.9499258
-106.787475,40.505753
-103.374784,43.860751
-107.042711,39.010099
-106.987823,38.869715
-120.944125,39.941683
-106.719787,40.450275
-106.719787,40.450275
-108.819778,45.4386
-107.273712,38.95261
-106.9804099,38.9499258
-106.987823,38.71025
-107.06088,38.990546
-107.875966,38.097434
-109.47772,45.37303
-106.719787,40.450275
-123.663679,39.70489
-106.791171,38.893127
-105.591788,41.349169
-107.06088,38.990546
-123.663679,39.70489
-106.787475,40.505753
-124.115737,40.925112
-106.787475,40.505753
-106.719787,40.450275
-106.9804099,38.9499258
-106.989768,38.959158
-106.9804099,38.9499258
-121.825391,47.528713
-106.719787,40.450275
-106.993888,38.922578
-106.719787,40.450275
-109.47772,45.37303
-106.629885,38.537848
-106.261924,38.182393
-107.042711,39.010099
-106.968065,38.886238
-106.9804099,38.9499258
-123.419777,48.036857
-106.629885,38.537848
-107.042711,39.010099
-108.326057,38.960765
-104.372502,36.988797
-106.719787,40.450275
-109.47772,45.37303
-105.504807,39.893244
-121.825391,47.528713
-108.326057,38.960765
-106.719787,40.450275
-106.719787,40.450275
-106.569732,40.051262
-106.989768,38.959158
-103.598806,43.766651
-105.074195,37.321039
-109.346674,44.822249
-107.951574,39.069693
-122.988702,38.014844
-108.819778,45.4386
-123.564593,45.865659
-106.968065,38.886238
-123.048057,38.33325
-106.261924,38.182393
-106.987823,38.869715
-113.917412,47.81287
-108.334708,37.588344
-106.444746,46.274442
-107.384916,38.816355
-107.384916,38.816355
-113.957882,47.906614
-106.987823,38.869715
-108.953094,39.582548
-107.107823,39.059864
-106.9804099,38.9499258
-107.042711,39.010099
-106.9804099,38.9499258
-107.042711,39.010099
-107.06088,38.990546
-107.296412,38.933717
-106.787475,40.505753
-105.591788,41.349169
-106.834716,38.733419
-110.578925,43.612935
-106.9804099,38.9499258
-106.787475,40.505753
-106.629885,38.537848
-109.47772,45.37303
-106.629885,38.537848
-107.042711,39.010099
-106.987823,38.869715
-106.987823,38.869715
-106.629885,38.537848
-106.997545,39.035823
-106.629885,38.537848
-106.629885,38.537848
-106.997545,39.035823
-105.307524,40.001679
-106.829567,38.537713
-106.987823,38.869715
-105.094984,37.620592
-107.936391,39.06678
-106.313082,40.859697
-107.384916,38.816355
-106.629885,38.537848
-107.27371,38.95261
-106.989768,38.959158
-106.989768,38.901172
-108.536758,38.065825
-106.9804099,38.9499258
-122.961664,38.027427
-106.569732,40.051262
-106.9804099,38.9499258
-108.953094,39.582548
-109.47772,45.37303
-107.042711,39.010099
-109.47772,45.37303
-106.987823,38.71025
-106.9804099,38.9499258
-107.273712,38.95261
-106.9804099,38.9499258
-106.987823,38.869715
-106.719787,40.450275
-110.965081,42.813755
-106.719787,40.450275
-106.629885,38.537848
-106.987823,38.71025
-106.993888,38.922578
-106.313082,40.859697
-106.968065,38.886238
-109.225073,47.169408
-106.834716,38.733419
-106.829567,38.537713
-105.074195,37.321039
-121.533142,45.118361
-106.968065,38.886238
-106.629885,38.537848
-106.9804099,38.9499258
-106.84615,38.69371
-106.968065,38.886238
-106.989768,38.959158
-106.9804099,38.9499258
-107.042711,39.010099
-106.987823,38.869715
-122.988702,38.014844
-106.9804099,38.9499258
-123.663679,39.70489
-106.987823,38.869715
-107.042711,39.010099
-109.47772,45.37303
-123.328019,45.863291
-105.396284,40.119089
-107.384916,38.816355
-122.961664,38.027427
-106.313082,40.859697
-107.273712,38.95261
-109.23289,47.19538
-122.364595,48.170654
-106.987823,38.71025
-106.261924,38.182393
-103.492153,43.955509
-106.629885,38.537848
-106.968065,38.886238
-106.261924,38.182393
-109.25,45.194
-106.629885,38.537848
-123.048057,38.33325
-106.313082,40.859697
-123.133333,49.25
-123.133333,49.25
-122.05515,38.157289
-122.2929,47.185398
-106.987823,38.869715
-106.719787,40.450275
-106.261924,38.182393
-106.993888,38.922578
-107.862037,44.868912
-107.042711,39.010099
-106.313082,40.859697
-106.987823,38.71025
-108.151037,37.274922
-106.9804099,38.9499258
-106.719787,40.450275
-106.989768,38.901172
-106.9804099,38.9499258
-106.830914,40.4868
-103.474362,43.431646
-106.829567,38.537713
-106.313082,40.859697
-106.987823,38.71025
-106.989768,38.959158
-106.261924,38.182393
-106.834716,38.733419
-106.993888,38.922578
-107.042711,39.010099
-106.987823,38.869715
-108.536758,38.065825
-107.862037,44.868912
-106.987823,38.869715
-108.326057,38.960765
-106.787475,40.505753
-106.989768,38.959158
-106.313082,40.859697
-106.989768,38.959158
-122.988702,38.014844
-106.719787,40.450275
-109.636489,45.197112
-122.988702,38.014844
-106.787475,40.505753
-107.9333,39.0667
-105.074195,37.321039
-123.663679,39.70489
-105.074195,37.321039
-106.834716,38.733419
-107.06088,38.990546
-106.829567,38.537713
-106.719787,40.450275
-107.042711,39.010099
-107.3204246,39.5499135
-106.84615,38.69371
-125.026583,58.800348
-106.313082,40.859697
-108.953094,39.582548
-123.383179,42.098586
-107.273712,38.95261
-121.805789,38.004921
-107.042711,39.010099
-107.042711,39.010099
-106.989768,38.959158
-106.987823,38.869715
-122.961664,38.027427
-106.787475,40.505753
-103.746339,43.959349
-106.313082,40.859697
-107.06088,38.990546
-105.591788,41.349169
-106.907899,39.134157
-105.074195,37.321039
-108.151037,37.274922
-107.9333,39.0667
-106.987823,38.71025
-149.730442,61.064503
-106.993888,38.922578
-106.968065,38.886238
-106.629885,38.537848
-107.042711,39.010099
-112.161426,45.864237
-119.816667,49.27189
-107.042711,39.010099
-106.987823,38.869715
-106.987823,38.71025
-107.951574,39.069693
-106.987823,38.71025
-107.042711,39.010099
-106.831029,40.502603
-106.989768,38.901172
-106.719787,40.450275
-106.831029,40.502603
-107.042711,39.010099
-106.719787,40.450275
-106.261924,38.182393
-109.47772,45.37303
-106.987823,38.869715
-106.987823,38.869715
-113.919274,48.148569
-106.829567,38.537713
-106.989768,38.901172
-106.629885,38.537848
-106.987823,38.869715
-106.989768,38.959158
-106.719787,40.450275
-106.261924,38.182393
-111.230085,46.321222
-107.951574,39.069693
-106.719787,40.450275
-122.961664,38.027427
